adduct,collision_energy,hit_coverage_top1,hit_coverage_top10,hit_coverage_top3,hit_massresid_top1,hit_massresid_top10,hit_massresid_top3,hit_spectral_top1,hit_spectral_top10,hit_spectral_top3,hit_uniform_top1,hit_uniform_top10,hit_uniform_top3,in_pool,instrument,n_content_excluded_refs,n_content_excluded_structures,n_pool,n_query_dropped_peaks,n_ref,n_supplied,n_unparseable_mass,predicted,qid,rank_coverage,rank_massresid,rank_spectral,rank_uniform,smiles,status,target_has_ref
[M+H]+,30.0,True,True,True,False,False,False,True,True,True,False,False,False,True,Orbitrap,1,1,256,0,1,256,15,True,CTL-0000,1,80,1,86,COc1cc([C@H](Cc2ccccc2)NC(C)=O)oc(=O)c1,complete,True
[M+H]+,50.0,True,True,True,False,False,False,True,True,True,False,False,False,True,Orbitrap,1,1,256,0,1,256,11,True,CTL-0001,1,39,1,40,C[C@H]1CCCC(=O)CCC/C=C/c2cc(O)cc(O)c2C(=O)O1,complete,True
[M+H]+,,True,True,True,False,False,False,True,True,True,False,False,False,True,missing,1,1,256,0,1,256,12,True,CTL-0002,1,197,1,206,CC1CCCC(=O)CCCC=Cc2cc(O)cc(O)c2C(=O)O1,complete,True
[M+H]+,40.0,True,True,True,False,False,False,True,True,True,False,False,False,True,Orbitrap,1,1,256,0,1,256,46,True,CTL-0003,1,27,1,33,C=CC(C)(C)C1(CC2NC(=O)/C(=C\c3cnc[nH]3)NC2=O)C(=O)N(O)c2ccccc21,complete,True
[M+H]+,10.0,True,True,True,False,False,False,True,True,True,False,False,False,True,Orbitrap,1,1,256,0,1,256,7,True,CTL-0004,1,162,1,167,C[C@@H]1C[C@@H]2O[C@@H]2/C=C\C(=O)CC(=O)O1,complete,True
[M+H]+,20.0,True,True,True,False,False,False,True,True,True,False,False,False,True,Orbitrap,1,1,131,0,2,131,27,True,CTL-0005,1,12,1,16,COC1=CC(=O)c2c(O)c3c(c(O)c2C1=O)CC1(C)OC3C[C@H](C(=O)O)O1,complete,True
[M+H]+,30.0,True,True,True,False,False,False,True,True,True,False,False,False,True,Orbitrap,1,1,256,0,1,256,7,True,CTL-0006,1,124,1,126,CC(=O)O[C@H]1[C@@H]2c3cccc4[nH]cc(c34)C[C@H]2N(C)C[C@@H]1C,complete,True
[M+Na]+,35.0,True,True,True,False,False,False,True,True,True,False,False,False,True,Orbitrap,1,1,55,0,1,55,10,True,CTL-0007,1,39,1,48,CC[C@H](C)[C@H]1C(=O)O[C@H](C(C)C)C(=O)N(C)[C@@H](C(C)C)C(=O)O[C@H](C(C)C)C(=O)N(C)[C@@H](C(C)C)C(=O)O[C@H](C(C)C)C(=O)N1C,complete,True
[M+Na]+,,False,False,False,False,False,False,False,False,False,False,False,False,True,missing,1,1,55,0,0,55,10,False,CTL-0008,32,26,32,32,CCC(C)C1C(=O)OC(C(C)C)C(=O)N(C)C(C(C)C)C(=O)OC(C(C)C)C(=O)N(C)C(C(C)C)C(=O)OC(C(C)C)C(=O)N1C,complete,False
[M+H]+,35.0,True,True,True,False,False,False,True,True,True,False,False,False,True,Orbitrap,1,1,256,0,1,256,33,True,CTL-0009,1,32,1,39,CC(=O)O[C@@H]1[C@@H](O)[C@H]2O[C@@H]3C=C(C)C(=O)[C@@H](O)[C@]3(CO)[C@]1(C)[C@]21CO1,complete,True
[M+H]+,,True,True,True,False,False,False,True,True,True,False,False,False,True,missing,1,1,256,0,1,256,23,True,CTL-0010,1,118,1,129,CC(=O)OC1C(O)C2OC3C=C(C)C(=O)C(O)C3(CO)C1(C)C21CO1,complete,True
[M+H]+,40.0,False,True,False,False,False,False,True,True,True,False,False,False,True,Orbitrap,1,1,256,0,6,256,11,True,CTL-0011,6,231,1,242,COc1cc(O)c2c(O)c3c(=O)cc(C)oc3cc2c1,complete,True
[M+H]+,30.0,False,True,True,False,False,False,True,True,True,False,False,False,True,Orbitrap,1,1,256,0,2,256,19,True,CTL-0012,2,146,1,159,CC1=C[C@H]2O[C@@H]3C[C@H]4OC(=O)/C=C\C=C\[C@@H]([C@H](C)O)OCC/C(C)=C/C(=O)OC[C@@]2(CC1)[C@]4(C)[C@]31CO1,complete,True
[M+H]+,50.0,False,True,False,False,False,False,True,True,True,False,False,False,True,Orbitrap,1,1,256,0,6,256,5,True,CTL-0013,4,177,1,180,COc1cc2c(c3oc(=O)c4c(c13)CCOC4=O)[C@@H]1CCO[C@@H]1O2,complete,True
[M+H]+,10.0,True,True,True,False,False,False,True,True,True,False,False,False,True,Orbitrap,1,1,256,0,1,256,14,True,CTL-0014,1,231,1,244,C[C@@H]1NC(=O)[C@@H](Cc2c[nH]c3ccccc23)n2c1nc1ccccc1c2=O,complete,True
[M+H]+,40.0,True,True,True,False,False,False,True,True,True,False,False,False,True,Orbitrap,1,1,256,0,1,256,12,True,CTL-0015,1,224,1,236,C=CC(C)(C)[C@@]12C[C@@H]3C(=O)N/C(=C\c4cn(C(C)(C)CC(C)=O)cn4)C(=O)N3[C@@H]1Nc1ccccc12,complete,True
[M+Na]+,30.0,True,True,True,False,True,False,True,True,True,False,True,False,True,Orbitrap,1,1,51,0,1,51,8,True,CTL-0016,1,10,1,10,CC(C)[C@H]1C(=O)O[C@H](C(C)C)C(=O)N(C)[C@@H](C(C)C)C(=O)O[C@H](C(C)C)C(=O)N(C)[C@@H](C(C)C)C(=O)O[C@H](C(C)C)C(=O)N1C,complete,True
[M+Na]+,,False,False,False,False,False,False,False,False,False,False,False,False,True,Orbitrap,1,1,51,0,0,51,8,False,CTL-0017,42,35,42,42,CC(C)C1OC(=O)C(C(C)C)N(C)C(=O)C(C(C)C)OC(=O)C(C(C)C)N(C)C(=O)C(C(C)C)OC(=O)C(C(C)C)N(C)C1=O,complete,False
[M+Na]+,55.0,True,True,True,False,False,False,True,True,True,False,False,False,True,Orbitrap,1,1,256,0,1,256,8,True,CTL-0018,1,144,1,148,CC(=O)C12/C=C\C=C/C(=O)OC3CC4OC5C=C(C)CCC5(COC(=O)C5OC5(CCO1)C2O)C3(C)C41CO1,complete,True
[M+H]+,20.0,True,True,True,False,False,False,True,True,True,False,False,False,True,Orbitrap,1,1,256,0,1,256,30,True,CTL-0019,1,138,1,157,CCCCCC[C@@H]1O[C@]23O[C@H]1CC[C@H]2[C@@H](O)CC[C@H]3O,complete,True
[M+H]+,35.0,True,True,True,False,False,False,True,True,True,False,False,False,True,Orbitrap,1,1,256,0,1,256,5,True,CTL-0020,1,23,1,23,CC(=O)OC[C@]12CCC(C)=C[C@H]1O[C@@H]1[C@H](O)[C@@H](OC(C)=O)[C@@]2(C)[C@@]12CO2,complete,True
[M+Na]+,,True,True,True,False,False,False,True,True,True,False,False,False,True,missing,1,1,256,0,1,256,7,True,CTL-0021,1,140,1,145,CC(=O)OCC12CCC(C)=CC1OC1C(O)C(OC(C)=O)C2(C)C12CO2,complete,True
[M+H]+,50.0,True,True,True,False,False,False,True,True,True,False,False,False,True,Orbitrap,1,1,256,0,1,256,17,True,CTL-0022,1,149,1,159,O=c1[nH]c2ccccc2c(-c2ccccc2)c1O,complete,True
[M+H]+,30.0,True,True,True,False,False,False,True,True,True,False,False,False,True,Orbitrap,1,1,256,0,1,256,29,True,CTL-0023,1,73,1,85,CC(=O)OC[C@]12C[C@H](O)C(C)=C[C@H]1O[C@@H]1[C@H](O)[C@@H](OC(C)=O)[C@@]2(C)[C@]12CO2,complete,True
[M+H]+,,True,True,True,False,False,False,True,True,True,False,False,False,True,missing,1,1,256,0,1,256,29,True,CTL-0024,1,14,1,14,CC(=O)OCC12CC(O)C(C)=CC1OC1C(O)C(OC(C)=O)C2(C)C12CO2,complete,True
[M+H]+,55.0,False,True,True,False,False,False,True,True,True,False,False,False,True,Orbitrap,1,1,256,0,3,256,7,True,CTL-0025,2,187,1,192,OCc1cc(O)ccc1O,complete,True
[M+H]+,10.0,True,True,True,False,False,False,True,True,True,False,False,False,True,Orbitrap,1,1,256,0,1,256,9,True,CTL-0026,1,109,1,113,C=C1C[C@@H](O)[C@@H](O)[C@H](C)C(=O)C[C@@H]2[C@H]1CC2(C)C,complete,True
[M+H]+,20.0,False,True,True,False,False,False,True,True,True,False,False,False,True,Orbitrap,1,1,256,0,2,256,32,True,CTL-0027,2,106,1,126,CN1C(=O)c2ccccc2NC(=O)C12O[C@@H]2c1ccccc1,complete,True
[M+H]+,35.0,True,True,True,False,False,False,True,True,True,False,False,False,True,Orbitrap,1,1,72,0,1,72,4,True,CTL-0028,1,27,1,27,CC[C@H](C)[C@H]1C(=O)O[C@H](C(C)C)C(=O)N(C)[C@@H]([C@@H](C)CC)C(=O)O[C@H](C(C)C)C(=O)N(C)[C@@H]([C@@H](C)CC)C(=O)O[C@H](C(C)C)C(=O)N1C,complete,True
[M+Na]+,,True,True,True,False,False,False,True,True,True,False,False,False,True,missing,1,1,72,0,1,72,4,True,CTL-0029,1,50,1,53,CCC(C)C1C(=O)OC(C(C)C)C(=O)N(C)C(C(C)CC)C(=O)OC(C(C)C)C(=O)N(C)C(C(C)CC)C(=O)OC(C(C)C)C(=O)N1C,complete,True
[M+H]+,30.0,True,True,True,False,False,False,True,True,True,False,False,False,True,Orbitrap,1,1,256,0,2,256,11,True,CTL-0030,1,171,1,177,CCOC(=O)C(Cc1ccccc1)NC(=O)c1ccc2c(c1O)C(=O)OC(C)C2,complete,True
[M+Na]+,40.0,False,True,True,False,False,False,True,True,True,False,False,False,True,Orbitrap,1,1,256,0,4,256,12,True,CTL-0031,3,198,1,206,CC1=CC2OC3CC4OC(=O)/C=C\C=C\C5(C(C)O)OCCC6(OC6C(=O)OCC2(CC1)C4(C)C31CO1)C5O,complete,True
[M+H]+,55.0,True,True,True,False,False,False,True,True,True,False,False,False,True,Orbitrap,1,1,256,0,1,256,16,True,CTL-0032,1,59,1,60,CC[C@H](C)[C@@H]1NC(=O)C(C(C)=O)=C1O,complete,True
[M+Na]+,20.0,True,True,True,False,False,False,True,True,True,False,False,False,True,Orbitrap,1,1,256,0,1,256,3,True,CTL-0033,1,143,1,145,CC1=C[C@H]2O[C@@H]3C[C@H]4OC(=O)/C=C/C=C/C(=O)OCC/C(C)=C/C(=O)OC[C@@]2(CC1)[C@]4(C)[C@]31CO1,complete,True
[M+H]+,50.0,True,True,True,False,False,False,True,True,True,False,False,False,True,Orbitrap,1,1,256,0,5,256,2,True,CTL-0034,1,153,1,155,COc1cc(O)c2c(=O)oc3cc(O)cc(C)c3c2c1,complete,True
[M+Na]+,30.0,True,True,True,False,False,False,True,True,True,False,False,False,True,Orbitrap,1,1,256,0,1,256,24,True,CTL-0035,1,175,1,194,C[C@@H]1Cc2c(Cl)cc(C(=O)N[C@@H](Cc3ccccc3)C(=O)O)c(O)c2C(=O)O1,complete,True
[M+H]+,,True,True,True,False,False,False,True,True,True,False,False,False,True,QTOF,1,1,256,0,1,256,28,True,CTL-0036,1,186,1,205,CC1Cc2c(Cl)cc(C(=O)NC(Cc3ccccc3)C(=O)O)c(O)c2C(=O)O1,complete,True
[M+H]+,30.0,True,True,True,False,False,False,True,True,True,False,False,False,True,Orbitrap,1,1,256,0,1,256,7,True,CTL-0037,1,181,1,187,CC1=C2C(=CO[C@H](C)[C@H]2C)C(=O)C(C(=O)O)=C1O,complete,True
[M+H]+,,True,True,True,False,False,False,True,True,True,False,False,False,True,missing,1,1,256,0,1,256,6,True,CTL-0038,1,53,1,53,CC1=C2C(=COC(C)C2C)C(=O)C(C(=O)O)=C1O,complete,True
[M+H]+,30.0,False,True,True,False,False,False,True,True,True,False,False,False,True,Orbitrap,1,1,256,0,2,256,10,True,CTL-0039,2,74,1,79,C=CC(C)(C)[C@@]12C[C@H]3C(=O)N/C(=C/c4cnc[nH]4)C(=O)N3[C@@H]1Nc1ccccc12,complete,True
[M+H]+,35.0,True,True,True,False,True,False,True,True,True,False,True,False,True,Orbitrap,1,1,65,0,2,65,5,True,CTL-0040,1,10,1,10,CC[C@H](C)[C@H]1C(=O)O[C@H](C(C)C)C(=O)N(C)[C@@H]([C@@H](C)CC)C(=O)O[C@H](C(C)C)C(=O)N(C)[C@@H](C(C)C)C(=O)O[C@H](C(C)C)C(=O)N1C,complete,True
[M+Na]+,,False,False,False,False,False,False,False,False,False,False,False,False,True,missing,1,1,65,0,1,65,5,True,CTL-0041,55,50,55,55,CCC(C)C1C(=O)OC(C(C)C)C(=O)N(C)C(C(C)CC)C(=O)OC(C(C)C)C(=O)N(C)C(C(C)C)C(=O)OC(C(C)C)C(=O)N1C,complete,False
[M+H]+,55.0,True,True,True,False,False,False,True,True,True,False,False,False,True,Orbitrap,1,1,256,0,1,256,194,True,CTL-0042,1,21,1,102,CS[C@@H]1NC(=O)[C@](Cc2ccc(O)cc2)(SC)NC1=O,complete,True
[M+H]+,30.0,True,True,True,False,False,False,True,True,True,False,False,False,True,Orbitrap,1,1,256,0,1,256,35,True,CTL-0043,1,121,1,141,C=CC(C)(C)[C@@]12C=C(OC)C(=O)N3/C(=C/c4cnc[nH]4)C(=O)N[C@]31N(OC)c1ccccc12,complete,True
[M+H]+,20.0,False,True,True,False,False,False,True,True,True,False,False,False,True,Orbitrap,1,1,256,0,3,256,16,True,CTL-0044,3,192,1,205,CC[C@H](C)C(=O)O[C@H]1CCC=C2C=C[C@H](C)[C@H](CC[C@@H]3C[C@@H](O)CC(=O)O3)[C@H]21,complete,True
[M+Na]+,,False,True,True,False,False,False,True,True,True,False,False,False,True,Orbitrap,1,1,256,0,2,256,13,True,CTL-0045,2,109,1,115,CCC(C)C(=O)OC1CCC=C2C=CC(C)C(CCC3CC(O)CC(=O)O3)C21,complete,True
[M+H]+,35.0,False,True,True,False,False,False,True,True,True,False,False,False,True,Orbitrap,1,1,256,0,3,256,11,True,CTL-0046,3,176,1,183,CC1=C[C@H]2O[C@@H]3[C@H](O)C[C@](C)([C@@]2(CO)[C@H](O)C1=O)[C@]31CO1,complete,True
[M+H]+,30.0,True,True,True,False,False,False,True,True,True,False,False,False,True,Orbitrap,1,1,256,0,1,256,36,True,CTL-0047,1,51,1,58,C=CC(C)(C)[C@@]12C[C@H](O)C(=O)N3/C(=C/c4cnc[nH]4)C(=O)N[C@]31N(OC)c1ccccc12,complete,True
[M+H]+,30.0,True,True,True,False,False,False,True,True,True,False,False,False,True,Orbitrap,1,1,256,0,1,256,2,True,CTL-0048,1,219,1,221,CC(C)=CCc1[nH]c2ccccc2c1C[C@@H]1NC(=O)[C@@H]2CCCN2C1=O,complete,True
[M+H]+,20.0,False,True,True,False,False,False,True,True,True,False,False,False,True,Orbitrap,1,1,256,0,2,256,8,True,CTL-0049,2,206,1,212,CC(=O)OC[C@]12C(O)C(=O)C(C)=C[C@H]1O[C@@H]1[C@H](OC(C)=O)C[C@@]2(C)[C@]12CO2,complete,True
