qid,smiles,source,query,scope,status,exclusion,scan_completion,n_relaxed_hits,n_gdb_only_hits,n_excluded_hits
TRAINROW-00134,C[C@]1(O)CCOC(=O)C1,train_fit_rows,TRAINROW-00134,subset,out_of_subset_scope,unresolved_subset_numbering,complete,0,0,0
TRAINROW-00144,NCCC[C@H](N)C(=O)O,train_fit_rows,TRAINROW-00144,subset,out_of_subset_scope,unresolved_subset_numbering,complete,0,0,0
TRAINROW-00160,Cc1c[nH]c(=O)[nH]c1=O,train_fit_rows,TRAINROW-00160,subset,out_of_subset_scope,unresolved_subset_numbering,complete,0,0,0
TRAINROW-00196,CC(C)[C@H](N)C(=O)O,train_fit_rows,TRAINROW-00196,subset,out_of_subset_scope,unresolved_subset_numbering,complete,0,0,0
TRAINROW-00197,CC(C)C(N)C(=O)O,train_fit_rows,TRAINROW-00197,subset,out_of_subset_scope,unresolved_subset_numbering,complete,0,0,0
TRAINROW-00217,Cc1cnc(=O)[nH]c1N,train_fit_rows,TRAINROW-00217,subset,out_of_subset_scope,unresolved_subset_numbering,complete,0,0,0
TRAINROW-00221,CN=C(N)N,train_fit_rows,TRAINROW-00221,subset,out_of_subset_scope,unresolved_subset_numbering,complete,0,0,0
TRAINROW-00242,CC(=O)N[C@@H](C)C(=O)O,train_fit_rows,TRAINROW-00242,subset,out_of_subset_scope,unresolved_subset_numbering,complete,0,0,0
TRAINROW-00243,CC(=O)NC(C)C(=O)O,train_fit_rows,TRAINROW-00243,subset,out_of_subset_scope,unresolved_subset_numbering,complete,0,0,0
TRAINROW-00252,COC(=O)CCCN,train_fit_rows,TRAINROW-00252,subset,out_of_subset_scope,unresolved_subset_numbering,complete,0,0,0
TRAINROW-00259,O=C(O)[C@@H]1C[C@@H](O)CN1,train_fit_rows,TRAINROW-00259,subset,out_of_subset_scope,unresolved_subset_numbering,complete,0,0,0
TRAINROW-00260,O=C(O)C1CC(O)CN1,train_fit_rows,TRAINROW-00260,subset,out_of_subset_scope,unresolved_subset_numbering,complete,0,0,0
TRAINROW-00270,Nc1ccnc(=O)[nH]1,train_fit_rows,TRAINROW-00270,subset,out_of_subset_scope,unresolved_subset_numbering,complete,0,0,0
TRAINROW-00271,c1ncc2[nH]cnc2n1,train_fit_rows,TRAINROW-00271,subset,out_of_subset_scope,unresolved_subset_numbering,complete,0,0,0
TRAINROW-00278,NC(=O)C[C@H](N)C(=O)O,train_fit_rows,TRAINROW-00278,subset,out_of_subset_scope,unresolved_subset_numbering,complete,0,0,0
TRAINROW-00310,CNCC(=O)O,train_fit_rows,TRAINROW-00310,subset,out_of_subset_scope,unresolved_subset_numbering,complete,0,0,0
TRAINROW-00324,CCC[C@@H](N)C(=O)O,train_fit_rows,TRAINROW-00324,subset,out_of_subset_scope,unresolved_subset_numbering,complete,0,0,0
TRAINROW-00336,c1ccc2n[nH]nc2c1,train_fit_rows,TRAINROW-00336,subset,out_of_subset_scope,unresolved_subset_numbering,complete,0,0,0
TRAINROW-00339,CN(CC(=O)O)C(=N)N,train_fit_rows,TRAINROW-00339,subset,out_of_subset_scope,unresolved_subset_numbering,complete,0,0,0
TRAINROW-00343,NCCC[C@@H](N)C(=O)O,train_fit_rows,TRAINROW-00343,subset,out_of_subset_scope,unresolved_subset_numbering,complete,0,0,0
TRAINROW-00346,NCCCCN,train_fit_rows,TRAINROW-00346,subset,out_of_subset_scope,unresolved_subset_numbering,complete,0,0,0
TRAINROW-00366,CC[C@H](C)[C@H](N)C(=O)O,train_fit_rows,TRAINROW-00366,subset,out_of_subset_scope,unresolved_subset_numbering,complete,0,0,0
TRAINROW-00367,CCC(C)C(N)C(=O)O,train_fit_rows,TRAINROW-00367,subset,out_of_subset_scope,unresolved_subset_numbering,complete,0,0,0
TRAINROW-00373,O=C(O)[C@@H]1CCCN1,train_fit_rows,TRAINROW-00373,subset,out_of_subset_scope,unresolved_subset_numbering,complete,0,0,0
TRAINROW-00374,O=C(O)C1CCCN1,train_fit_rows,TRAINROW-00374,subset,out_of_subset_scope,unresolved_subset_numbering,complete,0,0,0
TRAINROW-00376,N[C@@H](CCO)C(=O)O,train_fit_rows,TRAINROW-00376,subset,out_of_subset_scope,unresolved_subset_numbering,complete,0,0,0
TRAINROW-00377,NC(CCO)C(=O)O,train_fit_rows,TRAINROW-00377,subset,out_of_subset_scope,unresolved_subset_numbering,complete,0,0,0
TRAINROW-00443,CN(C)c1ccncc1,train_fit_rows,TRAINROW-00443,subset,out_of_subset_scope,unresolved_subset_numbering,complete,0,0,0
TRAINROW-00460,NCCc1ccccc1,train_fit_rows,TRAINROW-00460,subset,out_of_subset_scope,unresolved_subset_numbering,complete,0,0,0
TRAINROW-00546,Nc1nc(N)nc(N)n1,train_fit_rows,TRAINROW-00546,subset,out_of_subset_scope,unresolved_subset_numbering,complete,0,0,0
TRAINROW-00617,N=C(N)c1ccccc1,train_fit_rows,TRAINROW-00617,subset,out_of_subset_scope,unresolved_subset_numbering,complete,0,0,0
TRAINROW-00626,CN1CCN(C)C1=O,train_fit_rows,TRAINROW-00626,subset,out_of_subset_scope,unresolved_subset_numbering,complete,0,0,0
TRAINROW-00729,NCCN1CCNCC1,train_fit_rows,TRAINROW-00729,subset,out_of_subset_scope,unresolved_subset_numbering,complete,0,0,0
TRAINROW-00825,c1nc[nH]n1,train_fit_rows,TRAINROW-00825,subset,out_of_subset_scope,unresolved_subset_numbering,complete,0,0,0
TRAINROW-00832,CN1CC(=O)NC1=N,train_fit_rows,TRAINROW-00832,subset,out_of_subset_scope,unresolved_subset_numbering,complete,0,0,0
TRAINROW-00861,NC(=O)C1CCNCC1,train_fit_rows,TRAINROW-00861,subset,out_of_subset_scope,unresolved_subset_numbering,complete,0,0,0
TRAINROW-00929,NCCc1cnc[nH]1,train_fit_rows,TRAINROW-00929,subset,out_of_subset_scope,unresolved_subset_numbering,complete,0,0,0
TRAINROW-00933,Nc1ncn[nH]1,train_fit_rows,TRAINROW-00933,subset,out_of_subset_scope,unresolved_subset_numbering,complete,0,0,0
TRAINROW-00941,CN(C)C(=N)N=C(N)N,train_fit_rows,TRAINROW-00941,subset,out_of_subset_scope,unresolved_subset_numbering,complete,0,0,0
TRAINROW-00953,CN1CCCC1=O,train_fit_rows,TRAINROW-00953,subset,out_of_subset_scope,unresolved_subset_numbering,complete,0,0,0
TRAINROW-00977,NCCCCN=C(N)N,train_fit_rows,TRAINROW-00977,subset,out_of_subset_scope,unresolved_subset_numbering,complete,0,0,0
TRAINROW-01006,NC1CCCCC1,train_fit_rows,TRAINROW-01006,subset,out_of_subset_scope,unresolved_subset_numbering,complete,0,0,0
TRAINROW-01011,COCCOCCOC,train_fit_rows,TRAINROW-01011,subset,out_of_subset_scope,unresolved_subset_numbering,complete,0,0,0
TRAINROW-01037,C=C(C)C(N)=O,train_fit_rows,TRAINROW-01037,subset,out_of_subset_scope,unresolved_subset_numbering,complete,0,0,0
TRAINROW-01065,Nc1[nH]c(=O)ncc1F,train_fit_rows,TRAINROW-01065,subset,out_of_subset_scope,unresolved_subset_numbering,complete,0,0,0
TRAINROW-01081,NC(=O)C1CCCN1,train_fit_rows,TRAINROW-01081,subset,out_of_subset_scope,unresolved_subset_numbering,complete,0,0,0
TRAINROW-01082,NC(=O)N=C(N)N,train_fit_rows,TRAINROW-01082,subset,out_of_subset_scope,unresolved_subset_numbering,complete,0,0,0
TRAINROW-01092,Nc1ccccn1,train_fit_rows,TRAINROW-01092,subset,out_of_subset_scope,unresolved_subset_numbering,complete,0,0,0
TRAINROW-01167,Cc1cnc(C)c(C)n1,train_fit_rows,TRAINROW-01167,subset,out_of_subset_scope,unresolved_subset_numbering,complete,0,0,0
TRAINROW-01239,Cc1ccc(N)cc1N,train_fit_rows,TRAINROW-01239,subset,out_of_subset_scope,unresolved_subset_numbering,complete,0,0,0
TRAINROW-01247,CCNC1CCCCC1,train_fit_rows,TRAINROW-01247,subset,out_of_subset_scope,unresolved_subset_numbering,complete,0,0,0
TRAINROW-01263,NC(=O)c1ccccc1,train_fit_rows,TRAINROW-01263,subset,out_of_subset_scope,unresolved_subset_numbering,complete,0,0,0
TRAINROW-01355,COc1ccc(O)cc1,train_fit_rows,TRAINROW-01355,subset,out_of_subset_scope,unresolved_subset_numbering,complete,0,0,0
TRAINROW-01478,CC1(C)NC(=O)NC1=O,train_fit_rows,TRAINROW-01478,subset,out_of_subset_scope,unresolved_subset_numbering,complete,0,0,0
TRAINROW-01504,Cc1cc(N)no1,train_fit_rows,TRAINROW-01504,subset,out_of_subset_scope,unresolved_subset_numbering,complete,0,0,0
TRAINROW-01533,O=C1CCCCCN1,train_fit_rows,TRAINROW-01533,subset,out_of_subset_scope,unresolved_subset_numbering,complete,0,0,0
TRAINROW-01572,Oc1ccc(O)cc1,train_fit_rows,TRAINROW-01572,subset,out_of_subset_scope,unresolved_subset_numbering,complete,0,0,0
TRAINROW-01590,O=C(O)c1ccccc1,train_fit_rows,TRAINROW-01590,subset,out_of_subset_scope,unresolved_subset_numbering,complete,0,0,0
TRAINROW-01615,Oc1ccccc1,train_fit_rows,TRAINROW-01615,subset,out_of_subset_scope,unresolved_subset_numbering,complete,0,0,0
TRAINROW-01628,C[C@H](O)[C@@H](N)C(=O)O,train_fit_rows,TRAINROW-01628,subset,out_of_subset_scope,unresolved_subset_numbering,complete,0,0,0
TRAINROW-01645,CCCC[C@H](N)C(=O)O,train_fit_rows,TRAINROW-01645,subset,out_of_subset_scope,unresolved_subset_numbering,complete,0,0,0
TRAINROW-01646,CCCCC(N)C(=O)O,train_fit_rows,TRAINROW-01646,subset,out_of_subset_scope,unresolved_subset_numbering,complete,0,0,0
TRAINROW-01654,Oc1ccccc1O,train_fit_rows,TRAINROW-01654,subset,out_of_subset_scope,unresolved_subset_numbering,complete,0,0,0
TRAINROW-01661,CC(C)CC(=O)O,train_fit_rows,TRAINROW-01661,subset,out_of_subset_scope,unresolved_subset_numbering,complete,0,0,0
TRAINROW-01669,CC(C)(C)[C@H](N)C(=O)O,train_fit_rows,TRAINROW-01669,subset,out_of_subset_scope,unresolved_subset_numbering,complete,0,0,0
TRAINROW-01689,CC(C)C[C@H](N)C(=O)O,train_fit_rows,TRAINROW-01689,subset,out_of_subset_scope,unresolved_subset_numbering,complete,0,0,0
TRAINROW-01690,CC(C)CC(N)C(=O)O,train_fit_rows,TRAINROW-01690,subset,out_of_subset_scope,unresolved_subset_numbering,complete,0,0,0
TRAINROW-01695,C[C@H](N)C(=O)O,train_fit_rows,TRAINROW-01695,subset,out_of_subset_scope,unresolved_subset_numbering,complete,0,0,0
TRAINROW-01706,NCC(=O)O,train_fit_rows,TRAINROW-01706,subset,out_of_subset_scope,unresolved_subset_numbering,complete,0,0,0
TRAINROW-01707,N[C@@H](CC(=O)O)C(=O)O,train_fit_rows,TRAINROW-01707,subset,out_of_subset_scope,unresolved_subset_numbering,complete,0,0,0
TRAINROW-01708,NC(CC(=O)O)C(=O)O,train_fit_rows,TRAINROW-01708,subset,out_of_subset_scope,unresolved_subset_numbering,complete,0,0,0
TRAINROW-01710,CC(C)CCC(=O)O,train_fit_rows,TRAINROW-01710,subset,out_of_subset_scope,unresolved_subset_numbering,complete,0,0,0
TRAINROW-01730,NC(=O)c1cccnc1,train_fit_rows,TRAINROW-01730,subset,out_of_subset_scope,unresolved_subset_numbering,complete,0,0,0
TRAINROW-01743,N[C@@H](CO)C(=O)O,train_fit_rows,TRAINROW-01743,subset,out_of_subset_scope,unresolved_subset_numbering,complete,0,0,0
TRAINROW-01744,NC(CO)C(=O)O,train_fit_rows,TRAINROW-01744,subset,out_of_subset_scope,unresolved_subset_numbering,complete,0,0,0
TRAINROW-01778,Nc1ccc(F)cc1,train_fit_rows,TRAINROW-01778,subset,out_of_subset_scope,unresolved_subset_numbering,complete,0,0,0
TRAINROW-01781,Cc1cc(C)nc(C)c1,train_fit_rows,TRAINROW-01781,subset,out_of_subset_scope,unresolved_subset_numbering,complete,0,0,0
TRAINROW-01789,Cc1cccc(C)n1,train_fit_rows,TRAINROW-01789,subset,out_of_subset_scope,unresolved_subset_numbering,complete,0,0,0
TRAINROW-01790,O=NN1CCOCC1,train_fit_rows,TRAINROW-01790,subset,out_of_subset_scope,unresolved_subset_numbering,complete,0,0,0
TRAINROW-01799,c1ccc2c(c1)CCN2,train_fit_rows,TRAINROW-01799,subset,out_of_subset_scope,unresolved_subset_numbering,complete,0,0,0
TRAINROW-01801,Cc1ccn[nH]1,train_fit_rows,TRAINROW-01801,subset,out_of_subset_scope,unresolved_subset_numbering,complete,0,0,0
TRAINROW-01805,Nc1ccc(O)cc1,train_fit_rows,TRAINROW-01805,subset,out_of_subset_scope,unresolved_subset_numbering,complete,0,0,0
TRAINROW-01812,C1COCCN1,train_fit_rows,TRAINROW-01812,subset,out_of_subset_scope,unresolved_subset_numbering,complete,0,0,0
TRAINROW-01813,Cc1cccc(C)c1N,train_fit_rows,TRAINROW-01813,subset,out_of_subset_scope,unresolved_subset_numbering,complete,0,0,0
TRAINROW-01817,NCc1ccccc1,train_fit_rows,TRAINROW-01817,subset,out_of_subset_scope,unresolved_subset_numbering,complete,0,0,0
TRAINROW-01818,Oc1cccnc1,train_fit_rows,TRAINROW-01818,subset,out_of_subset_scope,unresolved_subset_numbering,complete,0,0,0
TRAINROW-01824,c1ccncc1,train_fit_rows,TRAINROW-01824,subset,out_of_subset_scope,unresolved_subset_numbering,complete,0,0,0
TRAINROW-01829,Cc1ccncn1,train_fit_rows,TRAINROW-01829,subset,out_of_subset_scope,unresolved_subset_numbering,complete,0,0,0
TRAINROW-01830,Cc1cccnn1,train_fit_rows,TRAINROW-01830,subset,out_of_subset_scope,unresolved_subset_numbering,complete,0,0,0
TRAINROW-01833,C1CCNCC1,train_fit_rows,TRAINROW-01833,subset,out_of_subset_scope,unresolved_subset_numbering,complete,0,0,0
TRAINROW-01845,c1ccc2[nH]ncc2c1,train_fit_rows,TRAINROW-01845,subset,out_of_subset_scope,unresolved_subset_numbering,complete,0,0,0
TRAINROW-01846,Nc1ccccc1,train_fit_rows,TRAINROW-01846,subset,out_of_subset_scope,unresolved_subset_numbering,complete,0,0,0
TRAINROW-01853,c1ccc2[nH]cnc2c1,train_fit_rows,TRAINROW-01853,subset,out_of_subset_scope,unresolved_subset_numbering,complete,0,0,0
TRAINROW-01860,Nc1ccccc1O,train_fit_rows,TRAINROW-01860,subset,out_of_subset_scope,unresolved_subset_numbering,complete,0,0,0
TRAINROW-01864,CCCCN,train_fit_rows,TRAINROW-01864,subset,out_of_subset_scope,unresolved_subset_numbering,complete,0,0,0
TRAINROW-01867,Cc1ncc[nH]1,train_fit_rows,TRAINROW-01867,subset,out_of_subset_scope,unresolved_subset_numbering,complete,0,0,0
TRAINROW-01876,c1c[nH]cn1,train_fit_rows,TRAINROW-01876,subset,out_of_subset_scope,unresolved_subset_numbering,complete,0,0,0
TRAINROW-01877,CNc1ccccc1,train_fit_rows,TRAINROW-01877,subset,out_of_subset_scope,unresolved_subset_numbering,complete,0,0,0
TRAINROW-01935,CCCN(CCC)N=O,train_fit_rows,TRAINROW-01935,subset,out_of_subset_scope,unresolved_subset_numbering,complete,0,0,0
TRAINROW-01975,C=CC(N)CCC(=O)O,train_fit_rows,TRAINROW-01975,subset,out_of_subset_scope,unresolved_subset_numbering,complete,0,0,0
TRAINROW-02009,O=NN1CCNCC1,train_fit_rows,TRAINROW-02009,subset,out_of_subset_scope,unresolved_subset_numbering,complete,0,0,0
TRAINROW-02045,Nc1nc(=O)[nH]c(=O)[nH]1,train_fit_rows,TRAINROW-02045,subset,out_of_subset_scope,unresolved_subset_numbering,complete,0,0,0
TRAINROW-02053,CCN(C)N=O,train_fit_rows,TRAINROW-02053,subset,out_of_subset_scope,unresolved_subset_numbering,complete,0,0,0
TRAINROW-02082,CN(C)N=O,train_fit_rows,TRAINROW-02082,subset,out_of_subset_scope,unresolved_subset_numbering,complete,0,0,0
TRAINROW-02099,CCN(CC)N=O,train_fit_rows,TRAINROW-02099,subset,out_of_subset_scope,unresolved_subset_numbering,complete,0,0,0
TRAINROW-02109,O=c1[nH]cc(F)c(=O)[nH]1,train_fit_rows,TRAINROW-02109,subset,out_of_subset_scope,unresolved_subset_numbering,complete,0,0,0
TRAINROW-02128,Cc1ccc(N)c(C)c1,train_fit_rows,TRAINROW-02128,subset,out_of_subset_scope,unresolved_subset_numbering,complete,0,0,0
TRAINROW-02176,O=NN1CCCCC1,train_fit_rows,TRAINROW-02176,subset,out_of_subset_scope,unresolved_subset_numbering,complete,0,0,0
TRAINROW-02180,O=c1cn[nH][nH]1,train_fit_rows,TRAINROW-02180,subset,out_of_subset_scope,unresolved_subset_numbering,complete,0,0,0
TRAINROW-02185,CCCCNC(C)C,train_fit_rows,TRAINROW-02185,subset,out_of_subset_scope,unresolved_subset_numbering,complete,0,0,0
TRAINROW-02186,CCCCCC(C)N,train_fit_rows,TRAINROW-02186,subset,out_of_subset_scope,unresolved_subset_numbering,complete,0,0,0
TRAINROW-02189,CC(C)NC(C)(C)C,train_fit_rows,TRAINROW-02189,subset,out_of_subset_scope,unresolved_subset_numbering,complete,0,0,0
TRAINROW-02262,O=NN1CCCC1,train_fit_rows,TRAINROW-02262,subset,out_of_subset_scope,unresolved_subset_numbering,complete,0,0,0
TRAINROW-02389,O=C1CCC=NC1=O,train_fit_rows,TRAINROW-02389,subset,out_of_subset_scope,unresolved_subset_numbering,complete,0,0,0
TRAINROW-02398,OCCN1CCOCC1,train_fit_rows,TRAINROW-02398,subset,out_of_subset_scope,unresolved_subset_numbering,complete,0,0,0
TRAINROW-02418,CC(=O)CC(=O)N(C)C,train_fit_rows,TRAINROW-02418,subset,out_of_subset_scope,unresolved_subset_numbering,complete,0,0,0
TRAINROW-02421,NC1CCCCC1N,train_fit_rows,TRAINROW-02421,subset,out_of_subset_scope,unresolved_subset_numbering,complete,0,0,0
TRAINROW-02436,NC1=NC(=O)CC(=O)N1,train_fit_rows,TRAINROW-02436,subset,out_of_subset_scope,unresolved_subset_numbering,complete,0,0,0
TRAINROW-02438,Cc1cccc(N)n1,train_fit_rows,TRAINROW-02438,subset,out_of_subset_scope,unresolved_subset_numbering,complete,0,0,0
TRAINROW-02439,CC(=O)C=O,train_fit_rows,TRAINROW-02439,subset,out_of_subset_scope,unresolved_subset_numbering,complete,0,0,0
TRAINROW-02454,N#CN=C(N)N,train_fit_rows,TRAINROW-02454,subset,out_of_subset_scope,unresolved_subset_numbering,complete,0,0,0
TRAINROW-02456,Nc1cccnc1N,train_fit_rows,TRAINROW-02456,subset,out_of_subset_scope,unresolved_subset_numbering,complete,0,0,0
TRAINROW-02461,OCCN1CCNCC1,train_fit_rows,TRAINROW-02461,subset,out_of_subset_scope,unresolved_subset_numbering,complete,0,0,0
TRAINROW-02462,NCCOCCO,train_fit_rows,TRAINROW-02462,subset,out_of_subset_scope,unresolved_subset_numbering,complete,0,0,0
TRAINROW-02463,CCC(C)NC(N)=O,train_fit_rows,TRAINROW-02463,subset,out_of_subset_scope,unresolved_subset_numbering,complete,0,0,0
TRAINROW-02467,CCN(CCO)CCO,train_fit_rows,TRAINROW-02467,subset,out_of_subset_scope,unresolved_subset_numbering,complete,0,0,0
TRAINROW-02469,Cn1ccnc1,train_fit_rows,TRAINROW-02469,subset,out_of_subset_scope,unresolved_subset_numbering,complete,0,0,0
TRAINROW-02471,CC(O)CNCC(C)O,train_fit_rows,TRAINROW-02471,subset,out_of_subset_scope,unresolved_subset_numbering,complete,0,0,0
TRAINROW-02482,CC(C)CC#N,train_fit_rows,TRAINROW-02482,subset,out_of_subset_scope,unresolved_subset_numbering,complete,0,0,0
TRAINROW-02483,Cc1ccc(N)cc1,train_fit_rows,TRAINROW-02483,subset,out_of_subset_scope,unresolved_subset_numbering,complete,0,0,0
TRAINROW-02485,O=CN(CCO)CCO,train_fit_rows,TRAINROW-02485,subset,out_of_subset_scope,unresolved_subset_numbering,complete,0,0,0
TRAINROW-02486,CCc1ncc(C)[nH]1,train_fit_rows,TRAINROW-02486,subset,out_of_subset_scope,unresolved_subset_numbering,complete,0,0,0
TRAINROW-02491,N#CCCNCCC#N,train_fit_rows,TRAINROW-02491,subset,out_of_subset_scope,unresolved_subset_numbering,complete,0,0,0
TRAINROW-02496,C1CCCNCC1,train_fit_rows,TRAINROW-02496,subset,out_of_subset_scope,unresolved_subset_numbering,complete,0,0,0
TRAINROW-02509,O=c1cc(O)cc[nH]1,train_fit_rows,TRAINROW-02509,subset,out_of_subset_scope,unresolved_subset_numbering,complete,0,0,0
TRAINROW-02517,Nc1cccc(N)n1,train_fit_rows,TRAINROW-02517,subset,out_of_subset_scope,unresolved_subset_numbering,complete,0,0,0
TRAINROW-02526,Nc1cccc(N)c1,train_fit_rows,TRAINROW-02526,subset,out_of_subset_scope,unresolved_subset_numbering,complete,0,0,0
TRAINROW-02534,CC(C)(N)CO,train_fit_rows,TRAINROW-02534,subset,out_of_subset_scope,unresolved_subset_numbering,complete,0,0,0
TRAINROW-02538,OCCc1ccccn1,train_fit_rows,TRAINROW-02538,subset,out_of_subset_scope,unresolved_subset_numbering,complete,0,0,0
TRAINROW-02540,COc1ccc(N)cc1,train_fit_rows,TRAINROW-02540,subset,out_of_subset_scope,unresolved_subset_numbering,complete,0,0,0
TRAINROW-02553,C1CN2CCN1CC2,train_fit_rows,TRAINROW-02553,subset,out_of_subset_scope,unresolved_subset_numbering,complete,0,0,0
TRAINROW-02561,CCN(CC)CCO,train_fit_rows,TRAINROW-02561,subset,out_of_subset_scope,unresolved_subset_numbering,complete,0,0,0
TRAINROW-02568,Cc1ccc(N)c(N)c1,train_fit_rows,TRAINROW-02568,subset,out_of_subset_scope,unresolved_subset_numbering,complete,0,0,0
TRAINROW-02576,COCCCN,train_fit_rows,TRAINROW-02576,subset,out_of_subset_scope,unresolved_subset_numbering,complete,0,0,0
TRAINROW-02577,CCN1CCCC1=O,train_fit_rows,TRAINROW-02577,subset,out_of_subset_scope,unresolved_subset_numbering,complete,0,0,0
TRAINROW-02588,CC(C)(C)NC(N)=O,train_fit_rows,TRAINROW-02588,subset,out_of_subset_scope,unresolved_subset_numbering,complete,0,0,0
TRAINROW-02589,Cc1ccccc1C=O,train_fit_rows,TRAINROW-02589,subset,out_of_subset_scope,unresolved_subset_numbering,complete,0,0,0
TRAINROW-02597,CCCCNC(N)=O,train_fit_rows,TRAINROW-02597,subset,out_of_subset_scope,unresolved_subset_numbering,complete,0,0,0
TRAINROW-02605,NN=C(N)N,train_fit_rows,TRAINROW-02605,subset,out_of_subset_scope,unresolved_subset_numbering,complete,0,0,0
TRAINROW-02610,Nc1cccnc1,train_fit_rows,TRAINROW-02610,subset,out_of_subset_scope,unresolved_subset_numbering,complete,0,0,0
TRAINROW-02612,CC1CNCC(C)O1,train_fit_rows,TRAINROW-02612,subset,out_of_subset_scope,unresolved_subset_numbering,complete,0,0,0
TRAINROW-02620,NCCCCCCN,train_fit_rows,TRAINROW-02620,subset,out_of_subset_scope,unresolved_subset_numbering,complete,0,0,0
TRAINROW-02623,CCCC(C)=O,train_fit_rows,TRAINROW-02623,subset,out_of_subset_scope,unresolved_subset_numbering,complete,0,0,0
TRAINROW-02625,OCc1ncccc1O,train_fit_rows,TRAINROW-02625,subset,out_of_subset_scope,unresolved_subset_numbering,complete,0,0,0
TRAINROW-02628,CC(C)(C)NCCO,train_fit_rows,TRAINROW-02628,subset,out_of_subset_scope,unresolved_subset_numbering,complete,0,0,0
TRAINROW-02633,CN(C)C(C)(C)CO,train_fit_rows,TRAINROW-02633,subset,out_of_subset_scope,unresolved_subset_numbering,complete,0,0,0
TRAINROW-02647,C=CN1CCCC1=O,train_fit_rows,TRAINROW-02647,subset,out_of_subset_scope,unresolved_subset_numbering,complete,0,0,0
TRAINROW-02649,OCCc1ccncc1,train_fit_rows,TRAINROW-02649,subset,out_of_subset_scope,unresolved_subset_numbering,complete,0,0,0
TRAINROW-02651,CC1CC(=O)N=N1,train_fit_rows,TRAINROW-02651,subset,out_of_subset_scope,unresolved_subset_numbering,complete,0,0,0
TRAINROW-02653,O=C1CCCN1CCO,train_fit_rows,TRAINROW-02653,subset,out_of_subset_scope,unresolved_subset_numbering,complete,0,0,0
TRAINROW-02655,Cc1ccc(N)cc1O,train_fit_rows,TRAINROW-02655,subset,out_of_subset_scope,unresolved_subset_numbering,complete,0,0,0
TRAINROW-02658,COc1c[nH]ccc1=O,train_fit_rows,TRAINROW-02658,subset,out_of_subset_scope,unresolved_subset_numbering,complete,0,0,0
TRAINROW-02664,C=Cc1ccncc1,train_fit_rows,TRAINROW-02664,subset,out_of_subset_scope,unresolved_subset_numbering,complete,0,0,0
TRAINROW-02665,Nn1cnnc1,train_fit_rows,TRAINROW-02665,subset,out_of_subset_scope,unresolved_subset_numbering,complete,0,0,0
TRAINROW-02692,CCNCC,train_fit_rows,TRAINROW-02692,subset,out_of_subset_scope,unresolved_subset_numbering,complete,0,0,0
TRAINROW-02693,CC(=O)NCCO,train_fit_rows,TRAINROW-02693,subset,out_of_subset_scope,unresolved_subset_numbering,complete,0,0,0
TRAINROW-02694,O=C1CCCC(=O)C1,train_fit_rows,TRAINROW-02694,subset,out_of_subset_scope,unresolved_subset_numbering,complete,0,0,0
TRAINROW-02696,Cc1ccc(O)cn1,train_fit_rows,TRAINROW-02696,subset,out_of_subset_scope,unresolved_subset_numbering,complete,0,0,0
TRAINROW-02702,NCCN1CCOCC1,train_fit_rows,TRAINROW-02702,subset,out_of_subset_scope,unresolved_subset_numbering,complete,0,0,0
TRAINROW-02704,CNCCO,train_fit_rows,TRAINROW-02704,subset,out_of_subset_scope,unresolved_subset_numbering,complete,0,0,0
TRAINROW-02714,CC(O)CN,train_fit_rows,TRAINROW-02714,subset,out_of_subset_scope,unresolved_subset_numbering,complete,0,0,0
TRAINROW-02715,CCc1ccccc1N,train_fit_rows,TRAINROW-02715,subset,out_of_subset_scope,unresolved_subset_numbering,complete,0,0,0
TRAINROW-02726,CNC(=O)CC(C)=O,train_fit_rows,TRAINROW-02726,subset,out_of_subset_scope,unresolved_subset_numbering,complete,0,0,0
TRAINROW-02735,Cc1cccc(N)c1N,train_fit_rows,TRAINROW-02735,subset,out_of_subset_scope,unresolved_subset_numbering,complete,0,0,0
TRAINROW-03074,O=C(O)c1cccnc1,train_fit_rows,TRAINROW-03074,subset,out_of_subset_scope,unresolved_subset_numbering,complete,0,0,0
TRAINROW-03231,NCCCC(=O)O,train_fit_rows,TRAINROW-03231,subset,out_of_subset_scope,unresolved_subset_numbering,complete,0,0,0
TRAINROW-03242,CC(O)C(N)C(=O)O,train_fit_rows,TRAINROW-03242,subset,out_of_subset_scope,unresolved_subset_numbering,complete,0,0,0
TRAINROW-03243,C[C@@H](O)[C@H](N)C(=O)O,train_fit_rows,TRAINROW-03243,subset,out_of_subset_scope,unresolved_subset_numbering,complete,0,0,0
TRAINROW-03249,O=C(O)[C@@H]1CC(O)CN1,train_fit_rows,TRAINROW-03249,subset,out_of_subset_scope,unresolved_subset_numbering,complete,0,0,0
TRAINROW-03251,CC[C@@H](N)C(=O)O,train_fit_rows,TRAINROW-03251,subset,out_of_subset_scope,unresolved_subset_numbering,complete,0,0,0
TRAINROW-03266,CCC[C@H]1CCCCN1,train_fit_rows,TRAINROW-03266,subset,out_of_subset_scope,unresolved_subset_numbering,complete,0,0,0
TRAINROW-03522,O=c1cc[nH]c(=O)[nH]1,train_fit_rows,TRAINROW-03522,subset,out_of_subset_scope,unresolved_subset_numbering,complete,0,0,0
TRAINROW-03525,O=C(O)c1ccncc1,train_fit_rows,TRAINROW-03525,subset,out_of_subset_scope,unresolved_subset_numbering,complete,0,0,0
TRAINROW-03616,NCCCCCC(=O)O,train_fit_rows,TRAINROW-03616,subset,out_of_subset_scope,unresolved_subset_numbering,complete,0,0,0
TRAINROW-03652,CCCC1CCCCN1,train_fit_rows,TRAINROW-03652,subset,out_of_subset_scope,unresolved_subset_numbering,complete,0,0,0
TRAINROW-03689,CN(C)CC(=O)O,train_fit_rows,TRAINROW-03689,subset,out_of_subset_scope,unresolved_subset_numbering,complete,0,0,0
TRAINROW-03701,NC(CO)CC(=O)O,train_fit_rows,TRAINROW-03701,subset,out_of_subset_scope,unresolved_subset_numbering,complete,0,0,0
TRAINROW-03715,O=C(O)CC1CCCN1,train_fit_rows,TRAINROW-03715,subset,out_of_subset_scope,unresolved_subset_numbering,complete,0,0,0
TRAINROW-03734,O=C(O)C1CCCCN1,train_fit_rows,TRAINROW-03734,subset,out_of_subset_scope,unresolved_subset_numbering,complete,0,0,0
TRAINROW-03745,Cn1cnc(CCN)c1,train_fit_rows,TRAINROW-03745,subset,out_of_subset_scope,unresolved_subset_numbering,complete,0,0,0
TRAINROW-03761,NCCCCCN,train_fit_rows,TRAINROW-03761,subset,out_of_subset_scope,unresolved_subset_numbering,complete,0,0,0
TRAINROW-03762,NCC(=O)NCC(=O)O,train_fit_rows,TRAINROW-03762,subset,out_of_subset_scope,unresolved_subset_numbering,complete,0,0,0
TRAINROW-03794,CN(C)C=O,train_fit_rows,TRAINROW-03794,subset,out_of_subset_scope,unresolved_subset_numbering,complete,0,0,0
TRAINROW-03810,C[C@H](O)[C@H](N)C(=O)O,train_fit_rows,TRAINROW-03810,subset,out_of_subset_scope,unresolved_subset_numbering,complete,0,0,0
TRAINROW-03817,NCCC(=O)O,train_fit_rows,TRAINROW-03817,subset,out_of_subset_scope,unresolved_subset_numbering,complete,0,0,0
TRAINROW-03880,c1ccc2[nH]ccc2c1,train_fit_rows,TRAINROW-03880,subset,out_of_subset_scope,unresolved_subset_numbering,complete,0,0,0
TRAINROW-03889,CC(N)(CO)C(=O)O,train_fit_rows,TRAINROW-03889,subset,out_of_subset_scope,unresolved_subset_numbering,complete,0,0,0
TRAINROW-03901,CCC[C@H](N)C(=O)O,train_fit_rows,TRAINROW-03901,subset,out_of_subset_scope,unresolved_subset_numbering,complete,0,0,0
TRAINROW-03902,CCCC(N)C(=O)O,train_fit_rows,TRAINROW-03902,subset,out_of_subset_scope,unresolved_subset_numbering,complete,0,0,0
TRAINROW-03906,CC(CN)C(=O)O,train_fit_rows,TRAINROW-03906,subset,out_of_subset_scope,unresolved_subset_numbering,complete,0,0,0
TRAINROW-03913,O=C1CCC(C(=O)O)N1,train_fit_rows,TRAINROW-03913,subset,out_of_subset_scope,unresolved_subset_numbering,complete,0,0,0
TRAINROW-03921,CCCCCCN,train_fit_rows,TRAINROW-03921,subset,out_of_subset_scope,unresolved_subset_numbering,complete,0,0,0
TRAINROW-03925,NC(N)=NCC(=O)O,train_fit_rows,TRAINROW-03925,subset,out_of_subset_scope,unresolved_subset_numbering,complete,0,0,0
TRAINROW-03933,O=C1CC[C@@H](C(=O)O)N1,train_fit_rows,TRAINROW-03933,subset,out_of_subset_scope,unresolved_subset_numbering,complete,0,0,0
TRAINROW-03943,CC(=O)NCCCCN,train_fit_rows,TRAINROW-03943,subset,out_of_subset_scope,unresolved_subset_numbering,complete,0,0,0
TRAINROW-03954,CCC(N)C(=O)O,train_fit_rows,TRAINROW-03954,subset,out_of_subset_scope,unresolved_subset_numbering,complete,0,0,0
TRAINROW-03955,CC[C@H](N)C(=O)O,train_fit_rows,TRAINROW-03955,subset,out_of_subset_scope,unresolved_subset_numbering,complete,0,0,0
TRAINROW-03962,N#Cc1cccnc1,train_fit_rows,TRAINROW-03962,subset,out_of_subset_scope,unresolved_subset_numbering,complete,0,0,0
TRAINROW-03975,NC1(C(=O)O)CCCC1,train_fit_rows,TRAINROW-03975,subset,out_of_subset_scope,unresolved_subset_numbering,complete,0,0,0
TRAINROW-04024,NC(N)=NCCC(=O)O,train_fit_rows,TRAINROW-04024,subset,out_of_subset_scope,unresolved_subset_numbering,complete,0,0,0
TRAINROW-04053,O=C1CCNC(=O)N1,train_fit_rows,TRAINROW-04053,subset,out_of_subset_scope,unresolved_subset_numbering,complete,0,0,0
TRAINROW-04060,CC(C)[C@@H](N)CC(=O)O,train_fit_rows,TRAINROW-04060,subset,out_of_subset_scope,unresolved_subset_numbering,complete,0,0,0
TRAINROW-04061,CC(C)C(N)CC(=O)O,train_fit_rows,TRAINROW-04061,subset,out_of_subset_scope,unresolved_subset_numbering,complete,0,0,0
TRAINROW-04073,CC(O)C(N)CC(=O)O,train_fit_rows,TRAINROW-04073,subset,out_of_subset_scope,unresolved_subset_numbering,complete,0,0,0
TRAINROW-04088,CCC/C=C/C=O,train_fit_rows,TRAINROW-04088,subset,out_of_subset_scope,unresolved_subset_numbering,complete,0,0,0
TRAINROW-04096,O=c1cccc[nH]1,train_fit_rows,TRAINROW-04096,subset,out_of_subset_scope,unresolved_subset_numbering,complete,0,0,0
TRAINROW-04098,CNC(C)C(=O)O,train_fit_rows,TRAINROW-04098,subset,out_of_subset_scope,unresolved_subset_numbering,complete,0,0,0
TRAINROW-04099,CN[C@@H](C)C(=O)O,train_fit_rows,TRAINROW-04099,subset,out_of_subset_scope,unresolved_subset_numbering,complete,0,0,0
TRAINROW-04103,NC1(C(=O)O)CC1,train_fit_rows,TRAINROW-04103,subset,out_of_subset_scope,unresolved_subset_numbering,complete,0,0,0
TRAINROW-04106,CC(C)(N)C(=O)O,train_fit_rows,TRAINROW-04106,subset,out_of_subset_scope,unresolved_subset_numbering,complete,0,0,0
TRAINROW-04111,NCCCCC(=O)O,train_fit_rows,TRAINROW-04111,subset,out_of_subset_scope,unresolved_subset_numbering,complete,0,0,0
TRAINROW-04137,NCC(=O)CCC(=O)O,train_fit_rows,TRAINROW-04137,subset,out_of_subset_scope,unresolved_subset_numbering,complete,0,0,0
TRAINROW-04144,OCCNCCO,train_fit_rows,TRAINROW-04144,subset,out_of_subset_scope,unresolved_subset_numbering,complete,0,0,0
TRAINROW-04159,CC[C@H](C)[C@@H](N)C(=O)O,train_fit_rows,TRAINROW-04159,subset,out_of_subset_scope,unresolved_subset_numbering,complete,0,0,0
TRAINROW-04199,Cc1ccccc1N,train_fit_rows,TRAINROW-04199,subset,out_of_subset_scope,unresolved_subset_numbering,complete,0,0,0
TRAINROW-04449,CC1(O)CCOC(=O)C1,train_fit_rows,TRAINROW-04449,subset,out_of_subset_scope,unresolved_subset_numbering,complete,0,0,0
TRAINROW-04468,NCCCC(N)C(=O)O,train_fit_rows,TRAINROW-04468,subset,out_of_subset_scope,unresolved_subset_numbering,complete,0,0,0
TRAINROW-04484,O=C(O)[C@@H]1CCCCN1,train_fit_rows,TRAINROW-04484,subset,out_of_subset_scope,unresolved_subset_numbering,complete,0,0,0
TRAINROW-04491,NC(=O)CC(N)C(=O)O,train_fit_rows,TRAINROW-04491,subset,out_of_subset_scope,unresolved_subset_numbering,complete,0,0,0
TRAINROW-04493,CC(N)C(=O)O,train_fit_rows,TRAINROW-04493,subset,out_of_subset_scope,unresolved_subset_numbering,complete,0,0,0
TRAINROW-04512,CC[C@@H](C)[C@H](N)C(=O)O,train_fit_rows,TRAINROW-04512,subset,out_of_subset_scope,unresolved_subset_numbering,complete,0,0,0
TRAINROW-04516,O=C(O)[C@H]1C[C@@H](O)CN1,train_fit_rows,TRAINROW-04516,subset,out_of_subset_scope,unresolved_subset_numbering,complete,0,0,0
TRAINROW-04517,C[C@@H](N)C(=O)O,train_fit_rows,TRAINROW-04517,subset,out_of_subset_scope,unresolved_subset_numbering,complete,0,0,0
TRAINROW-04535,O=C(O)[C@@H]1C[C@H](O)CN1,train_fit_rows,TRAINROW-04535,subset,out_of_subset_scope,unresolved_subset_numbering,complete,0,0,0
TRAINROW-04754,O=C(O)[C@H]1CCCN1,train_fit_rows,TRAINROW-04754,subset,out_of_subset_scope,unresolved_subset_numbering,complete,0,0,0
TRAINROW-04771,CC(C)C[C@@H](N)C(=O)O,train_fit_rows,TRAINROW-04771,subset,out_of_subset_scope,unresolved_subset_numbering,complete,0,0,0
TRAINROW-04773,O=C(O)[C@H]1CCCCN1,train_fit_rows,TRAINROW-04773,subset,out_of_subset_scope,unresolved_subset_numbering,complete,0,0,0
TRAINROW-04777,N[C@H](CC(=O)O)C(=O)O,train_fit_rows,TRAINROW-04777,subset,out_of_subset_scope,unresolved_subset_numbering,complete,0,0,0
TRAINROW-04785,O=C1CC[C@H](C(=O)O)N1,train_fit_rows,TRAINROW-04785,subset,out_of_subset_scope,unresolved_subset_numbering,complete,0,0,0
TRAINROW-00134,C[C@]1(O)CCOC(=O)C1,train_fit_rows,TRAINROW-00134,full,exact_relaxed_match,enforced_full_GDB9,complete,1,0,0
TRAINROW-00144,NCCC[C@H](N)C(=O)O,train_fit_rows,TRAINROW-00144,full,no_exact_match_in_full,enforced_full_GDB9,complete,0,0,0
TRAINROW-00160,Cc1c[nH]c(=O)[nH]c1=O,train_fit_rows,TRAINROW-00160,full,exact_relaxed_match,enforced_full_GDB9,complete,1,0,0
TRAINROW-00196,CC(C)[C@H](N)C(=O)O,train_fit_rows,TRAINROW-00196,full,excluded_geometry_match,enforced_full_GDB9,complete,0,0,1
TRAINROW-00197,CC(C)C(N)C(=O)O,train_fit_rows,TRAINROW-00197,full,excluded_geometry_match,enforced_full_GDB9,complete,0,0,1
TRAINROW-00217,Cc1cnc(=O)[nH]c1N,train_fit_rows,TRAINROW-00217,full,exact_relaxed_match,enforced_full_GDB9,complete,1,0,0
TRAINROW-00221,CN=C(N)N,train_fit_rows,TRAINROW-00221,full,no_exact_match_in_full,enforced_full_GDB9,complete,0,0,0
TRAINROW-00242,CC(=O)N[C@@H](C)C(=O)O,train_fit_rows,TRAINROW-00242,full,no_exact_match_in_full,enforced_full_GDB9,complete,0,0,0
TRAINROW-00243,CC(=O)NC(C)C(=O)O,train_fit_rows,TRAINROW-00243,full,no_exact_match_in_full,enforced_full_GDB9,complete,0,0,0
TRAINROW-00252,COC(=O)CCCN,train_fit_rows,TRAINROW-00252,full,no_exact_match_in_full,enforced_full_GDB9,complete,0,0,0
TRAINROW-00259,O=C(O)[C@@H]1C[C@@H](O)CN1,train_fit_rows,TRAINROW-00259,full,excluded_geometry_match,enforced_full_GDB9,complete,0,0,1
TRAINROW-00260,O=C(O)C1CC(O)CN1,train_fit_rows,TRAINROW-00260,full,excluded_geometry_match,enforced_full_GDB9,complete,0,0,1
TRAINROW-00270,Nc1ccnc(=O)[nH]1,train_fit_rows,TRAINROW-00270,full,exact_relaxed_match,enforced_full_GDB9,complete,1,0,0
TRAINROW-00271,c1ncc2[nH]cnc2n1,train_fit_rows,TRAINROW-00271,full,exact_relaxed_match,enforced_full_GDB9,complete,1,0,0
TRAINROW-00278,NC(=O)C[C@H](N)C(=O)O,train_fit_rows,TRAINROW-00278,full,excluded_geometry_match,enforced_full_GDB9,complete,0,0,1
TRAINROW-00310,CNCC(=O)O,train_fit_rows,TRAINROW-00310,full,excluded_geometry_match,enforced_full_GDB9,complete,0,0,1
TRAINROW-00324,CCC[C@@H](N)C(=O)O,train_fit_rows,TRAINROW-00324,full,excluded_geometry_match,enforced_full_GDB9,complete,0,0,1
TRAINROW-00336,c1ccc2n[nH]nc2c1,train_fit_rows,TRAINROW-00336,full,exact_relaxed_match,enforced_full_GDB9,complete,1,0,0
TRAINROW-00339,CN(CC(=O)O)C(=N)N,train_fit_rows,TRAINROW-00339,full,excluded_geometry_match,enforced_full_GDB9,complete,0,0,1
TRAINROW-00343,NCCC[C@@H](N)C(=O)O,train_fit_rows,TRAINROW-00343,full,no_exact_match_in_full,enforced_full_GDB9,complete,0,0,0
TRAINROW-00346,NCCCCN,train_fit_rows,TRAINROW-00346,full,no_exact_match_in_full,enforced_full_GDB9,complete,0,0,0
TRAINROW-00366,CC[C@H](C)[C@H](N)C(=O)O,train_fit_rows,TRAINROW-00366,full,excluded_geometry_match,enforced_full_GDB9,complete,0,0,1
TRAINROW-00367,CCC(C)C(N)C(=O)O,train_fit_rows,TRAINROW-00367,full,excluded_geometry_match,enforced_full_GDB9,complete,0,0,1
TRAINROW-00373,O=C(O)[C@@H]1CCCN1,train_fit_rows,TRAINROW-00373,full,excluded_geometry_match,enforced_full_GDB9,complete,0,0,1
TRAINROW-00374,O=C(O)C1CCCN1,train_fit_rows,TRAINROW-00374,full,excluded_geometry_match,enforced_full_GDB9,complete,0,0,1
TRAINROW-00376,N[C@@H](CCO)C(=O)O,train_fit_rows,TRAINROW-00376,full,excluded_geometry_match,enforced_full_GDB9,complete,0,0,1
TRAINROW-00377,NC(CCO)C(=O)O,train_fit_rows,TRAINROW-00377,full,excluded_geometry_match,enforced_full_GDB9,complete,0,0,1
TRAINROW-00443,CN(C)c1ccncc1,train_fit_rows,TRAINROW-00443,full,no_exact_match_in_full,enforced_full_GDB9,complete,0,0,0
TRAINROW-00460,NCCc1ccccc1,train_fit_rows,TRAINROW-00460,full,no_exact_match_in_full,enforced_full_GDB9,complete,0,0,0
TRAINROW-00546,Nc1nc(N)nc(N)n1,train_fit_rows,TRAINROW-00546,full,no_exact_match_in_full,enforced_full_GDB9,complete,0,0,0
TRAINROW-00617,N=C(N)c1ccccc1,train_fit_rows,TRAINROW-00617,full,no_exact_match_in_full,enforced_full_GDB9,complete,0,0,0
TRAINROW-00626,CN1CCN(C)C1=O,train_fit_rows,TRAINROW-00626,full,exact_relaxed_match,enforced_full_GDB9,complete,1,0,0
TRAINROW-00729,NCCN1CCNCC1,train_fit_rows,TRAINROW-00729,full,no_exact_match_in_full,enforced_full_GDB9,complete,0,0,0
TRAINROW-00825,c1nc[nH]n1,train_fit_rows,TRAINROW-00825,full,exact_relaxed_match,enforced_full_GDB9,complete,1,0,0
TRAINROW-00832,CN1CC(=O)NC1=N,train_fit_rows,TRAINROW-00832,full,exact_gdb_only_match,enforced_full_GDB9,complete,0,1,0
TRAINROW-00861,NC(=O)C1CCNCC1,train_fit_rows,TRAINROW-00861,full,no_exact_match_in_full,enforced_full_GDB9,complete,0,0,0
TRAINROW-00929,NCCc1cnc[nH]1,train_fit_rows,TRAINROW-00929,full,no_exact_match_in_full,enforced_full_GDB9,complete,0,0,0
TRAINROW-00933,Nc1ncn[nH]1,train_fit_rows,TRAINROW-00933,full,exact_relaxed_match,enforced_full_GDB9,complete,1,0,0
TRAINROW-00941,CN(C)C(=N)N=C(N)N,train_fit_rows,TRAINROW-00941,full,no_exact_match_in_full,enforced_full_GDB9,complete,0,0,0
TRAINROW-00953,CN1CCCC1=O,train_fit_rows,TRAINROW-00953,full,exact_relaxed_match,enforced_full_GDB9,complete,1,0,0
TRAINROW-00977,NCCCCN=C(N)N,train_fit_rows,TRAINROW-00977,full,no_exact_match_in_full,enforced_full_GDB9,complete,0,0,0
TRAINROW-01006,NC1CCCCC1,train_fit_rows,TRAINROW-01006,full,no_exact_match_in_full,enforced_full_GDB9,complete,0,0,0
TRAINROW-01011,COCCOCCOC,train_fit_rows,TRAINROW-01011,full,exact_relaxed_match,enforced_full_GDB9,complete,1,0,0
TRAINROW-01037,C=C(C)C(N)=O,train_fit_rows,TRAINROW-01037,full,no_exact_match_in_full,enforced_full_GDB9,complete,0,0,0
TRAINROW-01065,Nc1[nH]c(=O)ncc1F,train_fit_rows,TRAINROW-01065,full,exact_relaxed_match,enforced_full_GDB9,complete,1,0,0
TRAINROW-01081,NC(=O)C1CCCN1,train_fit_rows,TRAINROW-01081,full,no_exact_match_in_full,enforced_full_GDB9,complete,0,0,0
TRAINROW-01082,NC(=O)N=C(N)N,train_fit_rows,TRAINROW-01082,full,no_exact_match_in_full,enforced_full_GDB9,complete,0,0,0
TRAINROW-01092,Nc1ccccn1,train_fit_rows,TRAINROW-01092,full,exact_relaxed_match,enforced_full_GDB9,complete,1,0,0
TRAINROW-01167,Cc1cnc(C)c(C)n1,train_fit_rows,TRAINROW-01167,full,exact_relaxed_match,enforced_full_GDB9,complete,1,0,0
TRAINROW-01239,Cc1ccc(N)cc1N,train_fit_rows,TRAINROW-01239,full,exact_relaxed_match,enforced_full_GDB9,complete,1,0,0
TRAINROW-01247,CCNC1CCCCC1,train_fit_rows,TRAINROW-01247,full,no_exact_match_in_full,enforced_full_GDB9,complete,0,0,0
TRAINROW-01263,NC(=O)c1ccccc1,train_fit_rows,TRAINROW-01263,full,exact_relaxed_match,enforced_full_GDB9,complete,1,0,0
TRAINROW-01355,COc1ccc(O)cc1,train_fit_rows,TRAINROW-01355,full,exact_relaxed_match,enforced_full_GDB9,complete,1,0,0
TRAINROW-01478,CC1(C)NC(=O)NC1=O,train_fit_rows,TRAINROW-01478,full,exact_relaxed_match,enforced_full_GDB9,complete,1,0,0
TRAINROW-01504,Cc1cc(N)no1,train_fit_rows,TRAINROW-01504,full,exact_relaxed_match,enforced_full_GDB9,complete,1,0,0
TRAINROW-01533,O=C1CCCCCN1,train_fit_rows,TRAINROW-01533,full,exact_relaxed_match,enforced_full_GDB9,complete,1,0,0
TRAINROW-01572,Oc1ccc(O)cc1,train_fit_rows,TRAINROW-01572,full,exact_relaxed_match,enforced_full_GDB9,complete,1,0,0
TRAINROW-01590,O=C(O)c1ccccc1,train_fit_rows,TRAINROW-01590,full,no_exact_match_in_full,enforced_full_GDB9,complete,0,0,0
TRAINROW-01615,Oc1ccccc1,train_fit_rows,TRAINROW-01615,full,exact_relaxed_match,enforced_full_GDB9,complete,1,0,0
TRAINROW-01628,C[C@H](O)[C@@H](N)C(=O)O,train_fit_rows,TRAINROW-01628,full,excluded_geometry_match,enforced_full_GDB9,complete,0,0,1
TRAINROW-01645,CCCC[C@H](N)C(=O)O,train_fit_rows,TRAINROW-01645,full,excluded_geometry_match,enforced_full_GDB9,complete,0,0,1
TRAINROW-01646,CCCCC(N)C(=O)O,train_fit_rows,TRAINROW-01646,full,excluded_geometry_match,enforced_full_GDB9,complete,0,0,1
TRAINROW-01654,Oc1ccccc1O,train_fit_rows,TRAINROW-01654,full,exact_relaxed_match,enforced_full_GDB9,complete,1,0,0
TRAINROW-01661,CC(C)CC(=O)O,train_fit_rows,TRAINROW-01661,full,no_exact_match_in_full,enforced_full_GDB9,complete,0,0,0
TRAINROW-01669,CC(C)(C)[C@H](N)C(=O)O,train_fit_rows,TRAINROW-01669,full,excluded_geometry_match,enforced_full_GDB9,complete,0,0,1
TRAINROW-01689,CC(C)C[C@H](N)C(=O)O,train_fit_rows,TRAINROW-01689,full,excluded_geometry_match,enforced_full_GDB9,complete,0,0,1
TRAINROW-01690,CC(C)CC(N)C(=O)O,train_fit_rows,TRAINROW-01690,full,excluded_geometry_match,enforced_full_GDB9,complete,0,0,1
TRAINROW-01695,C[C@H](N)C(=O)O,train_fit_rows,TRAINROW-01695,full,excluded_geometry_match,enforced_full_GDB9,complete,0,0,1
TRAINROW-01706,NCC(=O)O,train_fit_rows,TRAINROW-01706,full,excluded_geometry_match,enforced_full_GDB9,complete,0,0,1
TRAINROW-01707,N[C@@H](CC(=O)O)C(=O)O,train_fit_rows,TRAINROW-01707,full,no_exact_match_in_full,enforced_full_GDB9,complete,0,0,0
TRAINROW-01708,NC(CC(=O)O)C(=O)O,train_fit_rows,TRAINROW-01708,full,no_exact_match_in_full,enforced_full_GDB9,complete,0,0,0
TRAINROW-01710,CC(C)CCC(=O)O,train_fit_rows,TRAINROW-01710,full,no_exact_match_in_full,enforced_full_GDB9,complete,0,0,0
TRAINROW-01730,NC(=O)c1cccnc1,train_fit_rows,TRAINROW-01730,full,exact_relaxed_match,enforced_full_GDB9,complete,1,0,0
TRAINROW-01743,N[C@@H](CO)C(=O)O,train_fit_rows,TRAINROW-01743,full,excluded_geometry_match,enforced_full_GDB9,complete,0,0,1
TRAINROW-01744,NC(CO)C(=O)O,train_fit_rows,TRAINROW-01744,full,excluded_geometry_match,enforced_full_GDB9,complete,0,0,1
TRAINROW-01778,Nc1ccc(F)cc1,train_fit_rows,TRAINROW-01778,full,exact_relaxed_match,enforced_full_GDB9,complete,1,0,0
TRAINROW-01781,Cc1cc(C)nc(C)c1,train_fit_rows,TRAINROW-01781,full,exact_relaxed_match,enforced_full_GDB9,complete,1,0,0
TRAINROW-01789,Cc1cccc(C)n1,train_fit_rows,TRAINROW-01789,full,exact_relaxed_match,enforced_full_GDB9,complete,1,0,0
TRAINROW-01790,O=NN1CCOCC1,train_fit_rows,TRAINROW-01790,full,no_exact_match_in_full,enforced_full_GDB9,complete,0,0,0
TRAINROW-01799,c1ccc2c(c1)CCN2,train_fit_rows,TRAINROW-01799,full,exact_relaxed_match,enforced_full_GDB9,complete,1,0,0
TRAINROW-01801,Cc1ccn[nH]1,train_fit_rows,TRAINROW-01801,full,exact_relaxed_match,enforced_full_GDB9,complete,1,0,0
TRAINROW-01805,Nc1ccc(O)cc1,train_fit_rows,TRAINROW-01805,full,exact_relaxed_match,enforced_full_GDB9,complete,1,0,0
TRAINROW-01812,C1COCCN1,train_fit_rows,TRAINROW-01812,full,no_exact_match_in_full,enforced_full_GDB9,complete,0,0,0
TRAINROW-01813,Cc1cccc(C)c1N,train_fit_rows,TRAINROW-01813,full,exact_relaxed_match,enforced_full_GDB9,complete,1,0,0
TRAINROW-01817,NCc1ccccc1,train_fit_rows,TRAINROW-01817,full,no_exact_match_in_full,enforced_full_GDB9,complete,0,0,0
TRAINROW-01818,Oc1cccnc1,train_fit_rows,TRAINROW-01818,full,exact_relaxed_match,enforced_full_GDB9,complete,1,0,0
TRAINROW-01824,c1ccncc1,train_fit_rows,TRAINROW-01824,full,exact_relaxed_match,enforced_full_GDB9,complete,1,0,0
TRAINROW-01829,Cc1ccncn1,train_fit_rows,TRAINROW-01829,full,exact_relaxed_match,enforced_full_GDB9,complete,1,0,0
TRAINROW-01830,Cc1cccnn1,train_fit_rows,TRAINROW-01830,full,no_exact_match_in_full,enforced_full_GDB9,complete,0,0,0
TRAINROW-01833,C1CCNCC1,train_fit_rows,TRAINROW-01833,full,no_exact_match_in_full,enforced_full_GDB9,complete,0,0,0
TRAINROW-01845,c1ccc2[nH]ncc2c1,train_fit_rows,TRAINROW-01845,full,exact_relaxed_match,enforced_full_GDB9,complete,1,0,0
TRAINROW-01846,Nc1ccccc1,train_fit_rows,TRAINROW-01846,full,exact_relaxed_match,enforced_full_GDB9,complete,1,0,0
TRAINROW-01853,c1ccc2[nH]cnc2c1,train_fit_rows,TRAINROW-01853,full,exact_relaxed_match,enforced_full_GDB9,complete,1,0,0
TRAINROW-01860,Nc1ccccc1O,train_fit_rows,TRAINROW-01860,full,exact_relaxed_match,enforced_full_GDB9,complete,1,0,0
TRAINROW-01864,CCCCN,train_fit_rows,TRAINROW-01864,full,no_exact_match_in_full,enforced_full_GDB9,complete,0,0,0
TRAINROW-01867,Cc1ncc[nH]1,train_fit_rows,TRAINROW-01867,full,no_exact_match_in_full,enforced_full_GDB9,complete,0,0,0
TRAINROW-01876,c1c[nH]cn1,train_fit_rows,TRAINROW-01876,full,exact_relaxed_match,enforced_full_GDB9,complete,1,0,0
TRAINROW-01877,CNc1ccccc1,train_fit_rows,TRAINROW-01877,full,exact_relaxed_match,enforced_full_GDB9,complete,1,0,0
TRAINROW-01935,CCCN(CCC)N=O,train_fit_rows,TRAINROW-01935,full,no_exact_match_in_full,enforced_full_GDB9,complete,0,0,0
TRAINROW-01975,C=CC(N)CCC(=O)O,train_fit_rows,TRAINROW-01975,full,no_exact_match_in_full,enforced_full_GDB9,complete,0,0,0
TRAINROW-02009,O=NN1CCNCC1,train_fit_rows,TRAINROW-02009,full,no_exact_match_in_full,enforced_full_GDB9,complete,0,0,0
TRAINROW-02045,Nc1nc(=O)[nH]c(=O)[nH]1,train_fit_rows,TRAINROW-02045,full,no_exact_match_in_full,enforced_full_GDB9,complete,0,0,0
TRAINROW-02053,CCN(C)N=O,train_fit_rows,TRAINROW-02053,full,no_exact_match_in_full,enforced_full_GDB9,complete,0,0,0
TRAINROW-02082,CN(C)N=O,train_fit_rows,TRAINROW-02082,full,no_exact_match_in_full,enforced_full_GDB9,complete,0,0,0
TRAINROW-02099,CCN(CC)N=O,train_fit_rows,TRAINROW-02099,full,no_exact_match_in_full,enforced_full_GDB9,complete,0,0,0
TRAINROW-02109,O=c1[nH]cc(F)c(=O)[nH]1,train_fit_rows,TRAINROW-02109,full,exact_relaxed_match,enforced_full_GDB9,complete,1,0,0
TRAINROW-02128,Cc1ccc(N)c(C)c1,train_fit_rows,TRAINROW-02128,full,exact_relaxed_match,enforced_full_GDB9,complete,1,0,0
TRAINROW-02176,O=NN1CCCCC1,train_fit_rows,TRAINROW-02176,full,no_exact_match_in_full,enforced_full_GDB9,complete,0,0,0
TRAINROW-02180,O=c1cn[nH][nH]1,train_fit_rows,TRAINROW-02180,full,no_exact_match_in_full,enforced_full_GDB9,complete,0,0,0
TRAINROW-02185,CCCCNC(C)C,train_fit_rows,TRAINROW-02185,full,no_exact_match_in_full,enforced_full_GDB9,complete,0,0,0
TRAINROW-02186,CCCCCC(C)N,train_fit_rows,TRAINROW-02186,full,no_exact_match_in_full,enforced_full_GDB9,complete,0,0,0
TRAINROW-02189,CC(C)NC(C)(C)C,train_fit_rows,TRAINROW-02189,full,no_exact_match_in_full,enforced_full_GDB9,complete,0,0,0
TRAINROW-02262,O=NN1CCCC1,train_fit_rows,TRAINROW-02262,full,no_exact_match_in_full,enforced_full_GDB9,complete,0,0,0
TRAINROW-02389,O=C1CCC=NC1=O,train_fit_rows,TRAINROW-02389,full,no_exact_match_in_full,enforced_full_GDB9,complete,0,0,0
TRAINROW-02398,OCCN1CCOCC1,train_fit_rows,TRAINROW-02398,full,exact_relaxed_match,enforced_full_GDB9,complete,1,0,0
TRAINROW-02418,CC(=O)CC(=O)N(C)C,train_fit_rows,TRAINROW-02418,full,exact_relaxed_match,enforced_full_GDB9,complete,1,0,0
TRAINROW-02421,NC1CCCCC1N,train_fit_rows,TRAINROW-02421,full,no_exact_match_in_full,enforced_full_GDB9,complete,0,0,0
TRAINROW-02436,NC1=NC(=O)CC(=O)N1,train_fit_rows,TRAINROW-02436,full,no_exact_match_in_full,enforced_full_GDB9,complete,0,0,0
TRAINROW-02438,Cc1cccc(N)n1,train_fit_rows,TRAINROW-02438,full,no_exact_match_in_full,enforced_full_GDB9,complete,0,0,0
TRAINROW-02439,CC(=O)C=O,train_fit_rows,TRAINROW-02439,full,exact_relaxed_match,enforced_full_GDB9,complete,1,0,0
TRAINROW-02454,N#CN=C(N)N,train_fit_rows,TRAINROW-02454,full,no_exact_match_in_full,enforced_full_GDB9,complete,0,0,0
TRAINROW-02456,Nc1cccnc1N,train_fit_rows,TRAINROW-02456,full,no_exact_match_in_full,enforced_full_GDB9,complete,0,0,0
TRAINROW-02461,OCCN1CCNCC1,train_fit_rows,TRAINROW-02461,full,no_exact_match_in_full,enforced_full_GDB9,complete,0,0,0
TRAINROW-02462,NCCOCCO,train_fit_rows,TRAINROW-02462,full,no_exact_match_in_full,enforced_full_GDB9,complete,0,0,0
TRAINROW-02463,CCC(C)NC(N)=O,train_fit_rows,TRAINROW-02463,full,exact_relaxed_match,enforced_full_GDB9,complete,1,0,0
TRAINROW-02467,CCN(CCO)CCO,train_fit_rows,TRAINROW-02467,full,no_exact_match_in_full,enforced_full_GDB9,complete,0,0,0
TRAINROW-02469,Cn1ccnc1,train_fit_rows,TRAINROW-02469,full,exact_relaxed_match,enforced_full_GDB9,complete,1,0,0
TRAINROW-02471,CC(O)CNCC(C)O,train_fit_rows,TRAINROW-02471,full,no_exact_match_in_full,enforced_full_GDB9,complete,0,0,0
TRAINROW-02482,CC(C)CC#N,train_fit_rows,TRAINROW-02482,full,exact_relaxed_match,enforced_full_GDB9,complete,1,0,0
TRAINROW-02483,Cc1ccc(N)cc1,train_fit_rows,TRAINROW-02483,full,exact_relaxed_match,enforced_full_GDB9,complete,1,0,0
TRAINROW-02485,O=CN(CCO)CCO,train_fit_rows,TRAINROW-02485,full,exact_relaxed_match,enforced_full_GDB9,complete,1,0,0
TRAINROW-02486,CCc1ncc(C)[nH]1,train_fit_rows,TRAINROW-02486,full,no_exact_match_in_full,enforced_full_GDB9,complete,0,0,0
TRAINROW-02491,N#CCCNCCC#N,train_fit_rows,TRAINROW-02491,full,exact_relaxed_match,enforced_full_GDB9,complete,1,0,0
TRAINROW-02496,C1CCCNCC1,train_fit_rows,TRAINROW-02496,full,no_exact_match_in_full,enforced_full_GDB9,complete,0,0,0
TRAINROW-02509,O=c1cc(O)cc[nH]1,train_fit_rows,TRAINROW-02509,full,exact_relaxed_match,enforced_full_GDB9,complete,1,0,0
TRAINROW-02517,Nc1cccc(N)n1,train_fit_rows,TRAINROW-02517,full,no_exact_match_in_full,enforced_full_GDB9,complete,0,0,0
TRAINROW-02526,Nc1cccc(N)c1,train_fit_rows,TRAINROW-02526,full,exact_relaxed_match,enforced_full_GDB9,complete,1,0,0
TRAINROW-02534,CC(C)(N)CO,train_fit_rows,TRAINROW-02534,full,no_exact_match_in_full,enforced_full_GDB9,complete,0,0,0
TRAINROW-02538,OCCc1ccccn1,train_fit_rows,TRAINROW-02538,full,exact_relaxed_match,enforced_full_GDB9,complete,1,0,0
TRAINROW-02540,COc1ccc(N)cc1,train_fit_rows,TRAINROW-02540,full,exact_relaxed_match,enforced_full_GDB9,complete,1,0,0
TRAINROW-02553,C1CN2CCN1CC2,train_fit_rows,TRAINROW-02553,full,no_exact_match_in_full,enforced_full_GDB9,complete,0,0,0
TRAINROW-02561,CCN(CC)CCO,train_fit_rows,TRAINROW-02561,full,no_exact_match_in_full,enforced_full_GDB9,complete,0,0,0
TRAINROW-02568,Cc1ccc(N)c(N)c1,train_fit_rows,TRAINROW-02568,full,exact_relaxed_match,enforced_full_GDB9,complete,1,0,0
TRAINROW-02576,COCCCN,train_fit_rows,TRAINROW-02576,full,no_exact_match_in_full,enforced_full_GDB9,complete,0,0,0
TRAINROW-02577,CCN1CCCC1=O,train_fit_rows,TRAINROW-02577,full,exact_relaxed_match,enforced_full_GDB9,complete,1,0,0
TRAINROW-02588,CC(C)(C)NC(N)=O,train_fit_rows,TRAINROW-02588,full,exact_relaxed_match,enforced_full_GDB9,complete,1,0,0
TRAINROW-02589,Cc1ccccc1C=O,train_fit_rows,TRAINROW-02589,full,exact_relaxed_match,enforced_full_GDB9,complete,1,0,0
TRAINROW-02597,CCCCNC(N)=O,train_fit_rows,TRAINROW-02597,full,exact_relaxed_match,enforced_full_GDB9,complete,1,0,0
TRAINROW-02605,NN=C(N)N,train_fit_rows,TRAINROW-02605,full,no_exact_match_in_full,enforced_full_GDB9,complete,0,0,0
TRAINROW-02610,Nc1cccnc1,train_fit_rows,TRAINROW-02610,full,exact_relaxed_match,enforced_full_GDB9,complete,1,0,0
TRAINROW-02612,CC1CNCC(C)O1,train_fit_rows,TRAINROW-02612,full,no_exact_match_in_full,enforced_full_GDB9,complete,0,0,0
TRAINROW-02620,NCCCCCCN,train_fit_rows,TRAINROW-02620,full,no_exact_match_in_full,enforced_full_GDB9,complete,0,0,0
TRAINROW-02623,CCCC(C)=O,train_fit_rows,TRAINROW-02623,full,exact_relaxed_match,enforced_full_GDB9,complete,1,0,0
TRAINROW-02625,OCc1ncccc1O,train_fit_rows,TRAINROW-02625,full,exact_relaxed_match,enforced_full_GDB9,complete,1,0,0
TRAINROW-02628,CC(C)(C)NCCO,train_fit_rows,TRAINROW-02628,full,no_exact_match_in_full,enforced_full_GDB9,complete,0,0,0
TRAINROW-02633,CN(C)C(C)(C)CO,train_fit_rows,TRAINROW-02633,full,no_exact_match_in_full,enforced_full_GDB9,complete,0,0,0
TRAINROW-02647,C=CN1CCCC1=O,train_fit_rows,TRAINROW-02647,full,no_exact_match_in_full,enforced_full_GDB9,complete,0,0,0
TRAINROW-02649,OCCc1ccncc1,train_fit_rows,TRAINROW-02649,full,exact_relaxed_match,enforced_full_GDB9,complete,1,0,0
TRAINROW-02651,CC1CC(=O)N=N1,train_fit_rows,TRAINROW-02651,full,no_exact_match_in_full,enforced_full_GDB9,complete,0,0,0
TRAINROW-02653,O=C1CCCN1CCO,train_fit_rows,TRAINROW-02653,full,exact_relaxed_match,enforced_full_GDB9,complete,1,0,0
TRAINROW-02655,Cc1ccc(N)cc1O,train_fit_rows,TRAINROW-02655,full,exact_relaxed_match,enforced_full_GDB9,complete,1,0,0
TRAINROW-02658,COc1c[nH]ccc1=O,train_fit_rows,TRAINROW-02658,full,exact_relaxed_match,enforced_full_GDB9,complete,1,0,0
TRAINROW-02664,C=Cc1ccncc1,train_fit_rows,TRAINROW-02664,full,no_exact_match_in_full,enforced_full_GDB9,complete,0,0,0
TRAINROW-02665,Nn1cnnc1,train_fit_rows,TRAINROW-02665,full,no_exact_match_in_full,enforced_full_GDB9,complete,0,0,0
TRAINROW-02692,CCNCC,train_fit_rows,TRAINROW-02692,full,no_exact_match_in_full,enforced_full_GDB9,complete,0,0,0
TRAINROW-02693,CC(=O)NCCO,train_fit_rows,TRAINROW-02693,full,exact_relaxed_match,enforced_full_GDB9,complete,1,0,0
TRAINROW-02694,O=C1CCCC(=O)C1,train_fit_rows,TRAINROW-02694,full,exact_relaxed_match,enforced_full_GDB9,complete,1,0,0
TRAINROW-02696,Cc1ccc(O)cn1,train_fit_rows,TRAINROW-02696,full,exact_relaxed_match,enforced_full_GDB9,complete,1,0,0
TRAINROW-02702,NCCN1CCOCC1,train_fit_rows,TRAINROW-02702,full,no_exact_match_in_full,enforced_full_GDB9,complete,0,0,0
TRAINROW-02704,CNCCO,train_fit_rows,TRAINROW-02704,full,no_exact_match_in_full,enforced_full_GDB9,complete,0,0,0
TRAINROW-02714,CC(O)CN,train_fit_rows,TRAINROW-02714,full,no_exact_match_in_full,enforced_full_GDB9,complete,0,0,0
TRAINROW-02715,CCc1ccccc1N,train_fit_rows,TRAINROW-02715,full,exact_relaxed_match,enforced_full_GDB9,complete,1,0,0
TRAINROW-02726,CNC(=O)CC(C)=O,train_fit_rows,TRAINROW-02726,full,exact_relaxed_match,enforced_full_GDB9,complete,1,0,0
TRAINROW-02735,Cc1cccc(N)c1N,train_fit_rows,TRAINROW-02735,full,exact_relaxed_match,enforced_full_GDB9,complete,1,0,0
TRAINROW-03074,O=C(O)c1cccnc1,train_fit_rows,TRAINROW-03074,full,no_exact_match_in_full,enforced_full_GDB9,complete,0,0,0
TRAINROW-03231,NCCCC(=O)O,train_fit_rows,TRAINROW-03231,full,excluded_geometry_match,enforced_full_GDB9,complete,0,0,1
TRAINROW-03242,CC(O)C(N)C(=O)O,train_fit_rows,TRAINROW-03242,full,excluded_geometry_match,enforced_full_GDB9,complete,0,0,1
TRAINROW-03243,C[C@@H](O)[C@H](N)C(=O)O,train_fit_rows,TRAINROW-03243,full,excluded_geometry_match,enforced_full_GDB9,complete,0,0,1
TRAINROW-03249,O=C(O)[C@@H]1CC(O)CN1,train_fit_rows,TRAINROW-03249,full,excluded_geometry_match,enforced_full_GDB9,complete,0,0,1
TRAINROW-03251,CC[C@@H](N)C(=O)O,train_fit_rows,TRAINROW-03251,full,excluded_geometry_match,enforced_full_GDB9,complete,0,0,1
TRAINROW-03266,CCC[C@H]1CCCCN1,train_fit_rows,TRAINROW-03266,full,no_exact_match_in_full,enforced_full_GDB9,complete,0,0,0
TRAINROW-03522,O=c1cc[nH]c(=O)[nH]1,train_fit_rows,TRAINROW-03522,full,exact_relaxed_match,enforced_full_GDB9,complete,1,0,0
TRAINROW-03525,O=C(O)c1ccncc1,train_fit_rows,TRAINROW-03525,full,no_exact_match_in_full,enforced_full_GDB9,complete,0,0,0
TRAINROW-03616,NCCCCCC(=O)O,train_fit_rows,TRAINROW-03616,full,no_exact_match_in_full,enforced_full_GDB9,complete,0,0,0
TRAINROW-03652,CCCC1CCCCN1,train_fit_rows,TRAINROW-03652,full,no_exact_match_in_full,enforced_full_GDB9,complete,0,0,0
TRAINROW-03689,CN(C)CC(=O)O,train_fit_rows,TRAINROW-03689,full,excluded_geometry_match,enforced_full_GDB9,complete,0,0,1
TRAINROW-03701,NC(CO)CC(=O)O,train_fit_rows,TRAINROW-03701,full,excluded_geometry_match,enforced_full_GDB9,complete,0,0,1
TRAINROW-03715,O=C(O)CC1CCCN1,train_fit_rows,TRAINROW-03715,full,excluded_geometry_match,enforced_full_GDB9,complete,0,0,1
TRAINROW-03734,O=C(O)C1CCCCN1,train_fit_rows,TRAINROW-03734,full,excluded_geometry_match,enforced_full_GDB9,complete,0,0,1
TRAINROW-03745,Cn1cnc(CCN)c1,train_fit_rows,TRAINROW-03745,full,no_exact_match_in_full,enforced_full_GDB9,complete,0,0,0
TRAINROW-03761,NCCCCCN,train_fit_rows,TRAINROW-03761,full,no_exact_match_in_full,enforced_full_GDB9,complete,0,0,0
TRAINROW-03762,NCC(=O)NCC(=O)O,train_fit_rows,TRAINROW-03762,full,no_exact_match_in_full,enforced_full_GDB9,complete,0,0,0
TRAINROW-03794,CN(C)C=O,train_fit_rows,TRAINROW-03794,full,exact_relaxed_match,enforced_full_GDB9,complete,1,0,0
TRAINROW-03810,C[C@H](O)[C@H](N)C(=O)O,train_fit_rows,TRAINROW-03810,full,excluded_geometry_match,enforced_full_GDB9,complete,0,0,1
TRAINROW-03817,NCCC(=O)O,train_fit_rows,TRAINROW-03817,full,no_exact_match_in_full,enforced_full_GDB9,complete,0,0,0
TRAINROW-03880,c1ccc2[nH]ccc2c1,train_fit_rows,TRAINROW-03880,full,exact_relaxed_match,enforced_full_GDB9,complete,1,0,0
TRAINROW-03889,CC(N)(CO)C(=O)O,train_fit_rows,TRAINROW-03889,full,excluded_geometry_match,enforced_full_GDB9,complete,0,0,1
TRAINROW-03901,CCC[C@H](N)C(=O)O,train_fit_rows,TRAINROW-03901,full,excluded_geometry_match,enforced_full_GDB9,complete,0,0,1
TRAINROW-03902,CCCC(N)C(=O)O,train_fit_rows,TRAINROW-03902,full,excluded_geometry_match,enforced_full_GDB9,complete,0,0,1
TRAINROW-03906,CC(CN)C(=O)O,train_fit_rows,TRAINROW-03906,full,no_exact_match_in_full,enforced_full_GDB9,complete,0,0,0
TRAINROW-03913,O=C1CCC(C(=O)O)N1,train_fit_rows,TRAINROW-03913,full,no_exact_match_in_full,enforced_full_GDB9,complete,0,0,0
TRAINROW-03921,CCCCCCN,train_fit_rows,TRAINROW-03921,full,no_exact_match_in_full,enforced_full_GDB9,complete,0,0,0
TRAINROW-03925,NC(N)=NCC(=O)O,train_fit_rows,TRAINROW-03925,full,excluded_geometry_match,enforced_full_GDB9,complete,0,0,2
TRAINROW-03933,O=C1CC[C@@H](C(=O)O)N1,train_fit_rows,TRAINROW-03933,full,no_exact_match_in_full,enforced_full_GDB9,complete,0,0,0
TRAINROW-03943,CC(=O)NCCCCN,train_fit_rows,TRAINROW-03943,full,no_exact_match_in_full,enforced_full_GDB9,complete,0,0,0
TRAINROW-03954,CCC(N)C(=O)O,train_fit_rows,TRAINROW-03954,full,excluded_geometry_match,enforced_full_GDB9,complete,0,0,1
TRAINROW-03955,CC[C@H](N)C(=O)O,train_fit_rows,TRAINROW-03955,full,excluded_geometry_match,enforced_full_GDB9,complete,0,0,1
TRAINROW-03962,N#Cc1cccnc1,train_fit_rows,TRAINROW-03962,full,exact_relaxed_match,enforced_full_GDB9,complete,1,0,0
TRAINROW-03975,NC1(C(=O)O)CCCC1,train_fit_rows,TRAINROW-03975,full,excluded_geometry_match,enforced_full_GDB9,complete,0,0,1
TRAINROW-04024,NC(N)=NCCC(=O)O,train_fit_rows,TRAINROW-04024,full,no_exact_match_in_full,enforced_full_GDB9,complete,0,0,0
TRAINROW-04053,O=C1CCNC(=O)N1,train_fit_rows,TRAINROW-04053,full,exact_relaxed_match,enforced_full_GDB9,complete,1,0,0
TRAINROW-04060,CC(C)[C@@H](N)CC(=O)O,train_fit_rows,TRAINROW-04060,full,excluded_geometry_match,enforced_full_GDB9,complete,0,0,1
TRAINROW-04061,CC(C)C(N)CC(=O)O,train_fit_rows,TRAINROW-04061,full,excluded_geometry_match,enforced_full_GDB9,complete,0,0,1
TRAINROW-04073,CC(O)C(N)CC(=O)O,train_fit_rows,TRAINROW-04073,full,excluded_geometry_match,enforced_full_GDB9,complete,0,0,1
TRAINROW-04088,CCC/C=C/C=O,train_fit_rows,TRAINROW-04088,full,no_exact_match_in_full,enforced_full_GDB9,complete,0,0,0
TRAINROW-04096,O=c1cccc[nH]1,train_fit_rows,TRAINROW-04096,full,exact_relaxed_match,enforced_full_GDB9,complete,1,0,0
TRAINROW-04098,CNC(C)C(=O)O,train_fit_rows,TRAINROW-04098,full,excluded_geometry_match,enforced_full_GDB9,complete,0,0,1
TRAINROW-04099,CN[C@@H](C)C(=O)O,train_fit_rows,TRAINROW-04099,full,excluded_geometry_match,enforced_full_GDB9,complete,0,0,1
TRAINROW-04103,NC1(C(=O)O)CC1,train_fit_rows,TRAINROW-04103,full,excluded_geometry_match,enforced_full_GDB9,complete,0,0,1
TRAINROW-04106,CC(C)(N)C(=O)O,train_fit_rows,TRAINROW-04106,full,excluded_geometry_match,enforced_full_GDB9,complete,0,0,1
TRAINROW-04111,NCCCCC(=O)O,train_fit_rows,TRAINROW-04111,full,excluded_geometry_match,enforced_full_GDB9,complete,0,0,1
TRAINROW-04137,NCC(=O)CCC(=O)O,train_fit_rows,TRAINROW-04137,full,no_exact_match_in_full,enforced_full_GDB9,complete,0,0,0
TRAINROW-04144,OCCNCCO,train_fit_rows,TRAINROW-04144,full,no_exact_match_in_full,enforced_full_GDB9,complete,0,0,0
TRAINROW-04159,CC[C@H](C)[C@@H](N)C(=O)O,train_fit_rows,TRAINROW-04159,full,excluded_geometry_match,enforced_full_GDB9,complete,0,0,1
TRAINROW-04199,Cc1ccccc1N,train_fit_rows,TRAINROW-04199,full,exact_relaxed_match,enforced_full_GDB9,complete,1,0,0
TRAINROW-04449,CC1(O)CCOC(=O)C1,train_fit_rows,TRAINROW-04449,full,exact_relaxed_match,enforced_full_GDB9,complete,1,0,0
TRAINROW-04468,NCCCC(N)C(=O)O,train_fit_rows,TRAINROW-04468,full,no_exact_match_in_full,enforced_full_GDB9,complete,0,0,0
TRAINROW-04484,O=C(O)[C@@H]1CCCCN1,train_fit_rows,TRAINROW-04484,full,excluded_geometry_match,enforced_full_GDB9,complete,0,0,1
TRAINROW-04491,NC(=O)CC(N)C(=O)O,train_fit_rows,TRAINROW-04491,full,excluded_geometry_match,enforced_full_GDB9,complete,0,0,1
TRAINROW-04493,CC(N)C(=O)O,train_fit_rows,TRAINROW-04493,full,excluded_geometry_match,enforced_full_GDB9,complete,0,0,1
TRAINROW-04512,CC[C@@H](C)[C@H](N)C(=O)O,train_fit_rows,TRAINROW-04512,full,excluded_geometry_match,enforced_full_GDB9,complete,0,0,1
TRAINROW-04516,O=C(O)[C@H]1C[C@@H](O)CN1,train_fit_rows,TRAINROW-04516,full,excluded_geometry_match,enforced_full_GDB9,complete,0,0,1
TRAINROW-04517,C[C@@H](N)C(=O)O,train_fit_rows,TRAINROW-04517,full,excluded_geometry_match,enforced_full_GDB9,complete,0,0,1
TRAINROW-04535,O=C(O)[C@@H]1C[C@H](O)CN1,train_fit_rows,TRAINROW-04535,full,excluded_geometry_match,enforced_full_GDB9,complete,0,0,1
TRAINROW-04754,O=C(O)[C@H]1CCCN1,train_fit_rows,TRAINROW-04754,full,excluded_geometry_match,enforced_full_GDB9,complete,0,0,1
TRAINROW-04771,CC(C)C[C@@H](N)C(=O)O,train_fit_rows,TRAINROW-04771,full,excluded_geometry_match,enforced_full_GDB9,complete,0,0,1
TRAINROW-04773,O=C(O)[C@H]1CCCCN1,train_fit_rows,TRAINROW-04773,full,excluded_geometry_match,enforced_full_GDB9,complete,0,0,1
TRAINROW-04777,N[C@H](CC(=O)O)C(=O)O,train_fit_rows,TRAINROW-04777,full,no_exact_match_in_full,enforced_full_GDB9,complete,0,0,0
TRAINROW-04785,O=C1CC[C@H](C(=O)O)N1,train_fit_rows,TRAINROW-04785,full,no_exact_match_in_full,enforced_full_GDB9,complete,0,0,0
