identity_status,in_pool,margin_pred,massresid_input,measured_neutral_mu,n_parseable,n_pool,n_pool_identity_known,n_pool_identity_unknown,predictor_applicable,qid,rank_massresid,rank_predictor,rank_prior,rank_uniform,rankable,rankable_reason,target_natural_presence,target_parseable,target_string_presence
known,False,0.005594857120259311,measured_precursor_neutral,336146824,2,2,0,2,False,MB-0000,,,,,True,ok,0,True,0
known,False,0.0016627300563958336,measured_precursor_neutral,528261924,11,11,0,11,False,MB-0001,,,,,True,ok,0,True,0
known,False,0.007181868290987992,measured_precursor_neutral,528261924,11,11,0,11,False,MB-0002,,,,,True,ok,0,True,0
known,False,0.0,measured_precursor_neutral,433174424,1,1,0,1,False,MB-0003,,,,,True,ok:single_scored,0,True,0
known,False,0.0008698007718179745,measured_precursor_neutral,316203324,25,25,25,0,False,MB-0004,,,,,True,ok,0,True,0
known,False,,measured_precursor_neutral,420214224,0,0,0,0,False,MB-0005,,,,,False,predictor_unavailable,0,True,0
known,False,0.0,measured_precursor_neutral,561294524,1,1,0,1,False,MB-0006,,,,,True,ok:single_scored,0,True,0
known,False,0.004257202110807268,measured_precursor_neutral,575310224,2,2,0,2,False,MB-0007,,,,,True,ok,0,True,0
known,False,,measured_precursor_neutral,533263224,0,0,0,0,False,MB-0008,,,,,False,predictor_unavailable,0,True,0
known,False,0.0,measured_precursor_neutral,547278924,1,1,0,1,False,MB-0009,,,,,True,ok:single_scored,0,True,0
known,False,0.0,measured_precursor_neutral,581263224,1,1,0,1,False,MB-0010,,,,,True,ok:single_scored,0,True,0
known,False,,measured_precursor_neutral,593299624,0,0,0,0,False,MB-0011,,,,,False,predictor_unavailable,0,True,0
known,False,0.0,measured_precursor_neutral,609294524,1,1,0,1,False,MB-0012,,,,,True,ok:single_scored,0,True,0
known,False,,measured_precursor_neutral,458178224,0,0,0,0,False,MB-0013,,,,,False,predictor_unavailable,0,True,0
known,False,0.025292204232180038,measured_precursor_neutral,324156724,3,3,3,0,False,MB-0014,,,,,True,ok,0,True,0
known,True,0.0,measured_precursor_neutral,908608079,1,1,1,0,True,MB-0015,1,1,1,1,True,ok:single_scored,1,True,0
known,True,0.034367186921629544,measured_precursor_neutral,721387924,2,2,2,0,True,MB-0016,1,1,2,1,True,ok,1,True,0
known,True,0.0,measured_precursor_neutral,705393024,1,1,1,0,True,MB-0017,1,1,1,1,True,ok:single_scored,1,True,0
known,False,0.0,measured_precursor_neutral,705393024,1,1,1,0,False,MB-0018,,,,,True,ok:single_scored,0,True,0
known,False,,measured_precursor_neutral,633285224,0,0,0,0,False,MB-0019,,,,,False,predictor_unavailable,0,True,0
known,False,0.0,measured_precursor_neutral,534152024,1,1,1,0,False,MB-0020,,,,,True,ok:single_scored,0,True,0
known,True,0.0,measured_precursor_neutral,432133424,1,1,1,0,True,MB-0021,1,1,1,1,True,ok:single_scored,1,True,0
known,False,0.0,measured_precursor_neutral,542120724,1,1,1,0,False,MB-0022,,,,,True,ok:single_scored,0,True,0
known,True,0.0,measured_precursor_neutral,783408924,1,1,1,0,True,MB-0023,1,1,1,1,True,ok:single_scored,1,True,0
known,False,,measured_precursor_neutral,898497424,0,0,0,0,False,MB-0024,,,,,False,predictor_unavailable,0,True,0
known,False,,measured_precursor_neutral,898497424,0,0,0,0,False,MB-0025,,,,,False,predictor_unavailable,0,True,0
known,False,,measured_precursor_neutral,410193479,0,0,0,0,False,MB-0026,,,,,False,predictor_unavailable,0,True,0
known,True,0.0,measured_precursor_neutral,689399176,1,1,1,0,True,MB-0027,1,1,1,1,True,ok:single_scored,1,True,0
known,False,0.03970957786145324,measured_precursor_neutral,328094124,10,10,10,0,False,MB-0028,,,,,True,ok,0,True,0
known,False,,measured_precursor_neutral,570079224,0,0,0,0,False,MB-0029,,,,,False,predictor_unavailable,0,True,0
known,True,0.0,measured_precursor_neutral,1035682624,1,1,1,0,True,MB-0030,1,1,1,1,True,ok:single_scored,1,True,0
known,True,0.0,measured_precursor_neutral,1021666924,1,1,1,0,True,MB-0031,1,1,1,1,True,ok:single_scored,1,True,0
known,False,0.0,measured_precursor_neutral,447190124,1,1,0,1,False,MB-0032,,,,,True,ok:single_scored,0,True,0
known,True,0.0,measured_precursor_neutral,511231324,1,1,1,0,True,MB-0033,1,1,1,1,True,ok:single_scored,1,True,0
known,False,0.0,measured_precursor_neutral,565195276,1,1,1,0,False,MB-0034,,,,,True,ok:single_scored,0,True,0
known,False,0.0,measured_precursor_neutral,419158824,1,1,0,1,False,MB-0035,,,,,True,ok:single_scored,0,True,0
known,False,,measured_precursor_neutral,435190124,0,0,0,0,False,MB-0036,,,,,False,predictor_unavailable,0,True,0
known,False,0.1727386401032475,measured_precursor_neutral,236105376,7,7,7,0,False,MB-0037,,,,,True,ok,0,True,0
known,False,0.14465309288858985,measured_precursor_neutral,428255724,2,2,2,0,False,MB-0038,,,,,True,ok,0,True,0
known,False,0.08606515130519288,measured_precursor_neutral,268095176,3,3,3,0,False,MB-0039,,,,,True,ok,0,True,0
known,False,,measured_precursor_neutral,515223024,0,0,0,0,False,MB-0040,,,,,False,predictor_unavailable,0,True,0
known,False,,measured_precursor_neutral,472158576,0,0,0,0,False,MB-0041,,,,,False,predictor_unavailable,0,True,0
known,False,,measured_precursor_neutral,458267376,0,0,0,0,False,MB-0042,,,,,False,predictor_unavailable,0,True,0
known,False,,measured_precursor_neutral,690383176,0,0,0,0,False,MB-0043,,,,,False,predictor_unavailable,0,True,0
known,False,,measured_precursor_neutral,704362476,0,0,0,0,False,MB-0044,,,,,False,predictor_unavailable,0,True,0
known,False,,measured_precursor_neutral,688367576,0,0,0,0,False,MB-0045,,,,,False,predictor_unavailable,0,True,0
known,False,,measured_precursor_neutral,492273124,0,0,0,0,False,MB-0046,,,,,False,predictor_unavailable,0,True,0
known,True,0.0,measured_precursor_neutral,213986576,1,1,1,0,True,MB-0047,1,1,1,1,True,ok:single_scored,1,True,0
known,True,0.0,measured_precursor_neutral,263983376,1,1,1,0,True,MB-0048,1,1,1,1,True,ok:single_scored,1,True,0
known,True,0.0,measured_precursor_neutral,313980376,1,1,1,0,True,MB-0049,1,1,1,1,True,ok:single_scored,1,True,0
known,True,0.0,measured_precursor_neutral,363977076,1,1,1,0,True,MB-0050,1,1,1,1,True,ok:single_scored,1,True,0
known,True,0.0,measured_precursor_neutral,413973276,1,1,1,0,True,MB-0051,1,1,1,1,True,ok:single_scored,1,True,0
known,False,0.0036525518204389984,measured_precursor_neutral,242094676,5,5,5,0,False,MB-0052,,,,,True,ok,0,True,0
known,False,0.0,measured_precursor_neutral,134048076,1,1,0,1,False,MB-0053,,,,,True,ok:single_scored,0,True,0
known,True,0.0,measured_precursor_neutral,539757876,1,1,1,0,True,MB-0054,1,1,1,1,True,ok:single_scored,1,True,0
known,False,0.019241830187777476,measured_precursor_neutral,236177476,11,11,11,0,False,MB-0055,,,,,True,ok,0,True,0
known,True,0.0,measured_precursor_neutral,480971076,1,1,1,0,True,MB-0056,1,1,1,1,True,ok:single_scored,1,True,0
known,False,0.0,measured_precursor_neutral,212106276,1,1,1,0,False,MB-0057,,,,,True,ok:single_scored,0,True,0
known,False,,measured_precursor_neutral,268005876,0,0,0,0,False,MB-0058,,,,,False,predictor_unavailable,0,True,0
known,True,0.013849642777435195,measured_precursor_neutral,269116276,3,3,3,0,True,MB-0059,3,2,2,3,True,ok,1,True,0
known,True,0.0,measured_precursor_neutral,306104276,1,1,1,0,True,MB-0060,1,1,1,1,True,ok:single_scored,1,True,0
known,True,0.008100549344829455,measured_precursor_neutral,255256576,2,2,2,0,True,MB-0061,2,2,2,2,True,ok,1,True,0
known,True,0.0,measured_precursor_neutral,263847176,1,1,1,0,True,MB-0062,1,1,1,1,True,ok:single_scored,1,True,0
known,False,0.007708995232514559,measured_precursor_neutral,248141176,23,23,23,0,False,MB-0063,,,,,True,ok,0,True,0
known,True,0.0,measured_precursor_neutral,747478724,1,1,1,0,True,MB-0064,1,1,1,1,True,ok:single_scored,1,True,0
known,True,0.0,measured_precursor_neutral,733463024,1,1,1,0,True,MB-0065,1,1,1,1,True,ok:single_scored,1,True,0
known,True,0.0,measured_precursor_neutral,369130024,1,1,1,0,True,MB-0066,1,1,1,1,True,ok:single_scored,1,True,0
known,True,0.0,measured_precursor_neutral,194054824,1,1,1,0,True,MB-0067,1,1,1,1,True,ok:single_scored,1,True,0
known,False,,measured_precursor_neutral,209127124,0,0,0,0,False,MB-0068,,,,,False,predictor_unavailable,0,True,0
known,True,0.030821047545164293,measured_precursor_neutral,211120224,4,4,4,0,True,MB-0069,2,3,3,2,True,ok,1,True,0
known,True,0.037108957751021354,measured_precursor_neutral,226110124,2,2,2,0,True,MB-0070,2,2,1,2,True,ok,1,True,0
known,False,,measured_precursor_neutral,234007124,0,0,0,0,False,MB-0071,,,,,False,predictor_unavailable,0,True,0
known,True,0.0,measured_precursor_neutral,274122924,1,1,1,0,True,MB-0072,1,1,1,1,True,ok:single_scored,1,True,0
known,False,,measured_precursor_neutral,279175124,0,0,0,0,False,MB-0073,,,,,False,predictor_unavailable,0,True,0
known,True,0.0,measured_precursor_neutral,300158024,1,1,1,0,True,MB-0074,1,1,1,1,True,ok:single_scored,1,True,0
known,True,0.0,measured_precursor_neutral,324146624,1,1,1,0,True,MB-0075,1,1,1,1,True,ok:single_scored,1,True,0
known,True,0.0,measured_precursor_neutral,346097724,1,1,1,0,True,MB-0076,1,1,1,1,True,ok:single_scored,1,True,0
known,True,0.0,measured_precursor_neutral,357095724,1,1,1,0,True,MB-0077,1,1,1,1,True,ok:single_scored,1,True,0
known,True,0.0,measured_precursor_neutral,407162724,1,1,1,0,True,MB-0078,1,1,1,1,True,ok:single_scored,1,True,0
known,True,0.0,measured_precursor_neutral,437174224,1,1,1,0,True,MB-0079,1,1,1,1,True,ok:single_scored,1,True,0
known,False,,measured_precursor_neutral,441213724,0,0,0,0,False,MB-0080,,,,,False,predictor_unavailable,0,True,0
known,False,,measured_precursor_neutral,455229524,0,0,0,0,False,MB-0081,,,,,False,predictor_unavailable,0,True,0
known,True,0.0,measured_precursor_neutral,560351624,1,1,1,0,True,MB-0082,1,1,1,1,True,ok:single_scored,1,True,0
known,True,0.0,measured_precursor_neutral,685461524,1,1,1,0,True,MB-0083,1,1,1,1,True,ok:single_scored,1,True,0
known,True,0.045437035589849406,measured_precursor_neutral,137058524,2,2,2,0,True,MB-0084,2,2,1,2,True,ok,1,True,0
known,False,0.052769019354509894,measured_precursor_neutral,231100524,2,2,2,0,False,MB-0085,,,,,True,ok,0,True,0
known,True,0.0,measured_precursor_neutral,315084524,1,1,1,0,True,MB-0086,1,1,1,1,True,ok:single_scored,1,True,0
known,True,0.0,measured_precursor_neutral,343169324,1,1,1,0,True,MB-0087,1,1,1,1,True,ok:single_scored,1,True,0
known,True,0.0,measured_precursor_neutral,360148324,1,1,1,0,True,MB-0088,1,1,1,1,True,ok:single_scored,1,True,0
known,True,0.0,measured_precursor_neutral,367209924,1,1,1,0,True,MB-0089,1,1,1,1,True,ok:single_scored,1,True,0
known,True,0.0,measured_precursor_neutral,373137024,1,1,1,0,True,MB-0090,1,1,1,1,True,ok:single_scored,1,True,0
known,True,0.0,measured_precursor_neutral,375158424,1,1,1,0,True,MB-0091,1,1,1,1,True,ok:single_scored,1,True,0
known,True,0.0,measured_precursor_neutral,399207224,1,1,1,0,True,MB-0092,1,1,1,1,True,ok:single_scored,1,True,0
known,True,0.039279192610159774,measured_precursor_neutral,451184524,2,2,1,1,True,MB-0093,2,2,2,2,True,ok,1,True,0
known,True,0.0,measured_precursor_neutral,472121524,1,1,1,0,True,MB-0094,1,1,1,1,True,ok:single_scored,1,True,0
known,False,0.0,measured_precursor_neutral,534149324,1,1,1,0,False,MB-0095,,,,,True,ok:single_scored,0,True,0
known,False,,measured_precursor_neutral,570354124,0,0,0,0,False,MB-0096,,,,,False,predictor_unavailable,0,True,0
known,True,0.0,measured_precursor_neutral,645021624,1,1,1,0,True,MB-0097,1,1,1,1,True,ok:single_scored,1,True,0
known,True,0.0,measured_precursor_neutral,645244824,1,1,1,0,True,MB-0098,1,1,1,1,True,ok:single_scored,1,True,0
known,True,0.0,measured_precursor_neutral,210158824,1,1,1,0,True,MB-0099,1,1,1,1,True,ok:single_scored,1,True,0
known,True,0.14200269624995498,measured_precursor_neutral,266130124,4,4,4,0,True,MB-0100,3,4,4,3,True,ok,1,True,0
known,True,0.08366129281901799,measured_precursor_neutral,275166724,2,2,2,0,True,MB-0101,1,1,2,1,True,ok,1,True,0
known,False,0.0,measured_precursor_neutral,301051724,1,1,0,1,False,MB-0102,,,,,True,ok:single_scored,0,True,0
known,True,0.0,measured_precursor_neutral,309266124,1,1,1,0,True,MB-0103,1,1,1,1,True,ok:single_scored,1,True,0
known,False,0.001670715725065608,measured_precursor_neutral,332234224,9,9,9,0,False,MB-0104,,,,,True,ok,0,True,0
known,True,0.0,measured_precursor_neutral,383068824,1,1,1,0,True,MB-0105,1,1,1,1,True,ok:single_scored,1,True,0
known,True,0.0,measured_precursor_neutral,453039224,1,1,1,0,True,MB-0106,1,1,1,1,True,ok:single_scored,1,True,0
known,False,,measured_precursor_neutral,475242324,0,0,0,0,False,MB-0107,,,,,False,predictor_unavailable,0,True,0
known,True,0.0,measured_precursor_neutral,670383124,1,1,1,0,True,MB-0108,1,1,1,1,True,ok:single_scored,1,True,0
known,True,0.0,measured_precursor_neutral,876450224,1,1,1,0,True,MB-0109,1,1,1,1,True,ok:single_scored,1,True,0
known,True,0.15322419882148464,measured_precursor_neutral,228114824,3,3,3,0,True,MB-0110,3,1,1,3,True,ok,1,True,0
known,True,0.0,measured_precursor_neutral,253018424,1,1,1,0,True,MB-0111,1,1,1,1,True,ok:single_scored,1,True,0
known,False,0.0,measured_precursor_neutral,255007424,1,1,1,0,False,MB-0112,,,,,True,ok:single_scored,0,True,0
known,True,0.020949317232967668,measured_precursor_neutral,260067824,2,2,2,0,True,MB-0113,1,2,2,1,True,ok,1,True,0
known,True,0.033285895673735355,measured_precursor_neutral,281104724,3,3,2,1,True,MB-0114,1,1,2,1,True,ok,1,True,0
known,True,0.0,measured_precursor_neutral,293163124,1,1,1,0,True,MB-0115,1,1,1,1,True,ok:single_scored,1,True,0
known,False,0.0,measured_precursor_neutral,314154824,1,1,1,0,False,MB-0116,,,,,True,ok:single_scored,0,True,0
known,False,,measured_precursor_neutral,321168124,0,0,0,0,False,MB-0117,,,,,False,predictor_unavailable,0,True,0
known,False,0.0,measured_precursor_neutral,370071024,3,3,0,3,False,MB-0118,,,,,True,ok,0,True,0
known,False,,measured_precursor_neutral,370145024,0,0,0,0,False,MB-0119,,,,,False,predictor_unavailable,0,True,0
known,False,,measured_precursor_neutral,377245924,0,0,0,0,False,MB-0120,,,,,False,predictor_unavailable,0,True,0
known,False,,measured_precursor_neutral,378157124,0,0,0,0,False,MB-0121,,,,,False,predictor_unavailable,0,True,0
known,False,,measured_precursor_neutral,570799024,0,0,0,0,False,MB-0122,,,,,False,predictor_unavailable,0,True,0
known,False,0.0,measured_precursor_neutral,583276924,1,1,0,1,False,MB-0123,,,,,True,ok:single_scored,0,True,0
known,False,,measured_precursor_neutral,180071524,0,0,0,0,False,MB-0124,,,,,False,predictor_unavailable,0,True,0
known,True,0.0414791564253576,measured_precursor_neutral,211099324,3,3,3,0,True,MB-0125,3,3,3,3,True,ok,1,True,0
known,True,0.021928400827139802,measured_precursor_neutral,213100924,2,2,2,0,True,MB-0126,2,2,2,2,True,ok,1,True,0
known,False,0.055877986732028345,measured_precursor_neutral,255088624,2,2,2,0,False,MB-0127,,,,,True,ok,0,True,0
known,True,0.0017757492257498009,measured_precursor_neutral,260050024,2,2,2,0,True,MB-0128,2,2,1,2,True,ok,1,True,0
known,False,0.0,measured_precursor_neutral,261151024,1,1,1,0,False,MB-0129,,,,,True,ok:single_scored,0,True,0
known,False,0.0,measured_precursor_neutral,262154524,1,1,1,0,False,MB-0130,,,,,True,ok:single_scored,0,True,0
known,True,0.0,measured_precursor_neutral,281152324,1,1,1,0,True,MB-0131,1,1,1,1,True,ok:single_scored,1,True,0
known,True,0.03533252870930459,measured_precursor_neutral,287166624,2,2,2,0,True,MB-0132,2,1,1,2,True,ok,1,True,0
known,True,0.0,measured_precursor_neutral,369215424,1,1,1,0,True,MB-0133,1,1,1,1,True,ok:single_scored,1,True,0
known,False,0.0,measured_precursor_neutral,370250124,1,1,1,0,False,MB-0134,,,,,True,ok:single_scored,0,True,0
known,True,0.0,measured_precursor_neutral,406212724,1,1,1,0,True,MB-0135,1,1,1,1,True,ok:single_scored,1,True,0
known,True,0.0,measured_precursor_neutral,411184324,1,1,1,0,True,MB-0136,1,1,1,1,True,ok:single_scored,1,True,0
known,True,0.0,measured_precursor_neutral,421163224,1,1,1,0,True,MB-0137,1,1,1,1,True,ok:single_scored,1,True,0
known,False,0.0016748638938250127,measured_precursor_neutral,204089424,6,6,3,3,False,MB-0138,,,,,True,ok,0,True,0
known,True,0.020183958881933806,measured_precursor_neutral,223120424,4,4,4,0,True,MB-0139,3,2,3,3,True,ok,1,True,0
known,True,0.009842748203119533,measured_precursor_neutral,254094024,4,4,4,0,True,MB-0140,3,2,1,3,True,ok,1,True,0
known,True,0.0,measured_precursor_neutral,258032224,1,1,1,0,True,MB-0141,1,1,1,1,True,ok:single_scored,1,True,0
known,True,0.28870917365524207,measured_precursor_neutral,264146924,3,3,3,0,True,MB-0142,2,1,1,2,True,ok,1,True,0
known,True,0.11668755385907714,measured_precursor_neutral,275151624,2,2,2,0,True,MB-0143,2,1,1,2,True,ok,1,True,0
known,False,,measured_precursor_neutral,306230324,0,0,0,0,False,MB-0144,,,,,False,predictor_unavailable,0,True,0
known,True,0.0,measured_precursor_neutral,327110324,1,1,1,0,True,MB-0145,1,1,1,1,True,ok:single_scored,1,True,0
known,True,0.007811464982527716,measured_precursor_neutral,338208924,3,3,3,0,True,MB-0146,3,2,3,3,True,ok,1,True,0
known,True,0.0,measured_precursor_neutral,349114324,1,1,1,0,True,MB-0147,1,1,1,1,True,ok:single_scored,1,True,0
known,False,,measured_precursor_neutral,351143524,0,0,0,0,False,MB-0148,,,,,False,predictor_unavailable,0,True,0
known,False,,measured_precursor_neutral,385133824,0,0,0,0,False,MB-0149,,,,,False,predictor_unavailable,0,True,0
known,False,,measured_precursor_neutral,508233724,0,0,0,0,False,GN-0000,,,,,False,predictor_unavailable,0,True,0
known,False,0.02645591338914899,measured_precursor_neutral,460283724,2,2,2,0,False,GN-0001,,,,,True,ok,0,True,0
