qid,measured_neutral_mu,precision_known,nested_ok,stage1_present_s1,stage1_n_s1,stage1_n_accept,stage1_n_ambiguous,stage1_n_unavailable,stage1_n_reject,stage2_present_s2,stage2_n_s2,stage3_oracle_patterns,stage3_present_s3,stage3_n_s3,stage3_truncated,stage4_precursor
MB-0000,336146824,True,True,False,2,2,0,0,26657,False,2,single+bonded_pair,False,1,False,not_evaluated
MB-0001,528261924,True,True,False,11,11,0,0,26648,False,11,single+bonded_pair,False,11,False,not_evaluated
MB-0002,528261924,True,True,False,11,11,0,0,26648,False,11,single+bonded_pair,False,11,False,not_evaluated
MB-0003,433174424,True,True,False,1,1,0,0,26658,False,1,single+bonded_pair,False,1,False,not_evaluated
MB-0004,316203324,True,True,False,28,28,0,0,26631,False,28,single+bonded_pair,False,1,False,not_evaluated
MB-0005,420214224,True,True,False,0,0,0,0,26659,False,0,single+bonded_pair,False,0,False,not_evaluated
MB-0006,561294524,True,True,False,1,1,0,0,26658,False,1,single+bonded_pair,False,1,False,not_evaluated
MB-0007,575310224,True,True,False,2,2,0,0,26657,False,2,single+bonded_pair,False,2,False,not_evaluated
MB-0008,533263224,True,True,False,0,0,0,0,26659,False,0,single+bonded_pair,False,0,False,not_evaluated
MB-0009,547278924,True,True,False,1,1,0,0,26658,False,1,single+bonded_pair,False,1,False,not_evaluated
MB-0010,581263224,True,True,False,2,2,0,0,26657,False,1,single+bonded_pair,False,1,False,not_evaluated
MB-0011,593299624,True,True,False,0,0,0,0,26659,False,0,single+bonded_pair,False,0,False,not_evaluated
MB-0012,609294524,True,True,False,1,1,0,0,26658,False,1,single+bonded_pair,False,1,False,not_evaluated
MB-0013,458178224,True,True,False,3,3,0,0,26656,False,0,single+bonded_pair,False,0,False,not_evaluated
MB-0014,324156724,True,True,False,6,4,2,0,26653,False,3,single+bonded_pair,False,1,False,not_evaluated
MB-0015,908608079,True,True,True,1,1,0,0,26658,True,1,single+bonded_pair,True,1,False,not_evaluated
MB-0016,721387924,True,True,True,2,2,0,0,26657,True,2,single+bonded_pair,True,2,False,not_evaluated
MB-0017,705393024,True,True,True,1,1,0,0,26658,True,1,single+bonded_pair,True,1,False,not_evaluated
MB-0018,705393024,True,True,False,1,1,0,0,26658,False,1,single+bonded_pair,False,1,False,not_evaluated
MB-0019,633285224,True,True,False,0,0,0,0,26659,False,0,single+bonded_pair,False,0,False,not_evaluated
MB-0020,534152024,True,True,False,2,2,0,0,26657,False,1,single+bonded_pair,False,1,False,not_evaluated
MB-0021,432133424,True,True,True,4,4,0,0,26655,True,3,single+bonded_pair,True,3,False,not_evaluated
MB-0022,542120724,True,True,False,1,1,0,0,26658,False,1,single+bonded_pair,False,0,False,not_evaluated
MB-0023,783408924,True,True,True,1,1,0,0,26658,True,1,single+bonded_pair,True,1,False,not_evaluated
MB-0024,898497424,True,True,False,1,1,0,0,26658,False,0,single+bonded_pair,False,0,False,not_evaluated
MB-0025,898497424,True,True,False,1,1,0,0,26658,False,0,single+bonded_pair,False,0,False,not_evaluated
MB-0026,410193479,True,True,False,2,2,0,0,26657,False,0,single+bonded_pair,False,0,False,not_evaluated
MB-0027,689399176,True,True,True,1,1,0,0,26658,True,1,single+bonded_pair,True,1,False,not_evaluated
MB-0028,328094124,True,True,False,10,10,0,0,26649,False,10,single+bonded_pair,False,0,False,not_evaluated
MB-0029,570079224,True,True,False,0,0,0,0,26659,False,0,single+bonded_pair,False,0,False,not_evaluated
MB-0030,1035682624,True,True,True,1,1,0,0,26658,True,1,single+bonded_pair,True,1,False,not_evaluated
MB-0031,1021666924,True,True,True,1,1,0,0,26658,True,1,single+bonded_pair,True,1,False,not_evaluated
MB-0032,447190124,True,True,False,1,1,0,0,26658,False,1,single+bonded_pair,False,1,False,not_evaluated
MB-0033,511231324,True,True,True,1,1,0,0,26658,True,1,single+bonded_pair,True,1,False,not_evaluated
MB-0034,565195276,True,True,False,2,2,0,0,26657,False,1,single+bonded_pair,False,1,False,not_evaluated
MB-0035,419158824,True,True,False,1,1,0,0,26658,False,1,single+bonded_pair,False,1,False,not_evaluated
MB-0036,435190124,True,True,False,0,0,0,0,26659,False,0,single+bonded_pair,False,0,False,not_evaluated
MB-0037,236105376,True,True,False,7,7,0,0,26652,False,7,single+bonded_pair,False,0,False,not_evaluated
MB-0038,428255724,True,True,False,2,2,0,0,26657,False,2,single+bonded_pair,False,2,False,not_evaluated
MB-0039,268095176,True,True,False,4,3,1,0,26655,False,3,single+bonded_pair,False,0,False,not_evaluated
MB-0040,515223024,True,True,False,0,0,0,0,26659,False,0,single+bonded_pair,False,0,False,not_evaluated
MB-0041,472158576,True,True,False,0,0,0,0,26659,False,0,single+bonded_pair,False,0,False,not_evaluated
MB-0042,458267376,True,True,False,0,0,0,0,26659,False,0,single+bonded_pair,False,0,False,not_evaluated
MB-0043,690383176,True,True,False,0,0,0,0,26659,False,0,single+bonded_pair,False,0,False,not_evaluated
MB-0044,704362476,True,True,False,0,0,0,0,26659,False,0,single+bonded_pair,False,0,False,not_evaluated
MB-0045,688367576,True,True,False,0,0,0,0,26659,False,0,single+bonded_pair,False,0,False,not_evaluated
MB-0046,492273124,True,True,False,3,3,0,0,26656,False,0,single+bonded_pair,False,0,False,not_evaluated
MB-0047,213986576,True,True,True,2,2,0,0,26657,True,1,single+bonded_pair,True,1,False,not_evaluated
MB-0048,263983376,True,True,True,1,1,0,0,26658,True,1,single+bonded_pair,True,1,False,not_evaluated
MB-0049,313980376,True,True,True,2,2,0,0,26657,True,1,single+bonded_pair,True,1,False,not_evaluated
MB-0050,363977076,True,True,True,1,1,0,0,26658,True,1,single+bonded_pair,True,1,False,not_evaluated
MB-0051,413973276,True,True,True,1,1,0,0,26658,True,1,single+bonded_pair,True,1,False,not_evaluated
MB-0052,242094676,True,True,False,5,5,0,0,26654,False,5,single+bonded_pair,False,2,False,not_evaluated
MB-0053,134048076,True,True,False,1,1,0,0,26658,False,1,single+bonded_pair,False,0,False,not_evaluated
MB-0054,539757876,True,True,True,1,1,0,0,26658,True,1,single+bonded_pair,True,1,False,not_evaluated
MB-0055,236177476,True,True,False,13,13,0,0,26646,False,13,single+bonded_pair,False,0,False,not_evaluated
MB-0056,480971076,True,True,True,1,1,0,0,26658,True,1,single+bonded_pair,True,1,False,not_evaluated
MB-0057,212106276,True,True,False,4,4,0,0,26655,False,1,single+bonded_pair,False,1,False,not_evaluated
MB-0058,268005876,True,True,False,0,0,0,0,26659,False,0,single+bonded_pair,False,0,False,not_evaluated
MB-0059,269116276,True,True,True,5,5,0,0,26654,True,3,single+bonded_pair,True,2,False,not_evaluated
MB-0060,306104276,True,True,True,3,3,0,0,26656,True,1,single+bonded_pair,True,1,False,not_evaluated
MB-0061,255256576,True,True,True,2,2,0,0,26657,True,2,single+bonded_pair,True,1,False,not_evaluated
MB-0062,263847176,True,True,True,1,1,0,0,26658,True,1,single+bonded_pair,True,1,False,not_evaluated
MB-0063,248141176,True,True,False,28,28,0,0,26631,False,28,single+bonded_pair,False,5,False,not_evaluated
MB-0064,747478724,True,True,True,1,1,0,0,26658,True,1,single+bonded_pair,True,1,False,not_evaluated
MB-0065,733463024,True,True,True,1,1,0,0,26658,True,1,single+bonded_pair,True,1,False,not_evaluated
MB-0066,369130024,True,True,True,2,2,0,0,26657,True,1,single+bonded_pair,True,1,False,not_evaluated
MB-0067,194054824,True,True,True,1,1,0,0,26658,True,1,single+bonded_pair,True,1,False,not_evaluated
MB-0068,209127124,True,True,False,1,1,0,0,26658,False,0,single+bonded_pair,False,0,False,not_evaluated
MB-0069,211120224,True,True,True,7,7,0,0,26652,True,7,single+bonded_pair,True,1,False,not_evaluated
MB-0070,226110124,True,True,True,2,2,0,0,26657,True,2,single+bonded_pair,True,1,False,not_evaluated
MB-0071,234007124,True,True,False,1,1,0,0,26658,False,0,single+bonded_pair,False,0,False,not_evaluated
MB-0072,274122924,True,True,True,4,4,0,0,26655,True,3,single+bonded_pair,True,3,False,not_evaluated
MB-0073,279175124,True,True,False,0,0,0,0,26659,False,0,single+bonded_pair,False,0,False,not_evaluated
MB-0074,300158024,True,True,True,1,1,0,0,26658,True,1,single+bonded_pair,True,1,False,not_evaluated
MB-0075,324146624,True,True,True,1,1,0,0,26658,True,1,single+bonded_pair,True,1,False,not_evaluated
MB-0076,346097724,True,True,True,1,1,0,0,26658,True,1,single+bonded_pair,True,1,False,not_evaluated
MB-0077,357095724,True,True,True,2,1,1,0,26657,True,1,single+bonded_pair,True,1,False,not_evaluated
MB-0078,407162724,True,True,True,3,0,3,0,26656,True,1,single+bonded_pair,True,1,False,not_evaluated
MB-0079,437174224,True,True,True,2,2,0,0,26657,True,1,single+bonded_pair,True,1,False,not_evaluated
MB-0080,441213724,True,True,False,1,1,0,0,26658,False,0,single+bonded_pair,False,0,False,not_evaluated
MB-0081,455229524,True,True,False,0,0,0,0,26659,False,0,single+bonded_pair,False,0,False,not_evaluated
MB-0082,560351624,True,True,True,3,3,0,0,26656,True,1,single+bonded_pair,True,1,False,not_evaluated
MB-0083,685461524,True,True,True,1,1,0,0,26658,True,1,single+bonded_pair,True,1,False,not_evaluated
MB-0084,137058524,True,True,True,2,2,0,0,26657,True,2,single+bonded_pair,True,1,False,not_evaluated
MB-0085,231100524,True,True,False,2,2,0,0,26657,False,2,single+bonded_pair,False,0,False,not_evaluated
MB-0086,315084524,True,True,True,3,3,0,0,26656,True,3,single+bonded_pair,True,3,False,not_evaluated
MB-0087,343169324,True,True,True,1,1,0,0,26658,True,1,single+bonded_pair,True,1,False,not_evaluated
MB-0088,360148324,True,True,True,5,5,0,0,26654,True,3,single+bonded_pair,True,3,False,not_evaluated
MB-0089,367209924,True,True,True,3,3,0,0,26656,True,3,single+bonded_pair,True,3,False,not_evaluated
MB-0090,373137024,True,True,True,1,1,0,0,26658,True,1,single+bonded_pair,True,1,False,not_evaluated
MB-0091,375158424,True,True,True,4,4,0,0,26655,True,3,single+bonded_pair,True,3,False,not_evaluated
MB-0092,399207224,True,True,True,5,5,0,0,26654,True,3,single+bonded_pair,True,3,False,not_evaluated
MB-0093,451184524,True,True,True,2,2,0,0,26657,True,2,single+bonded_pair,True,1,False,not_evaluated
MB-0094,472121524,True,True,True,2,2,0,0,26657,True,1,single+bonded_pair,True,1,False,not_evaluated
MB-0095,534149324,True,True,False,2,2,0,0,26657,False,1,single+bonded_pair,False,1,False,not_evaluated
MB-0096,570354124,True,True,False,0,0,0,0,26659,False,0,single+bonded_pair,False,0,False,not_evaluated
MB-0097,645021624,True,True,True,1,1,0,0,26658,True,1,single+bonded_pair,True,1,False,not_evaluated
MB-0098,645244824,True,True,True,1,1,0,0,26658,True,1,single+bonded_pair,True,1,False,not_evaluated
MB-0099,210158824,True,True,True,1,1,0,0,26658,True,1,single+bonded_pair,True,1,False,not_evaluated
MB-0100,266130124,True,True,True,4,4,0,0,26655,True,4,single+bonded_pair,True,1,False,not_evaluated
MB-0101,275166724,True,True,True,2,2,0,0,26657,True,2,single+bonded_pair,True,1,False,not_evaluated
MB-0102,301051724,True,True,False,2,2,0,0,26657,False,1,single+bonded_pair,False,1,False,not_evaluated
MB-0103,309266124,True,True,True,1,1,0,0,26658,True,1,single+bonded_pair,True,1,False,not_evaluated
MB-0104,332234224,True,True,False,13,13,0,0,26646,False,13,single+bonded_pair,False,4,False,not_evaluated
MB-0105,383068824,True,True,True,1,1,0,0,26658,True,1,single+bonded_pair,True,1,False,not_evaluated
MB-0106,453039224,True,True,True,1,1,0,0,26658,True,1,single+bonded_pair,True,1,False,not_evaluated
MB-0107,475242324,True,True,False,1,1,0,0,26658,False,0,single+bonded_pair,False,0,False,not_evaluated
MB-0108,670383124,True,True,True,1,1,0,0,26658,True,1,single+bonded_pair,True,1,False,not_evaluated
MB-0109,876450224,True,True,True,1,1,0,0,26658,True,1,single+bonded_pair,True,1,False,not_evaluated
MB-0110,228114824,True,True,True,3,3,0,0,26656,True,3,single+bonded_pair,True,1,False,not_evaluated
MB-0111,253018424,True,True,True,1,1,0,0,26658,True,1,single+bonded_pair,True,1,False,not_evaluated
MB-0112,255007424,True,True,False,1,1,0,0,26658,False,1,single+bonded_pair,False,1,False,not_evaluated
MB-0113,260067824,True,True,True,2,2,0,0,26657,True,2,single+bonded_pair,True,1,False,not_evaluated
MB-0114,281104724,True,True,True,3,3,0,0,26656,True,3,single+bonded_pair,True,1,False,not_evaluated
MB-0115,293163124,True,True,True,1,1,0,0,26658,True,1,single+bonded_pair,True,1,False,not_evaluated
MB-0116,314154824,True,True,False,9,9,0,0,26650,False,1,single+bonded_pair,False,1,False,not_evaluated
MB-0117,321168124,True,True,False,0,0,0,0,26659,False,0,single+bonded_pair,False,0,False,not_evaluated
MB-0118,370071024,True,True,False,6,3,3,0,26653,False,3,single+bonded_pair,False,3,False,not_evaluated
MB-0119,370145024,True,True,False,16,16,0,0,26643,False,0,single+bonded_pair,False,0,False,not_evaluated
MB-0120,377245924,True,True,False,0,0,0,0,26659,False,0,single+bonded_pair,False,0,False,not_evaluated
MB-0121,378157124,True,True,False,2,2,0,0,26657,False,0,single+bonded_pair,False,0,False,not_evaluated
MB-0122,570799024,True,True,False,0,0,0,0,26659,False,0,single+bonded_pair,False,0,False,not_evaluated
MB-0123,583276924,True,True,False,2,2,0,0,26657,False,1,single+bonded_pair,False,1,False,not_evaluated
MB-0124,180071524,True,True,False,0,0,0,0,26659,False,0,single+bonded_pair,False,0,False,not_evaluated
MB-0125,211099324,True,True,False,0,0,0,0,26659,False,0,single+bonded_pair,False,0,False,not_evaluated
MB-0126,213100924,True,True,True,5,5,0,0,26654,True,2,single+bonded_pair,True,1,False,not_evaluated
MB-0127,255088624,True,True,False,5,5,0,0,26654,False,5,single+bonded_pair,False,0,False,not_evaluated
MB-0128,260050024,True,True,True,2,2,0,0,26657,True,2,single+bonded_pair,True,2,False,not_evaluated
MB-0129,261151024,True,True,False,2,2,0,0,26657,False,1,single+bonded_pair,False,0,False,not_evaluated
MB-0130,262154524,True,True,False,1,1,0,0,26658,False,1,single+bonded_pair,False,0,False,not_evaluated
MB-0131,281152324,True,True,True,1,1,0,0,26658,True,1,single+bonded_pair,True,1,False,not_evaluated
MB-0132,287166624,True,True,True,2,2,0,0,26657,True,2,single+bonded_pair,True,2,False,not_evaluated
MB-0133,369215424,True,True,True,1,1,0,0,26658,True,1,single+bonded_pair,True,1,False,not_evaluated
MB-0134,370250124,True,True,False,1,1,0,0,26658,False,1,single+bonded_pair,False,0,False,not_evaluated
MB-0135,406212724,True,True,True,4,0,4,0,26655,True,1,single+bonded_pair,True,1,False,not_evaluated
MB-0136,411184324,True,True,True,6,6,0,0,26653,True,6,single+bonded_pair,True,6,False,not_evaluated
MB-0137,421163224,True,True,True,2,2,0,0,26657,True,1,single+bonded_pair,True,1,False,not_evaluated
MB-0138,204089424,True,True,False,10,10,0,0,26649,False,10,single+bonded_pair,False,0,False,not_evaluated
MB-0139,223120424,True,True,True,6,6,0,0,26653,True,6,single+bonded_pair,True,1,False,not_evaluated
MB-0140,254094024,True,True,True,5,5,0,0,26654,True,5,single+bonded_pair,True,5,False,not_evaluated
MB-0141,258032224,True,True,True,1,1,0,0,26658,True,1,single+bonded_pair,True,1,False,not_evaluated
MB-0142,264146924,True,True,True,3,3,0,0,26656,True,3,single+bonded_pair,True,3,False,not_evaluated
MB-0143,275151624,True,True,True,4,4,0,0,26655,True,4,single+bonded_pair,True,3,False,not_evaluated
MB-0144,306230324,True,True,False,0,0,0,0,26659,False,0,single+bonded_pair,False,0,False,not_evaluated
MB-0145,327110324,True,True,True,1,1,0,0,26658,True,1,single+bonded_pair,True,1,False,not_evaluated
MB-0146,338208924,True,True,True,4,4,0,0,26655,True,3,single+bonded_pair,True,1,False,not_evaluated
MB-0147,349114324,True,True,True,1,1,0,0,26658,True,1,single+bonded_pair,True,1,False,not_evaluated
MB-0148,351143524,True,True,False,3,2,1,0,26656,False,0,single+bonded_pair,False,0,False,not_evaluated
MB-0149,385133824,True,True,False,1,1,0,0,26658,False,0,single+bonded_pair,False,0,False,not_evaluated
GN-0000,508233724,True,True,False,2,2,0,0,26657,False,0,single+bonded_pair,False,0,False,not_evaluated
GN-0001,460283724,True,True,False,2,2,0,0,26657,False,2,single+bonded_pair,False,0,False,not_evaluated
