qid,source,nn_accession,nn_source,cosine,eligible,n_eligible_refs,hit
MB-0000,MassBank,MSBNK-AAFC-AC000051,MassBank,0.9453156012597617,True,4,True
MB-0001,MassBank,MSBNK-AAFC-AC000091,MassBank,0.7273990976097989,True,6,False
MB-0002,MassBank,MSBNK-AAFC-AC000081,MassBank,0.7273990976097989,True,2,False
MB-0003,MassBank,MSBNK-AAFC-AC000190,MassBank,0.759244146025813,True,4,True
MB-0004,MassBank,MSBNK-AAFC-AC000244,MassBank,0.971607159813426,True,4,True
MB-0005,MassBank,MSBNK-AAFC-AC000249,MassBank,0.8013844917238092,True,5,True
MB-0006,MassBank,MSBNK-AAFC-AC000295,MassBank,0.7774921832695535,True,7,True
MB-0007,MassBank,MSBNK-AAFC-AC000305,MassBank,0.7090703850837581,True,11,True
MB-0008,MassBank,MSBNK-AAFC-AC000329,MassBank,0.7437647623147796,True,3,True
MB-0009,MassBank,MSBNK-AAFC-AC000334,MassBank,0.7648620733486075,True,3,True
MB-0010,MassBank,MSBNK-AAFC-AC000344,MassBank,0.7088384674502521,True,3,True
MB-0011,MassBank,MSBNK-AAFC-AC000349,MassBank,0.7230338780434195,True,3,True
MB-0012,MassBank,MSBNK-AAFC-AC000358,MassBank,0.8397286863741015,True,7,True
MB-0013,MassBank,MSBNK-AAFC-AC000363,MassBank,0.8324122175995,True,4,True
MB-0014,MassBank,MSBNK-AAFC-AC000393,MassBank,0.9020210852640261,True,4,True
MB-0015,MassBank,MSBNK-AAFC-AC000423,MassBank,0.3996365224359415,True,2,True
MB-0016,MassBank,MSBNK-Athens_Univ-AU596802,MassBank,0.9499137965634821,True,8,True
MB-0017,MassBank,MSBNK-AAFC-AC000490,MassBank,0.9748730423662819,True,9,False
MB-0018,MassBank,MSBNK-AAFC-AC000481,MassBank,0.9748730423662819,True,7,False
MB-0019,MassBank,MSBNK-AAFC-AC000500,MassBank,0.7571041907914156,True,3,True
MB-0020,MassBank,MSBNK-AAFC-AC000542,MassBank,0.7345344648515196,True,3,True
MB-0021,MassBank,MSBNK-AAFC-AC000647,MassBank,0.7060757151364364,True,4,False
MB-0022,MassBank,MSBNK-AAFC-AC000565,MassBank,0.6912653399421341,True,4,True
MB-0023,MassBank,MSBNK-AAFC-AC000575,MassBank,0.5744154953474436,True,7,True
MB-0024,MassBank,MSBNK-AAFC-AC000619,MassBank,0.9922963432523364,True,5,False
MB-0025,MassBank,MSBNK-AAFC-AC000611,MassBank,0.9922963432523364,True,4,False
MB-0026,MassBank,MSBNK-AAFC-AC000648,MassBank,0.8308951279438496,True,2,True
MB-0027,MassBank,MSBNK-AAFC-AC000942,MassBank,0.6693258712907721,True,5,False
MB-0028,MassBank,MSBNK-AAFC-AC000674,MassBank,0.8649919918651893,True,2,True
MB-0029,MassBank,MSBNK-AAFC-AC000702,MassBank,0.5208725300919188,True,3,True
MB-0030,MassBank,MSBNK-AAFC-AC000734,MassBank,0.5236514369102127,True,6,False
MB-0031,MassBank,MSBNK-AAFC-AC000725,MassBank,0.5236514369102127,True,6,False
MB-0032,MassBank,MSBNK-AAFC-AC000744,MassBank,0.677203247437587,True,3,True
MB-0033,MassBank,MSBNK-AAFC-AC000753,MassBank,0.6488565556266249,True,4,True
MB-0034,MassBank,MSBNK-AAFC-AC000763,MassBank,0.5375597790246845,True,4,True
MB-0035,MassBank,MSBNK-AAFC-AC000777,MassBank,0.7956279226213038,True,4,True
MB-0036,MassBank,CCMSLIB00000081126,GNPS,0.9346125624276773,True,4,False
MB-0037,MassBank,MSBNK-AAFC-AC000802,MassBank,0.9999428479099983,True,4,True
MB-0038,MassBank,MSBNK-BAFG-CSL2311093613,MassBank,0.8917648213994154,True,6,False
MB-0039,MassBank,MSBNK-AAFC-AC000843,MassBank,0.9993156258231285,True,4,True
MB-0040,MassBank,MSBNK-AAFC-AC000873,MassBank,0.2945321098762015,True,9,True
MB-0041,MassBank,MSBNK-AAFC-AC000884,MassBank,0.8466530713761489,True,4,True
MB-0042,MassBank,CCMSLIB00000081139,GNPS,0.6864343651029815,True,1,False
MB-0043,MassBank,MSBNK-AAFC-AC000932,MassBank,0.39328894063119374,True,4,True
MB-0044,MassBank,MSBNK-AAFC-AC000937,MassBank,0.5631144270224483,True,4,True
MB-0045,MassBank,MSBNK-AAFC-AC000942,MassBank,0.754752235602031,True,4,True
MB-0046,MassBank,MSBNK-AAFC-AC000947,MassBank,0.4440204781938795,True,4,True
MB-0047,MassBank,MSBNK-Athens_Univ-AU233957,MassBank,0.6543619296933355,False,0,False
MB-0048,MassBank,MSBNK-ACES_SU-AS001151,MassBank,0.3968385994133881,False,0,False
MB-0049,MassBank,MSBNK-Athens_Univ-AU240657,MassBank,0.7577469875268497,True,2,True
MB-0050,MassBank,MSBNK-Athens_Univ-AU241058,MassBank,0.9014769681678662,True,5,True
MB-0051,MassBank,MSBNK-Athens_Univ-AU240458,MassBank,0.7740146936555268,True,7,True
MB-0052,MassBank,MSBNK-ACES_SU-AS000211,MassBank,0.9382450253524451,True,2,True
MB-0053,MassBank,MSBNK-Athens_Univ-AU230701,MassBank,0.8250832887157543,True,1,False
MB-0054,MassBank,MSBNK-ACES_SU-AS000218,MassBank,0.6600976315010885,True,6,True
MB-0055,MassBank,MSBNK-ACES_SU-AS000219,MassBank,0.8816134169131957,True,1,True
MB-0056,MassBank,MSBNK-ACES_SU-AS000236,MassBank,0.6399219692682538,True,2,True
MB-0057,MassBank,MSBNK-ACES_SU-AS001216,MassBank,0.7995738922361495,True,1,False
MB-0058,MassBank,MSBNK-Athens_Univ-AU237558,MassBank,0.9167890698954559,True,5,True
MB-0059,MassBank,MSBNK-ACES_SU-AS000244,MassBank,0.7218946507336511,True,2,True
MB-0060,MassBank,MSBNK-ACES_SU-AS001553,MassBank,0.9824101082264888,True,41,True
MB-0061,MassBank,MSBNK-ACES_SU-AS000408,MassBank,0.7423325596891327,True,1,False
MB-0062,MassBank,MSBNK-AAFC-AC000790,MassBank,0.5536323198373645,False,0,False
MB-0063,MassBank,MSBNK-ACES_SU-AS000134,MassBank,0.6463145945304425,True,1,True
MB-0064,MassBank,MSBNK-ACES_SU-AS000752,MassBank,0.9450247461423151,True,15,True
MB-0065,MassBank,MSBNK-ACES_SU-AS000714,MassBank,0.9015949016305593,True,9,True
MB-0066,MassBank,MSBNK-ACES_SU-AS000470,MassBank,0.4692271970051786,False,0,False
MB-0067,MassBank,MSBNK-ACES_SU-AS001174,MassBank,0.606716642104461,False,0,False
MB-0068,MassBank,MSBNK-ACES_SU-AS001345,MassBank,0.6083480893787361,True,1,False
MB-0069,MassBank,MSBNK-ACES_SU-AS000987,MassBank,0.646565798498644,False,0,False
MB-0070,MassBank,MSBNK-ACES_SU-AS001183,MassBank,0.5537388966175231,False,0,False
MB-0071,MassBank,MSBNK-AAFC-AC000802,MassBank,0.8607743645083468,True,1,False
MB-0072,MassBank,MSBNK-ACES_SU-AS001260,MassBank,0.5605399028807486,False,0,False
MB-0073,MassBank,MSBNK-ACES_SU-AS001072,MassBank,0.4391456131689758,False,0,False
MB-0074,MassBank,MSBNK-ACES_SU-AS000649,MassBank,0.7216735406777199,True,1,False
MB-0075,MassBank,MSBNK-ACES_SU-AS000734,MassBank,0.5682458620623123,True,1,False
MB-0076,MassBank,MSBNK-ACES_SU-AS000856,MassBank,0.6368843787306099,True,1,False
MB-0077,MassBank,MSBNK-Antwerp_Univ-METOX_N105226_B8BB,MassBank,0.6938913215371474,True,1,False
MB-0078,MassBank,MSBNK-Athens_Univ-AU225707,MassBank,0.7383210514628213,False,0,False
MB-0079,MassBank,CCMSLIB00000081017,GNPS,0.4169004758938854,False,0,False
MB-0080,MassBank,MSBNK-BAFG-CSL2311092412,MassBank,0.3362020180591313,True,1,False
MB-0081,MassBank,MSBNK-Athens_Univ-AU117102,MassBank,0.6283561530860474,True,1,False
MB-0082,MassBank,MSBNK-ACES_SU-AS000777,MassBank,0.3096725917521005,True,1,False
MB-0083,MassBank,MSBNK-ACES_SU-AS001116,MassBank,0.47703919864434197,True,1,False
MB-0084,MassBank,MSBNK-Athens_Univ-AU501401,MassBank,0.6210520314876959,True,1,False
MB-0085,MassBank,MSBNK-BAFG-CSL2311091961,MassBank,0.5722906584263331,True,1,False
MB-0086,MassBank,MSBNK-ACES_SU-AS001156,MassBank,0.6160916551504473,False,0,False
MB-0087,MassBank,MSBNK-Athens_Univ-AU508101,MassBank,0.6249506172684602,False,0,False
MB-0088,MassBank,MSBNK-BAFG-CSL2311094128,MassBank,0.47149117980995564,True,1,False
MB-0089,MassBank,MSBNK-ACES_SU-AS001116,MassBank,0.6229041797080458,False,0,False
MB-0090,MassBank,MSBNK-ACES_SU-AS001097,MassBank,0.4863833898846878,False,0,False
MB-0091,MassBank,MSBNK-ACES_SU-AS001364,MassBank,0.7924513258586303,False,0,False
MB-0092,MassBank,MSBNK-Athens_Univ-AU117207,MassBank,0.5069350944276503,False,0,False
MB-0093,MassBank,MSBNK-ACES_SU-AS001690,MassBank,0.4389608572001725,True,1,False
MB-0094,MassBank,MSBNK-Athens_Univ-AU209407,MassBank,0.30859828137833395,False,0,False
MB-0095,MassBank,MSBNK-ACES_SU-AS000510,MassBank,0.49847597588295844,True,1,False
MB-0096,MassBank,MSBNK-ACES_SU-AS001670,MassBank,0.6795922339395406,True,1,False
MB-0097,MassBank,MSBNK-Athens_Univ-AU273306,MassBank,0.9197812186861815,True,6,True
MB-0098,MassBank,MSBNK-Athens_Univ-AU117007,MassBank,0.5007102659781751,False,0,False
MB-0099,MassBank,MSBNK-ACES_SU-AS001216,MassBank,0.86656539204615,False,0,False
MB-0100,MassBank,MSBNK-Antwerp_Univ-AN120627,MassBank,0.6591746995644601,True,1,False
MB-0101,MassBank,MSBNK-ACES_SU-AS000492,MassBank,0.596636615318616,False,0,False
MB-0102,MassBank,MSBNK-ACES_SU-AS001188,MassBank,0.46424130144846293,True,1,False
MB-0103,MassBank,MSBNK-ACES_SU-AS001039,MassBank,0.5710442210270509,False,0,False
MB-0104,MassBank,CCMSLIB00000081028,GNPS,0.7550042413168052,True,1,False
MB-0105,MassBank,MSBNK-ACES_SU-AS001712,MassBank,0.44925849401080215,True,1,False
MB-0106,MassBank,MSBNK-ACES_SU-AS000507,MassBank,0.5029315679480982,True,1,False
MB-0107,MassBank,MSBNK-ACES_SU-AS001173,MassBank,0.4714114947777133,True,1,False
MB-0108,MassBank,MSBNK-Athens_Univ-AU249103,MassBank,0.33251525349979477,True,1,False
MB-0109,MassBank,MSBNK-ACES_SU-AS000791,MassBank,0.7610011153087975,True,1,False
MB-0110,MassBank,MSBNK-Athens_Univ-AU122401,MassBank,0.8663640120394798,False,0,False
MB-0111,MassBank,MSBNK-BAFG-CSL2311091256,MassBank,0.8441682405533973,True,1,False
MB-0112,MassBank,MSBNK-ACES_SU-AS000128,MassBank,0.805649740427518,True,1,False
MB-0113,MassBank,MSBNK-ACES_SU-AS000718,MassBank,0.5989184975590044,False,0,False
MB-0114,MassBank,MSBNK-Athens_Univ-AU106303,MassBank,0.7276764163899643,False,0,False
MB-0115,MassBank,MSBNK-ACES_SU-AS001495,MassBank,0.5883283564221139,True,7,False
MB-0116,MassBank,MSBNK-ACES_SU-AS001057,MassBank,0.871238272098763,False,0,False
MB-0117,MassBank,MSBNK-Athens_Univ-AU263301,MassBank,0.654039556033579,False,0,False
MB-0118,MassBank,MSBNK-ACES_SU-AS001406,MassBank,0.5140337074099396,True,1,False
MB-0119,MassBank,MSBNK-ACES_SU-AS001406,MassBank,0.7214063078300287,True,1,False
MB-0120,MassBank,MSBNK-ACES_SU-AS001645,MassBank,0.45133533304049345,False,0,False
MB-0121,MassBank,MSBNK-ACES_SU-AS001017,MassBank,0.4529426085524129,True,1,False
MB-0122,MassBank,MSBNK-AAFC-AC000301,MassBank,0.3619720560816156,True,1,False
MB-0123,MassBank,MSBNK-ACES_SU-AS001661,MassBank,0.5894006863849516,True,1,False
MB-0124,MassBank,MSBNK-ACES_SU-AS000884,MassBank,0.5618325079961864,True,1,False
MB-0125,MassBank,MSBNK-Athens_Univ-AU248706,MassBank,0.6294103238252232,False,0,False
MB-0126,MassBank,MSBNK-BAFG-CSL2311095815,MassBank,0.6558477477362957,True,1,False
MB-0127,MassBank,MSBNK-ACES_SU-AS000128,MassBank,0.7891320553125908,True,1,False
MB-0128,MassBank,MSBNK-ACES_SU-AS000845,MassBank,0.6263751273021813,False,0,False
MB-0129,MassBank,MSBNK-ACES_SU-AS000453,MassBank,0.9350752645744889,False,0,False
MB-0130,MassBank,MSBNK-ACES_SU-AS000452,MassBank,0.9350752645744889,False,0,False
MB-0131,MassBank,MSBNK-Athens_Univ-AU106303,MassBank,0.6590228377035535,True,1,False
MB-0132,MassBank,MSBNK-ACES_SU-AS001015,MassBank,0.6468241050917789,False,0,False
MB-0133,MassBank,MSBNK-ACES_SU-AS000275,MassBank,0.4692271970051786,True,1,False
MB-0134,MassBank,MSBNK-ACES_SU-AS001358,MassBank,0.5278006119177773,True,1,False
MB-0135,MassBank,MSBNK-BAFG-CSL23111012455,MassBank,0.9212536199770247,True,21,True
MB-0136,MassBank,MSBNK-Athens_Univ-AU210202,MassBank,0.827856120266142,True,8,True
MB-0137,MassBank,MSBNK-Athens_Univ-AU231901,MassBank,0.49106541190400965,True,1,False
MB-0138,MassBank,MSBNK-BAFG-CSL2311096031,MassBank,0.947933824579789,True,17,True
MB-0139,MassBank,MSBNK-Athens_Univ-AU210204,MassBank,0.5495906563603831,True,1,False
MB-0140,MassBank,MSBNK-ACES_SU-AS000441,MassBank,0.459715382607391,True,1,False
MB-0141,MassBank,MSBNK-ACES_SU-AS001173,MassBank,0.5475927055134039,False,0,False
MB-0142,MassBank,MSBNK-Athens_Univ-AU200601,MassBank,0.47442956899146566,True,1,False
MB-0143,MassBank,MSBNK-ACES_SU-AS000372,MassBank,0.596636615318616,False,0,False
MB-0144,MassBank,MSBNK-Athens_Univ-AU235201,MassBank,0.6620672230574188,True,1,False
MB-0145,MassBank,MSBNK-Athens_Univ-AU273105,MassBank,0.8098477247269324,True,1,False
MB-0146,MassBank,MSBNK-Antwerp_Univ-METOX_N103007_FB57,MassBank,0.5177324927697693,True,1,False
MB-0147,MassBank,MSBNK-Athens_Univ-AU242259,MassBank,0.5037345227978759,False,0,False
MB-0148,MassBank,MSBNK-ACES_SU-AS001423,MassBank,0.4764794174533041,False,0,False
MB-0149,MassBank,MSBNK-ACES_SU-AS000322,MassBank,0.5704190107881337,False,0,False
GN-0000,GNPS,CCMSLIB00000081065,GNPS,0.8432963592501646,False,0,False
GN-0001,GNPS,MSBNK-AAFC-AC000822,MassBank,0.6979036164496509,False,0,False
