qid,source,accession,smiles,canon,adduct,adduct_evidence,ion_mode,charge_status,instrument,collision_energy,license,contributor,source_file,inchikey,measured_neutral_mu,exact_mass_theoretical,mass_precision,ppm_crosscheck,in_pool,n_pool,n_pool_identity_known,n_pool_identity_unknown,n_parseable,target_parseable,identity_status,rankable,rankable_reason,margin_pred,predictor_applicable,rank_uniform,rank_massresid,rank_predictor,rank_prior,overlap_val,overlap_test
MB-0000,MassBank,MSBNK-AAFC-AC000050,CC(=O)C1=C([C@@H]2[C@@H]3[C@@H](CC4=C5C3=CNC5=CC=C4)C(N2C1=O)(C)C)O,CC(=O)C1=C(O)C2C3c4c[nH]c5cccc(c45)CC3C(C)(C)N2C1=O,[M+H]+,PRECURSOR_TYPE+ion-mode-consistent,POSITIVE,stated_z1 (supported adducts unary),Q-Exactive Orbitrap Thermo Scientific,10(NCE),CC BY-SA,,MassBank-MassBank-data-85e5599/AAFC/MSBNK-AAFC-AC000050.txt,SZINUGQCTHLQAZ-DQYPLSBCSA-N,336146824,336.14739,rounding_halfwidth_50_muDa,1.68,True,248,248,0,248,True,known,True,ok,0.0002509975862944047,True,115,115,214,201,True,False
MB-0001,MassBank,MSBNK-AAFC-AC000081,C[C@H]\1C/C=C/[C@H]2[C@H]3[C@](O3)([C@H]([C@@H]4[C@@]2(C(=O)/C=C/C(=O)[C@@H](/C(=C1)/C)O)C(=O)N[C@H]4CC5=CNC6=CC=CC=C65)C)C,CC1=CC(C)CC=CC2C3OC3(C)C(C)C3C(Cc4c[nH]c5ccccc45)NC(=O)C23C(=O)C=CC(=O)C1O,[M+H]+,PRECURSOR_TYPE+ion-mode-consistent,POSITIVE,stated_z1 (supported adducts unary),Q-Exactive Orbitrap Thermo Scientific,10(NCE),CC BY-SA,,MassBank-MassBank-data-85e5599/AAFC/MSBNK-AAFC-AC000081.txt,OUMWCYMRLMEZJH-VOXRAUTJSA-N,528261924,528.26243,rounding_halfwidth_50_muDa,0.96,True,732,732,0,732,True,known,True,ok,0.0,True,159,159,48,719,False,True
MB-0002,MassBank,MSBNK-AAFC-AC000091,C[C@H]/1C/C=C\[C@H]2[C@H]3[C@](O3)([C@H]([C@@H]4[C@@]2(C(=O)CCC(=O)C(=O)/C(=C1)/C)C(=O)N[C@H]4CC5=CNC6=CC=CC=C65)C)C,CC1=CC(C)CC=CC2C3OC3(C)C(C)C3C(Cc4c[nH]c5ccccc45)NC(=O)C23C(=O)CCC(=O)C1=O,[M+H]+,PRECURSOR_TYPE+ion-mode-consistent,POSITIVE,stated_z1 (supported adducts unary),Q-Exactive Orbitrap Thermo Scientific,20(NCE),CC BY-SA,,MassBank-MassBank-data-85e5599/AAFC/MSBNK-AAFC-AC000091.txt,RIZAHVBYKWUPHQ-MASOQXDXSA-N,528261924,528.26243,rounding_halfwidth_50_muDa,0.96,True,732,732,0,732,True,known,True,ok,0.0,True,100,100,42,628,False,True
MB-0003,MassBank,MSBNK-AAFC-AC000189,C=CC(C)(C)[C@]12C=C(C(=O)N3/C(=C/c4cnc[nH]4)/C(=N[C@@]23N(c2ccccc12)OC)O)O,C=CC(C)(C)C12C=C(O)C(=O)N3C(=Cc4cnc[nH]4)C(O)=NC31N(OC)c1ccccc12,[M+H]+,PRECURSOR_TYPE+ion-mode-consistent,POSITIVE,stated_z1 (supported adducts unary),Q-Exactive Orbitrap Thermo Scientific,10(NCE),CC BY-SA,,MassBank-MassBank-data-85e5599/AAFC/MSBNK-AAFC-AC000189.txt,JTJJJLSLKZFEPJ-ZAYCRUKZSA-N,433174424,433.17499,rounding_halfwidth_50_muDa,1.31,False,218,218,0,218,True,known,True,ok,0.012950919990056597,False,,,,,False,False
MB-0004,MassBank,MSBNK-AAFC-AC000243,C[C@@H]1CC(=O)[C@]/2([C@@H]1C[C@]3(CC[C@@H]([C@@H]3C/C=C2/C=O)C(=C)C)C)O,C=C(C)C1CCC2(C)CC3C(C)CC(=O)C3(O)C(C=O)=CCC12,[M+H]+,PRECURSOR_TYPE+ion-mode-consistent,POSITIVE,stated_z1 (supported adducts unary),Q-Exactive Orbitrap Thermo Scientific,10(NCE),CC BY-SA,,MassBank-MassBank-data-85e5599/AAFC/MSBNK-AAFC-AC000243.txt,QXVAWAHULUVLPT-FHIBGDQLSA-N,316203324,316.20386,rounding_halfwidth_50_muDa,1.7,True,892,892,0,892,True,known,True,ok,0.0021685242957728557,True,800,800,410,443,True,False
MB-0005,MassBank,MSBNK-AAFC-AC000248,CC1=C[C@@H]2[C@](CC1)([C@]3([C@@H](C[C@H]([C@@]34CO4)O2)OC(=O)/C=C\C=C\[C@@H]([C@H](C)O)O)C)CO,CC1=CC2OC3CC(OC(=O)C=CC=CC(O)C(C)O)C(C)(C2(CO)CC1)C31CO1,[M+H]+,PRECURSOR_TYPE+ion-mode-consistent,POSITIVE,stated_z1 (supported adducts unary),Q-Exactive Orbitrap Thermo Scientific,10(NCE),CC BY-SA,,MassBank-MassBank-data-85e5599/AAFC/MSBNK-AAFC-AC000248.txt,QFKRKMXPKBHGGO-OYWHZMLYSA-N,420214224,420.2148,rounding_halfwidth_50_muDa,1.37,True,412,412,0,412,True,known,True,ok,0.0035224789135848145,True,5,5,29,293,False,True
MB-0006,MassBank,MSBNK-AAFC-AC000294,CC(C)[C@H]1C(=O)N2CCC[C@H]2[C@]3(N1C(=O)[C@](O3)(C(C)C)NC(=O)[C@H]4CN([C@@H]5CC6=CNC7=CC=CC(=C67)C5=C4)C)O,CC(C)C1C(=O)N2CCCC2C2(O)OC(NC(=O)C3C=C4c5cccc6[nH]cc(c56)CC4N(C)C3)(C(C)C)C(=O)N12,[M+H]+,PRECURSOR_TYPE+ion-mode-consistent,POSITIVE,stated_z1 (supported adducts unary),Q-Exactive Orbitrap Thermo Scientific,20(NCE),CC BY-SA,,MassBank-MassBank-data-85e5599/AAFC/MSBNK-AAFC-AC000294.txt,UJYGDMFEEDNVBF-OGGGUQDZSA-N,561294524,561.29511,rounding_halfwidth_50_muDa,1.04,True,235,235,0,235,True,known,True,ok,0.10533493369051328,True,115,115,14,199,True,False
MB-0007,MassBank,MSBNK-AAFC-AC000304,CC(C)C[C@H]1C(=O)N2CCC[C@H]2[C@]3(N1C(=O)[C@](O3)(C(C)C)NC(=O)[C@@H]4CN([C@@H]5CC6=CNC7=CC=CC(=C67)C5=C4)C)O,CC(C)CC1C(=O)N2CCCC2C2(O)OC(NC(=O)C3C=C4c5cccc6[nH]cc(c56)CC4N(C)C3)(C(C)C)C(=O)N12,[M+H]+,PRECURSOR_TYPE+ion-mode-consistent,POSITIVE,stated_z1 (supported adducts unary),Q-Exactive Orbitrap Thermo Scientific,20(NCE),CC BY-SA,,MassBank-MassBank-data-85e5599/AAFC/MSBNK-AAFC-AC000304.txt,YDOTUXAWKBPQJW-JJANYQHSSA-N,575310224,575.31077,rounding_halfwidth_50_muDa,0.95,True,335,335,0,335,True,known,True,ok,0.02456612218598775,True,272,272,23,251,True,False
MB-0008,MassBank,MSBNK-AAFC-AC000328,CC(C)[C@H]1C(=O)N2CCC[C@H]2[C@]3(N1C(=O)[C@](O3)(C)NC(=O)[C@H]4CN([C@@H]5CC6=CNC7=CC=CC(=C67)C5=C4)C)O,CC(C)C1C(=O)N2CCCC2C2(O)OC(C)(NC(=O)C3C=C4c5cccc6[nH]cc(c56)CC4N(C)C3)C(=O)N12,[M+H]+,PRECURSOR_TYPE+ion-mode-consistent,POSITIVE,stated_z1 (supported adducts unary),Q-Exactive Orbitrap Thermo Scientific,20(NCE),CC BY-SA,,MassBank-MassBank-data-85e5599/AAFC/MSBNK-AAFC-AC000328.txt,BGHDUTQZGWOQIA-VQSKNWBGSA-N,533263224,533.26381,rounding_halfwidth_50_muDa,1.1,True,231,231,0,231,True,known,True,ok,0.029450975592864304,True,179,179,93,159,True,False
MB-0009,MassBank,MSBNK-AAFC-AC000333,CC(C)C[C@H]1C(=O)N2CCC[C@H]2[C@]3(N1C(=O)[C@](O3)(C)NC(=O)[C@H]4CN([C@@H]5CC6=CNC7=CC=CC(=C67)C5=C4)C)O,CC(C)CC1C(=O)N2CCCC2C2(O)OC(C)(NC(=O)C3C=C4c5cccc6[nH]cc(c56)CC4N(C)C3)C(=O)N12,[M+H]+,PRECURSOR_TYPE+ion-mode-consistent,POSITIVE,stated_z1 (supported adducts unary),Q-Exactive Orbitrap Thermo Scientific,20(NCE),CC BY-SA,,MassBank-MassBank-data-85e5599/AAFC/MSBNK-AAFC-AC000333.txt,NESVMZOPWPCFAU-ZPRCMDFASA-N,547278924,547.27946,rounding_halfwidth_50_muDa,0.98,True,231,231,0,231,True,known,True,ok,0.000291102123086584,True,208,208,27,165,True,False
MB-0010,MassBank,MSBNK-AAFC-AC000343,C[C@@]1(C(=O)N2[C@H](C(=O)N3CCC[C@H]3[C@@]2(O1)O)CC4=CC=CC=C4)NC(=O)[C@H]5CN([C@@H]6CC7=CNC8=CC=CC(=C78)C6=C5)C,CN1CC(C(=O)NC2(C)OC3(O)C4CCCN4C(=O)C(Cc4ccccc4)N3C2=O)C=C2c3cccc4[nH]cc(c34)CC21,[M+H]+,PRECURSOR_TYPE+ion-mode-consistent,POSITIVE,stated_z1 (supported adducts unary),Q-Exactive Orbitrap Thermo Scientific,20(NCE),CC BY-SA,,MassBank-MassBank-data-85e5599/AAFC/MSBNK-AAFC-AC000343.txt,XCGSFFUVFURLIX-VFGNJEKYSA-N,581263224,581.26381,rounding_halfwidth_50_muDa,1.01,True,230,230,0,230,True,known,True,ok,0.0033759090357559085,True,9,9,13,30,True,False
MB-0011,MassBank,MSBNK-AAFC-AC000348,CC(C)[C@@H](C(=O)N1[C@H](C(=O)N2CCC[C@@H]2C1=O)CC3=CC=CC=C3)NC(=O)[C@H]4CN([C@@H]5CC6=CNC7=CC=CC(=C67)C5=C4)C,CC(C)C(NC(=O)C1C=C2c3cccc4[nH]cc(c34)CC2N(C)C1)C(=O)N1C(=O)C2CCCN2C(=O)C1Cc1ccccc1,[M+H]+,PRECURSOR_TYPE+ion-mode-consistent,POSITIVE,stated_z1 (supported adducts unary),Q-Exactive Orbitrap Thermo Scientific,20(NCE),CC BY-SA,,MassBank-MassBank-data-85e5599/AAFC/MSBNK-AAFC-AC000348.txt,KMDKLWZQLMBIBS-HVWSGMRBSA-N,593299624,593.3002,rounding_halfwidth_50_muDa,0.97,True,244,244,0,244,True,known,True,ok,0.017929796851941515,True,58,58,1,54,True,False
MB-0012,MassBank,MSBNK-AAFC-AC000353,CC(C)[C@@]1(C(=O)N2[C@H](C(=O)N3CCC[C@H]3[C@@]2(O1)O)CC4=CC=CC=C4)NC(=O)[C@H]5CN([C@@H]6CC7=CNC8=CC=CC(=C78)C6=C5)C,CC(C)C1(NC(=O)C2C=C3c4cccc5[nH]cc(c45)CC3N(C)C2)OC2(O)C3CCCN3C(=O)C(Cc3ccccc3)N2C1=O,[M+H]+,PRECURSOR_TYPE+ion-mode-consistent,POSITIVE,stated_z1 (supported adducts unary),Q-Exactive Orbitrap Thermo Scientific,20(NCE),CC BY-SA,,MassBank-MassBank-data-85e5599/AAFC/MSBNK-AAFC-AC000353.txt,HEFIYUQVAZFDEE-MKTPKCENSA-N,609294524,609.29511,rounding_halfwidth_50_muDa,0.96,True,297,297,0,297,True,known,True,ok,0.002317712559500862,True,110,110,4,27,True,False
MB-0013,MassBank,MSBNK-AAFC-AC000362,CC1=C[C@@H]2[C@]([C@@H](C1=O)O)([C@]3(C[C@H]([C@H]([C@@]34CO4)O2)O[C@H]5[C@@H]([C@H]([C@@H]([C@H](O5)CO)O)O)O)C)CO,CC1=CC2OC3C(OC4OC(CO)C(O)C(O)C4O)CC(C)(C34CO4)C2(CO)C(O)C1=O,[M+H]+,PRECURSOR_TYPE+ion-mode-consistent,POSITIVE,stated_z1 (supported adducts unary),Q-Exactive Orbitrap Thermo Scientific,10(NCE),CC BY-SA,,MassBank-MassBank-data-85e5599/AAFC/MSBNK-AAFC-AC000362.txt,PUMXWMGECQIOGB-SMSDQXDJSA-N,458178224,458.17879,rounding_halfwidth_50_muDa,1.24,False,0,0,0,0,True,known,False,predictor_unavailable,,False,,,,,False,False
MB-0014,MassBank,MSBNK-AAFC-AC000392,CC1=C[C@@H]2[C@]([C@@]3(C)C[C@@H](OC(C)=O)[C@@H](O2)[C@@]34CO4)(CO)[C@H](O)C1,CC(=O)OC1CC2(C)C3(CO3)C1OC1C=C(C)CC(O)C12CO,[M+H]+,PRECURSOR_TYPE+ion-mode-consistent,POSITIVE,stated_z1 (supported adducts unary),Q-Exactive Orbitrap Thermo Scientific,10(NCE),CC BY-SA,,MassBank-MassBank-data-85e5599/AAFC/MSBNK-AAFC-AC000392.txt,NKCFJIIVGLENIK-NOCMYWHHSA-N,324156724,324.15728,rounding_halfwidth_500_muDa,1.72,True,436,436,0,436,True,known,True,ok,0.0,True,177,177,277,248,False,False
MB-0015,MassBank,MSBNK-AAFC-AC000422,CC(C)C[C@H]1C(=O)O[C@@H](C(=O)N([C@H](C(=O)O[C@@H](C(=O)N([C@H](C(=O)O[C@@H](C(=O)N([C@H](C(=O)O[C@@H](C(=O)N1C)C(C)C)CC(C)C)C)C(C)C)CC(C)C)C)C(C)C)CC(C)C)C)C(C)C,CC(C)CC1C(=O)OC(C(C)C)C(=O)N(C)C(CC(C)C)C(=O)OC(C(C)C)C(=O)N(C)C(CC(C)C)C(=O)OC(C(C)C)C(=O)N(C)C(CC(C)C)C(=O)OC(C(C)C)C(=O)N1C,[M+Na]+,PRECURSOR_TYPE+ion-mode-consistent,POSITIVE,stated_z1 (supported adducts unary),Q-Exactive Orbitrap Thermo Scientific,30(NCE),CC BY-SA,,MassBank-MassBank-data-85e5599/AAFC/MSBNK-AAFC-AC000422.txt,QVZZPLDJERFENQ-NKTUOASPSA-N,908608079,908.60858,rounding_halfwidth_50_muDa,0.55,True,9,9,0,9,True,known,True,ok,0.04000031372375379,True,3,3,1,9,True,False
MB-0016,MassBank,MSBNK-AAFC-AC000472,CCCC[C@@H](C)[C@H]([C@H](C[C@@H](C)C[C@@H](CCCC[C@H](C[C@@H]([C@H](C)N)O)O)O)OC(=O)C[C@@H](CC(=O)O)C(=O)O)OC(=O)C[C@@H](CC(=O)O)C(=O)O,CCCCC(C)C(OC(=O)CC(CC(=O)O)C(=O)O)C(CC(C)CC(O)CCCCC(O)CC(O)C(C)N)OC(=O)CC(CC(=O)O)C(=O)O,[M+H]+,PRECURSOR_TYPE+ion-mode-consistent,POSITIVE,stated_z1 (supported adducts unary),Q-Exactive Orbitrap Thermo Scientific,20(NCE),CC BY-SA,,MassBank-MassBank-data-85e5599/AAFC/MSBNK-AAFC-AC000472.txt,UVBUBMSSQKOIBE-DSLOAKGESA-N,721387924,721.38845,rounding_halfwidth_50_muDa,0.73,True,21,21,0,21,True,known,True,ok,0.0,True,2,2,6,10,True,False
MB-0017,MassBank,MSBNK-AAFC-AC000481,CCCC[C@@H](C)[C@H]([C@H](C[C@@H](C)CCCCCC[C@H](C[C@@H]([C@H](C)N)O)O)OC(=O)C[C@@H](CC(=O)O)C(=O)O)OC(=O)C[C@@H](CC(=O)O)C(=O)O,CCCCC(C)C(OC(=O)CC(CC(=O)O)C(=O)O)C(CC(C)CCCCCCC(O)CC(O)C(C)N)OC(=O)CC(CC(=O)O)C(=O)O,[M+H]+,PRECURSOR_TYPE+ion-mode-consistent,POSITIVE,stated_z1 (supported adducts unary),Q-Exactive Orbitrap Thermo Scientific,20(NCE),CC BY-SA,,MassBank-MassBank-data-85e5599/AAFC/MSBNK-AAFC-AC000481.txt,UXDPXZQHTDAXOZ-STOIETHLSA-N,705393024,705.39354,rounding_halfwidth_50_muDa,0.73,True,47,47,0,47,True,known,True,ok,0.0,True,10,10,8,8,True,False
MB-0018,MassBank,MSBNK-AAFC-AC000490,CCCC[C@@H](C)[C@H]([C@H](C[C@@H](C)C[C@@H](CCCCCC[C@@H]([C@@H](C)N)O)O)OC(=O)CC(CC(=O)O)C(=O)O)OC(=O)CC(CC(=O)O)C(=O)O,CCCCC(C)C(OC(=O)CC(CC(=O)O)C(=O)O)C(CC(C)CC(O)CCCCCCC(O)C(C)N)OC(=O)CC(CC(=O)O)C(=O)O,[M+H]+,PRECURSOR_TYPE+ion-mode-consistent,POSITIVE,stated_z1 (supported adducts unary),Q-Exactive Orbitrap Thermo Scientific,20(NCE),CC BY-SA,,MassBank-MassBank-data-85e5599/AAFC/MSBNK-AAFC-AC000490.txt,CPCRJSQNWHCGOP-ZBUYIUKQSA-N,705393024,705.39354,rounding_halfwidth_50_muDa,0.73,True,47,47,0,47,True,known,True,ok,0.0,True,23,23,17,17,True,False
MB-0019,MassBank,MSBNK-AAFC-AC000499,CC(=C)[C@@H]1[C@@H]([C@@H]2[C@@]3(O2)[C@@H](O1)CC[C@]4([C@]3(CC[C@@H]5[C@@]4(C6=C7[C@H]5OC([C@H]8C[C@H]9[C@@]8(C1=C7C(=CC(=C1CC9=C)Cl)N6)O)(C)C)C)O)C)O,C=C(C)C1OC2CCC3(C)C4(C)c5[nH]c6cc(Cl)c7c8c6c5C(OC(C)(C)C5CC(C(=C)C7)C85O)C4CCC3(O)C23OC3C1O,[M+H]+,PRECURSOR_TYPE+ion-mode-consistent,POSITIVE,stated_z1 (supported adducts unary),Q-Exactive Orbitrap Thermo Scientific,10(NCE),CC BY-SA,,MassBank-MassBank-data-85e5599/AAFC/MSBNK-AAFC-AC000499.txt,JDUWHZOLEDOQSR-JKPSMKLGSA-N,633285224,633.28572,rounding_halfwidth_50_muDa,0.78,True,10,10,0,10,True,known,True,ok,0.0,True,4,4,5,2,False,True
MB-0020,MassBank,MSBNK-AAFC-AC000541,C[C@H](CC1=C(C(=C2C(=O)C=C3C4=C5C(=CC(=O)C6=C(C(=C(C(=C56)C1=C42)C[C@@H](C)O)OC)O)OCO3)O)OC)O,COc1c(O)c2c(=O)cc3c4c5c(cc(=O)c6c(O)c(OC)c(CC(C)O)c(c(c1CC(C)O)c24)c65)OCO3,[M+H]+,PRECURSOR_TYPE+ion-mode-consistent,POSITIVE,stated_z1 (supported adducts unary),Q-Exactive Orbitrap Thermo Scientific,20(NCE),CC BY-SA,,MassBank-MassBank-data-85e5599/AAFC/MSBNK-AAFC-AC000541.txt,MXLWQNCWIIZUQT-GHMZBOCLSA-N,534152024,534.15258,rounding_halfwidth_50_muDa,1.04,True,135,135,0,135,True,known,True,ok,0.004727256084010367,True,91,91,134,134,False,True
MB-0021,MassBank,MSBNK-AAFC-AC000545,CC[C@H](C)/C=C/C1=CC2=C(C(=O)[C@@]3(C(=C(C(=O)O3)C(=O)[C@@H](C)[C@@H](C)O)C2=CO1)C)Cl,CCC(C)C=CC1=CC2=C(Cl)C(=O)C3(C)OC(=O)C(C(=O)C(C)C(C)O)=C3C2=CO1,[M+H]+,PRECURSOR_TYPE+ion-mode-consistent,POSITIVE,stated_z1 (supported adducts unary),Q-Exactive Orbitrap Thermo Scientific,10(NCE),CC BY-SA,,MassBank-MassBank-data-85e5599/AAFC/MSBNK-AAFC-AC000545.txt,HWSQVPGTQUYLEQ-CCBHEJLASA-N,432133424,432.13396,rounding_halfwidth_50_muDa,1.24,True,102,102,0,102,True,known,True,ok,0.012171581152782385,True,66,66,102,99,False,True
MB-0022,MassBank,MSBNK-AAFC-AC000564,CC1=CC(=C2C(=C1)C(=O)[C@]34[C@@H]5C(C6C3C([C@@H]([C@]67C(=C(C8=C(C=C(C=C8C7=O)C)O)O)C5=O)C(=O)C4=C2O)O)O)O,Cc1cc(O)c2c(c1)C(=O)C13C(=C2O)C(=O)C2C(O)C1C1C(O)C3C(=O)C3=C(O)c4c(O)cc(C)cc4C(=O)C321,[M+H]+,PRECURSOR_TYPE+ion-mode-consistent,POSITIVE,stated_z1 (supported adducts unary),Q-Exactive Orbitrap Thermo Scientific,10(NCE),CC BY-SA,,MassBank-MassBank-data-85e5599/AAFC/MSBNK-AAFC-AC000564.txt,QFDPVUTXKUGISP-NVWQCAADSA-N,542120724,542.12127,rounding_halfwidth_500_muDa,1.01,True,273,273,0,273,True,known,True,ok,0.0,True,237,237,253,253,False,True
MB-0023,MassBank,MSBNK-AAFC-AC000574,CC(C)[C@@H]1C(=O)N([C@H](C(=O)O[C@@H](C(=O)N([C@H](C(=O)O[C@@H](C(=O)N([C@H](C(=O)O1)CC2=CC=CC=C2)C)C(C)C)CC3=CC=CC=C3)C)C(C)C)CC4=CC=CC=C4)C,CC(C)C1OC(=O)C(Cc2ccccc2)N(C)C(=O)C(C(C)C)OC(=O)C(Cc2ccccc2)N(C)C(=O)C(C(C)C)OC(=O)C(Cc2ccccc2)N(C)C1=O,[M+H]+,PRECURSOR_TYPE+ion-mode-consistent,POSITIVE,stated_z1 (supported adducts unary),Q-Exactive Orbitrap Thermo Scientific,10(NCE),CC BY-SA,,MassBank-MassBank-data-85e5599/AAFC/MSBNK-AAFC-AC000574.txt,GYSCAQFHASJXRS-FFCOJMSVSA-N,783408924,783.40948,rounding_halfwidth_50_muDa,0.71,True,27,27,0,27,True,known,True,ok,0.0047982133431748175,True,11,11,13,17,False,True
MB-0024,MassBank,MSBNK-AAFC-AC000611,C[C@@H]1CCC2[C@@]([C@@]13CC4=C(C=C5C(=C4O3)CN(C5=O)CCCC[C@@H](C(=O)O)N6CC7=C8C(=C(C=C7C6=O)O)C[C@@]9(O8)[C@@H](CCC1[C@@]9(C[C@H]([C@H](C1(C)C)O)O)C)C)O)(CC[C@H](C2(C)C)O)C,CC1CCC2C(C)(C)C(O)CCC2(C)C12Cc1c(O)cc3c(c1O2)CN(CCCCC(C(=O)O)N1Cc2c(cc(O)c4c2OC2(C4)C(C)CCC4C(C)(C)C(O)C(O)CC42C)C1=O)C3=O,[M+H]+,PRECURSOR_TYPE+ion-mode-consistent,POSITIVE,stated_z1 (supported adducts unary),Q-Exactive Orbitrap Thermo Scientific,20(NCE),CC BY-SA,,MassBank-MassBank-data-85e5599/AAFC/MSBNK-AAFC-AC000611.txt,ZRTGPZGAMCJZNA-CRDDFVEESA-N,898497424,898.49797,rounding_halfwidth_50_muDa,0.61,True,18,18,0,18,True,known,True,ok,0.0,True,2,2,2,2,False,True
MB-0025,MassBank,MSBNK-AAFC-AC000619,C[C@@H]1CCC2[C@@]([C@@]13CC4=C(C=C5C(=C4O3)CN(C5=O)[C@@H](CCCCN6CC7=C8C(=C(C=C7C6=O)O)C[C@@]9(O8)[C@@H](CCC1[C@@]9(C[C@H]([C@H](C1(C)C)O)O)C)C)C(=O)O)O)(CC[C@H](C2(C)C)O)C,CC1CCC2C(C)(C)C(O)CCC2(C)C12Cc1c(O)cc3c(c1O2)CN(C(CCCCN1Cc2c(cc(O)c4c2OC2(C4)C(C)CCC4C(C)(C)C(O)C(O)CC42C)C1=O)C(=O)O)C3=O,[M+H]+,PRECURSOR_TYPE+ion-mode-consistent,POSITIVE,stated_z1 (supported adducts unary),Q-Exactive Orbitrap Thermo Scientific,20(NCE),CC BY-SA,,MassBank-MassBank-data-85e5599/AAFC/MSBNK-AAFC-AC000619.txt,GBUQOBUNFQDAQG-CRDDFVEESA-N,898497424,898.49797,rounding_halfwidth_50_muDa,0.61,True,18,18,0,18,True,known,True,ok,0.0,True,7,7,4,4,False,True
MB-0026,MassBank,MSBNK-AAFC-AC000647,CC[C@H](C)[C@H]([C@@](/C=C/CC(=C)CCC(=O)C1C(=O)C[C@H](OC1=O)C)(C(=O)O)O)O,C=C(CC=CC(O)(C(=O)O)C(O)C(C)CC)CCC(=O)C1C(=O)CC(C)OC1=O,[M+Na]+,PRECURSOR_TYPE+ion-mode-consistent,POSITIVE,stated_z1 (supported adducts unary),Q-Exactive Orbitrap Thermo Scientific,10(NCE),CC BY-SA,,MassBank-MassBank-data-85e5599/AAFC/MSBNK-AAFC-AC000647.txt,OFVHHCDOMZQVQV-ZICDYRIUSA-N,410193479,410.19406,rounding_halfwidth_50_muDa,1.42,True,345,345,0,345,True,known,True,ok,0.0,True,31,31,244,79,False,True
MB-0027,MassBank,MSBNK-AAFC-AC000655,CCCC[C@@H](C)[C@H]([C@H](C[C@@H](C)CCCCCCCC[C@@H]([C@H](C)N)O)OC(=O)C[C@@H](CC(=O)O)C(=O)O)OC(=O)C[C@@H](CC(=O)O)C(=O)O,CCCCC(C)C(OC(=O)CC(CC(=O)O)C(=O)O)C(CC(C)CCCCCCCCC(O)C(C)N)OC(=O)CC(CC(=O)O)C(=O)O,[M-H]-,PRECURSOR_TYPE+ion-mode-consistent,NEGATIVE,stated_z1 (supported adducts unary),Q-Exactive Orbitrap Thermo Scientific,20(NCE),CC BY-SA,,MassBank-MassBank-data-85e5599/AAFC/MSBNK-AAFC-AC000655.txt,WYYKRDVIBOEORL-JLCKPESSSA-N,689399176,689.39863,rounding_halfwidth_50_muDa,0.79,True,12,12,0,12,True,known,True,ok,0.18140060246144896,True,2,2,1,1,True,False
MB-0028,MassBank,MSBNK-AAFC-AC000673,C[C@H]1C(C2=C(O1)C3=C4C(=C2O)C(=O)C(=O)OC4=C(C=C3C)O)(C)C,Cc1cc(O)c2c3c(c(O)c4c(c13)OC(C)C4(C)C)C(=O)C(=O)O2,[M+H]+,PRECURSOR_TYPE+ion-mode-consistent,POSITIVE,stated_z1 (supported adducts unary),Q-Exactive Orbitrap Thermo Scientific,30(NCE),CC BY-SA,,MassBank-MassBank-data-85e5599/AAFC/MSBNK-AAFC-AC000673.txt,MYDJDVOVZVSVIE-ZETCQYMHSA-N,328094124,328.09468,rounding_halfwidth_50_muDa,1.69,True,466,466,0,466,True,known,True,ok,0.0020228022955794955,True,199,199,32,463,True,False
MB-0029,MassBank,MSBNK-AAFC-AC000701,CC1=CC(=O)C2=C(O1)C=C3C(=C2O)C(=O)C(=C(C3=O)OC)C4=C(C(=O)C5=CC6=C(C(=O)C=C(O6)C)C(=C5C4=O)O)OC,COC1=C(C2=C(OC)C(=O)c3cc4oc(C)cc(=O)c4c(O)c3C2=O)C(=O)c2c(cc3oc(C)cc(=O)c3c2O)C1=O,[M+H]+,PRECURSOR_TYPE+ion-mode-consistent,POSITIVE,stated_z1 (supported adducts unary),Q-Exactive Orbitrap Thermo Scientific,20(NCE),CC BY-SA,,MassBank-MassBank-data-85e5599/AAFC/MSBNK-AAFC-AC000701.txt,VSWWTKVILIZDGX-UHFFFAOYSA-N,570079224,570.07979,rounding_halfwidth_50_muDa,0.99,True,50,50,0,50,True,known,True,ok,0.0,True,30,30,1,43,False,True
MB-0030,MassBank,MSBNK-AAFC-AC000725,CC(C)CCCCCCCCC[C@@H]1CC(=O)N[C@H](C(=O)N[C@H](C(=O)N[C@@H](C(=O)N[C@H](C(=O)N[C@H](C(=O)N[C@@H](C(=O)N[C@H](C(=O)O1)CC(C)C)CC(C)C)CC(=O)O)C(C)C)CC(C)C)CC(C)C)CCC(=O)O,CC(C)CCCCCCCCCC1CC(=O)NC(CCC(=O)O)C(=O)NC(CC(C)C)C(=O)NC(CC(C)C)C(=O)NC(C(C)C)C(=O)NC(CC(=O)O)C(=O)NC(CC(C)C)C(=O)NC(CC(C)C)C(=O)O1,[M+H]+,PRECURSOR_TYPE+ion-mode-consistent,POSITIVE,stated_z1 (supported adducts unary),Q-Exactive Orbitrap Thermo Scientific,20(NCE),CC BY-SA,,MassBank-MassBank-data-85e5599/AAFC/MSBNK-AAFC-AC000725.txt,NJGWOFRZMQRKHT-WGVNQGGSSA-N,1035682624,1035.68314,rounding_halfwidth_50_muDa,0.5,True,53,53,0,53,True,known,True,ok,0.006076429096029123,True,45,45,42,42,False,False
MB-0031,MassBank,MSBNK-AAFC-AC000734,CC(C)CCCCCCCC[C@@H]1CC(=O)N[C@H](C(=O)N[C@H](C(=O)N[C@@H](C(=O)N[C@H](C(=O)N[C@H](C(=O)N[C@@H](C(=O)N[C@H](C(=O)O1)CC(C)C)CC(C)C)CC(=O)O)C(C)C)CC(C)C)CC(C)C)CCC(=O)O,CC(C)CCCCCCCCC1CC(=O)NC(CCC(=O)O)C(=O)NC(CC(C)C)C(=O)NC(CC(C)C)C(=O)NC(C(C)C)C(=O)NC(CC(=O)O)C(=O)NC(CC(C)C)C(=O)NC(CC(C)C)C(=O)O1,[M+H]+,PRECURSOR_TYPE+ion-mode-consistent,POSITIVE,stated_z1 (supported adducts unary),Q-Exactive Orbitrap Thermo Scientific,20(NCE),CC BY-SA,,MassBank-MassBank-data-85e5599/AAFC/MSBNK-AAFC-AC000734.txt,DDULCZLFAKVKJB-JIXKVBNCSA-N,1021666924,1021.66749,rounding_halfwidth_50_muDa,0.55,True,43,43,0,43,True,known,True,ok,0.0,True,32,32,31,35,False,False
MB-0032,MassBank,MSBNK-AAFC-AC000743,C=CC(C)(C)[C@]12C=C(C(=O)N3/C(=C/c4cnc[nH]4)/C(=N[C@@]23N(c2ccccc12)OC)O)OC,C=CC(C)(C)C12C=C(OC)C(=O)N3C(=Cc4cnc[nH]4)C(O)=NC31N(OC)c1ccccc12,[M+H]+,PRECURSOR_TYPE+ion-mode-consistent,POSITIVE,stated_z1 (supported adducts unary),Q-Exactive Orbitrap Thermo Scientific,20(NCE),CC BY-SA,,MassBank-MassBank-data-85e5599/AAFC/MSBNK-AAFC-AC000743.txt,SOHAVULMGIITDH-ZXPSTKSJSA-N,447190124,447.19064,rounding_halfwidth_50_muDa,1.15,False,221,221,0,221,True,known,True,ok,0.04436303507512673,False,,,,,False,False
MB-0033,MassBank,MSBNK-AAFC-AC000752,CC(=C[C@@H]1N2C3=C(C=CC(=C3)OC)C4=C2[C@H](CC(OO1)(C)C)N5C(=O)[C@@H]6CCCN6C(=O)[C@@]5([C@H]4O)O)C,COc1ccc2c3c4n(c2c1)C(C=C(C)C)OOC(C)(C)CC4N1C(=O)C2CCCN2C(=O)C1(O)C3O,[M+H]+,PRECURSOR_TYPE+ion-mode-consistent,POSITIVE,stated_z1 (supported adducts unary),Q-Exactive Orbitrap Thermo Scientific,10(NCE),CC BY-SA,,MassBank-MassBank-data-85e5599/AAFC/MSBNK-AAFC-AC000752.txt,LRXYHMMJJCTUMY-GWXUGYLUSA-N,511231324,511.23184,rounding_halfwidth_50_muDa,1.01,True,225,225,0,225,True,known,True,ok,0.0,True,64,64,72,140,True,False
MB-0034,MassBank,MSBNK-AAFC-AC000762,CC1=CCCC([C@@]12CC3=C4[C@@H]([C@]5(CC(=O)C(=C([C@]5(C(=O)C4=C(C6=C3C2=C(C=C6O)OC)O)O)O)C(=O)N)O)O)(C)C,COc1cc(O)c2c(O)c3c(c4c2c1C1(C4)C(C)=CCCC1(C)C)C(O)C1(O)CC(=O)C(C(N)=O)=C(O)C1(O)C3=O,[M-H]-,PRECURSOR_TYPE+ion-mode-consistent,NEGATIVE,stated_z1 (supported adducts unary),Q-Exactive Orbitrap Thermo Scientific,10(NCE),CC BY-SA,,MassBank-MassBank-data-85e5599/AAFC/MSBNK-AAFC-AC000762.txt,FNSQKFOXORBCCC-WBWZXODPSA-N,565195276,565.19478,rounding_halfwidth_500_muDa,0.88,False,0,0,0,0,True,known,False,predictor_unavailable,,False,,,,,False,False
MB-0035,MassBank,MSBNK-AAFC-AC000776,C=CC(C)(C)[C@]12C=C(C(=O)N3/C(=C/c4cnc[nH]4)/C(=N[C@@]23N(c2ccccc12)O)O)O,C=CC(C)(C)C12C=C(O)C(=O)N3C(=Cc4cnc[nH]4)C(O)=NC31N(O)c1ccccc12,[M+H]+,PRECURSOR_TYPE+ion-mode-consistent,POSITIVE,stated_z1 (supported adducts unary),Q-Exactive Orbitrap Thermo Scientific,10(NCE),CC BY-SA,,MassBank-MassBank-data-85e5599/AAFC/MSBNK-AAFC-AC000776.txt,YEVSOYBNHBOQJZ-UNPMEJEESA-N,419158824,419.15934,rounding_halfwidth_50_muDa,1.23,False,212,212,0,212,True,known,True,ok,0.13749110804342757,False,,,,,False,False
MB-0036,MassBank,MSBNK-AAFC-AC000786,C=CC(C)(C)[C@]12C[C@@H](C(=O)N3/C(=C/c4cnc[nH]4)/C(=N[C@@]23N(c2ccccc12)OC)O)O,C=CC(C)(C)C12CC(O)C(=O)N3C(=Cc4cnc[nH]4)C(O)=NC31N(OC)c1ccccc12,[M+H]+,PRECURSOR_TYPE+ion-mode-consistent,POSITIVE,stated_z1 (supported adducts unary),Q-Exactive Orbitrap Thermo Scientific,10(NCE),CC BY-SA,,MassBank-MassBank-data-85e5599/AAFC/MSBNK-AAFC-AC000786.txt,HHLNXXASUKFCCX-FUNOPTADSA-N,435190124,435.19064,rounding_halfwidth_50_muDa,1.19,False,430,430,0,430,True,known,True,ok,0.00046674589250794707,False,,,,,False,False
MB-0037,MassBank,MSBNK-AAFC-AC000801,Cc1c(c(c(c(c1O)C)O)C=O)[C@H](C)C(=O)C,CC(=O)C(C)c1c(C)c(O)c(C)c(O)c1C=O,[M-H]-,PRECURSOR_TYPE+ion-mode-consistent,NEGATIVE,stated_z1 (supported adducts unary),Q-Exactive Orbitrap Thermo Scientific,10(NCE),CC BY-SA,,MassBank-MassBank-data-85e5599/AAFC/MSBNK-AAFC-AC000801.txt,CBUOBMSAFIYYEJ-ZCFIWIBFSA-N,236105376,236.10486,rounding_halfwidth_50_muDa,2.19,False,251,251,0,251,True,known,True,ok,0.03975606859364078,False,,,,,False,False
MB-0038,MassBank,MSBNK-AAFC-AC000819,CC1=C[C@H]2[C@@]3(CCC(=O)C([C@H]3CC[C@@]2([C@]4([C@@]1(C(=C(C4=O)C)O)C)C(=O)OC)C)(C)C)C,COC(=O)C12C(=O)C(C)=C(O)C1(C)C(C)=CC1C3(C)CCC(=O)C(C)(C)C3CCC12C,[M+H]+,PRECURSOR_TYPE+ion-mode-consistent,POSITIVE,stated_z1 (supported adducts unary),Q-Exactive Orbitrap Thermo Scientific,10(NCE),CC BY-SA,,MassBank-MassBank-data-85e5599/AAFC/MSBNK-AAFC-AC000819.txt,SMUNNMAWNRFDPB-UWWAQUNASA-N,428255724,428.25629,rounding_halfwidth_500_muDa,1.32,True,245,245,0,245,True,known,True,ok,0.01058221089809741,True,183,183,236,243,False,True
MB-0039,MassBank,MSBNK-AAFC-AC000842,C[C@@H]1[C@H](O[C@@H](C2=C1C(=C(C(=C2O)C(=O)O)O)C)O)C,Cc1c(O)c(C(=O)O)c(O)c2c1C(C)C(C)OC2O,[M-H]-,PRECURSOR_TYPE+ion-mode-consistent,NEGATIVE,stated_z1 (supported adducts unary),Q-Exactive Orbitrap Thermo Scientific,10(NCE),CC BY-SA,,MassBank-MassBank-data-85e5599/AAFC/MSBNK-AAFC-AC000842.txt,MBTAFMZUDOUGPS-CGKQSRJASA-N,268095176,268.09468,rounding_halfwidth_50_muDa,1.85,False,0,0,0,0,True,known,False,predictor_unavailable,,False,,,,,False,False
MB-0040,MassBank,MSBNK-AAFC-AC000872,CC(C)C[C@@H]1C(=O)N[C@H](C(=O)N[C@@H]2CSSC[C@H](C(=O)N[C@H](C(=O)N1)C(C)C)NC2=O)C(C)C,CC(C)CC1NC(=O)C(C(C)C)NC(=O)C2CSSCC(NC(=O)C(C(C)C)NC1=O)C(=O)N2,[M+H]+,PRECURSOR_TYPE+ion-mode-consistent,POSITIVE,stated_z1 (supported adducts unary),Q-Exactive Orbitrap Thermo Scientific,10(NCE),CC BY-SA,,MassBank-MassBank-data-85e5599/AAFC/MSBNK-AAFC-AC000872.txt,KRQRRZFXHYYNSO-MTSZKFMLSA-N,515223024,515.2236,rounding_halfwidth_50_muDa,1.12,True,12,12,0,12,True,known,True,ok,0.09835446159705352,True,10,10,8,12,True,False
MB-0041,MassBank,MSBNK-AAFC-AC000883,CC1=C[C@@H]2[C@]([C@@H](C1=O)O)([C@]3(C[C@H]([C@H]([C@@]34CO4)O2)O[C@H]5[C@@H]([C@H]([C@@H]([C@H](O5)C(=O)O)O)O)O)C)CO,CC1=CC2OC3C(OC4OC(C(=O)O)C(O)C(O)C4O)CC(C)(C34CO4)C2(CO)C(O)C1=O,[M-H]-,PRECURSOR_TYPE+ion-mode-consistent,NEGATIVE,stated_z1 (supported adducts unary),Q-Exactive Orbitrap Thermo Scientific,20(NCE),CC BY-SA,,MassBank-MassBank-data-85e5599/AAFC/MSBNK-AAFC-AC000883.txt,GRFAWUZMBBQEMX-IJNZYEPRSA-N,472158576,472.15805,rounding_halfwidth_50_muDa,1.11,False,0,0,0,0,True,known,False,predictor_unavailable,,False,,,,,False,False
MB-0042,MassBank,MSBNK-AAFC-AC000895,CC1=C[C@H]2[C@@]3(CC[C@@H](C([C@H]3CC[C@@]2([C@]4([C@@]1(C(=C(C4=O)C)O)C)C(=O)O)C)(C)C)OC(=O)C)C,CC(=O)OC1CCC2(C)C(CCC3(C)C2C=C(C)C2(C)C(O)=C(C)C(=O)C23C(=O)O)C1(C)C,[M-H]-,PRECURSOR_TYPE+ion-mode-consistent,NEGATIVE,stated_z1 (supported adducts unary),Q-Exactive Orbitrap Thermo Scientific,40(NCE),CC BY-SA,,MassBank-MassBank-data-85e5599/AAFC/MSBNK-AAFC-AC000895.txt,LBBHTACWNVOYKN-SNQWNFAUSA-N,458267376,458.26685,rounding_halfwidth_50_muDa,1.15,False,237,237,0,237,True,known,True,ok,0.01947126706175384,False,,,,,False,False
MB-0043,MassBank,MSBNK-AAFC-AC000931,CCCC[C@H]([C@@H](OC(C[C@H](C(O)=O)CC(O)=O)=O)[C@@H](OC(C[C@H](C(O)=O)CC(O)=O)=O)C[C@H](CCCCCCCC[C@H](O)C(O)C)C)C,CCCCC(C)C(OC(=O)CC(CC(=O)O)C(=O)O)C(CC(C)CCCCCCCCC(O)C(C)O)OC(=O)CC(CC(=O)O)C(=O)O,[M-H]-,PRECURSOR_TYPE+ion-mode-consistent,NEGATIVE,stated_z1 (supported adducts unary),Q-Exactive Orbitrap Thermo Scientific,10(NCE),CC BY-SA,,MassBank-MassBank-data-85e5599/AAFC/MSBNK-AAFC-AC000931.txt,ROPHOAFGZRNKDO-SNXTYUPGSA-N,690383176,690.38265,rounding_halfwidth_50_muDa,0.76,False,0,0,0,0,True,known,False,predictor_unavailable,,False,,,,,False,False
MB-0044,MassBank,MSBNK-AAFC-AC000936,CCCC[C@H]([C@@H](OC(C[C@H](C(O)=O)CC(O)=O)=O)[C@@H](OC(C[C@H](C(O)=O)CC(O)=O)=O)C[C@H](CCCCCC[C@@H](O)C[C@H](O)C(C)=O)C)C,CCCCC(C)C(OC(=O)CC(CC(=O)O)C(=O)O)C(CC(C)CCCCCCC(O)CC(O)C(C)=O)OC(=O)CC(CC(=O)O)C(=O)O,[M-H]-,PRECURSOR_TYPE+ion-mode-consistent,NEGATIVE,stated_z1 (supported adducts unary),Q-Exactive Orbitrap Thermo Scientific,10(NCE),CC BY-SA,,MassBank-MassBank-data-85e5599/AAFC/MSBNK-AAFC-AC000936.txt,GZCJIEXTWGJVIN-MKHOGIGVSA-N,704362476,704.36191,rounding_halfwidth_50_muDa,0.8,False,0,0,0,0,True,known,False,predictor_unavailable,,False,,,,,False,False
MB-0045,MassBank,MSBNK-AAFC-AC000941,CCCC[C@H]([C@@H](OC(C[C@H](C(O)=O)CC(O)=O)=O)[C@@H](OC(C[C@H](C(O)=O)CC(O)=O)=O)C[C@H](CCCCCCCC[C@H](O)C(C)=O)C)C,CCCCC(C)C(OC(=O)CC(CC(=O)O)C(=O)O)C(CC(C)CCCCCCCCC(O)C(C)=O)OC(=O)CC(CC(=O)O)C(=O)O,[M-H]-,PRECURSOR_TYPE+ion-mode-consistent,NEGATIVE,stated_z1 (supported adducts unary),Q-Exactive Orbitrap Thermo Scientific,20(NCE),CC BY-SA,,MassBank-MassBank-data-85e5599/AAFC/MSBNK-AAFC-AC000941.txt,PUZDIGQDECBVJT-FLTFDZFMSA-N,688367576,688.367,rounding_halfwidth_50_muDa,0.84,False,0,0,0,0,True,known,False,predictor_unavailable,,False,,,,,False,False
MB-0046,MassBank,MSBNK-AAFC-AC000946,O=C(NC(C(C)C)C(NC(CC1=CC=CC=C1)C(NC2CC3=CC=CC=C3)=O)=O)C(C(C)C)NC2=O,CC(C)C1NC(=O)C(Cc2ccccc2)NC(=O)C(Cc2ccccc2)NC(=O)C(C(C)C)NC1=O,[M+H]+,PRECURSOR_TYPE+ion-mode-consistent,POSITIVE,stated_z1 (supported adducts unary),Q-Exactive Orbitrap Thermo Scientific,10(NCE),CC BY-SA,,MassBank-MassBank-data-85e5599/AAFC/MSBNK-AAFC-AC000946.txt,OWKLJRMFTXDULF-UHFFFAOYSA-N,492273124,492.27366,rounding_halfwidth_50_muDa,1.09,True,238,238,0,238,True,known,True,ok,0.007401206674964245,True,80,80,180,215,False,True
MB-0047,MassBank,MSBNK-ACES_SU-AS000006,O=C(O)C(F)(F)C(F)(F)C(F)(F)F,O=C(O)C(F)(F)C(F)(F)C(F)(F)F,[M-H]-,PRECURSOR_TYPE+ion-mode-consistent,NEGATIVE,stated_z1 (supported adducts unary),QExactive Orbitrap HF-X (Thermo Scientific),40,CC BY,,MassBank-MassBank-data-85e5599/ACES_SU/MSBNK-ACES_SU-AS000006.txt,,213986576,213.9865,rounding_halfwidth_50_muDa,0.36,False,0,0,0,0,True,known,False,predictor_unavailable,,False,,,,,False,False
MB-0048,MassBank,MSBNK-ACES_SU-AS000007,O=C(O)C(F)(F)C(F)(F)C(F)(F)C(F)(F)F,O=C(O)C(F)(F)C(F)(F)C(F)(F)C(F)(F)F,[M-H]-,PRECURSOR_TYPE+ion-mode-consistent,NEGATIVE,stated_z1 (supported adducts unary),QExactive Orbitrap HF-X (Thermo Scientific),40,CC BY,,MassBank-MassBank-data-85e5599/ACES_SU/MSBNK-ACES_SU-AS000007.txt,,263983376,263.9833,rounding_halfwidth_50_muDa,0.29,False,0,0,0,0,True,known,False,predictor_unavailable,,False,,,,,False,False
MB-0049,MassBank,MSBNK-ACES_SU-AS000008,O=C(O)C(F)(F)C(F)(F)C(F)(F)C(F)(F)C(F)(F)F,O=C(O)C(F)(F)C(F)(F)C(F)(F)C(F)(F)C(F)(F)F,[M-H]-,PRECURSOR_TYPE+ion-mode-consistent,NEGATIVE,stated_z1 (supported adducts unary),QExactive Orbitrap HF-X (Thermo Scientific),40,CC BY,,MassBank-MassBank-data-85e5599/ACES_SU/MSBNK-ACES_SU-AS000008.txt,,313980376,313.9801,rounding_halfwidth_50_muDa,0.88,False,0,0,0,0,True,known,False,predictor_unavailable,,False,,,,,False,False
MB-0050,MassBank,MSBNK-ACES_SU-AS000009,O=C(O)C(F)(F)C(F)(F)C(F)(F)C(F)(F)C(F)(F)C(F)(F)F,O=C(O)C(F)(F)C(F)(F)C(F)(F)C(F)(F)C(F)(F)C(F)(F)F,[M-H]-,PRECURSOR_TYPE+ion-mode-consistent,NEGATIVE,stated_z1 (supported adducts unary),QExactive Orbitrap HF-X (Thermo Scientific),40,CC BY,,MassBank-MassBank-data-85e5599/ACES_SU/MSBNK-ACES_SU-AS000009.txt,,363977076,363.9769,rounding_halfwidth_50_muDa,0.48,False,0,0,0,0,True,known,False,predictor_unavailable,,False,,,,,False,False
MB-0051,MassBank,MSBNK-ACES_SU-AS000011,OC(=O)C(F)(F)C(F)(F)C(F)(F)C(F)(F)C(F)(F)C(F)(F)C(F)(F)F,O=C(O)C(F)(F)C(F)(F)C(F)(F)C(F)(F)C(F)(F)C(F)(F)C(F)(F)F,[M-H]-,PRECURSOR_TYPE+ion-mode-consistent,NEGATIVE,stated_z1 (supported adducts unary),QExactive Orbitrap HF-X (Thermo Scientific),40,CC BY,,MassBank-MassBank-data-85e5599/ACES_SU/MSBNK-ACES_SU-AS000011.txt,,413973276,413.9737,rounding_halfwidth_50_muDa,1.02,False,0,0,0,0,True,known,False,predictor_unavailable,,False,,,,,False,False
MB-0052,MassBank,MSBNK-ACES_SU-AS000014,OC1=CC=C(C=C1)C2COC3=CC(O)=CC=C3C2,Oc1ccc(C2COc3cc(O)ccc3C2)cc1,[M-H]-,PRECURSOR_TYPE+ion-mode-consistent,NEGATIVE,stated_z1 (supported adducts unary),QExactive Orbitrap HF-X (Thermo Scientific),Ramp 20%-70% (nominal),CC BY,,MassBank-MassBank-data-85e5599/ACES_SU/MSBNK-ACES_SU-AS000014.txt,,242094676,242.0943,rounding_halfwidth_50_muDa,1.55,False,249,249,0,249,True,known,True,ok,0.006538180738500765,False,,,,,False,False
MB-0053,MassBank,MSBNK-ACES_SU-AS000020,O=C1NC=2C=CC=CC2N1,O=c1[nH]c2ccccc2[nH]1,[M-H]-,PRECURSOR_TYPE+ion-mode-consistent,NEGATIVE,stated_z1 (supported adducts unary),QExactive Orbitrap HF-X (Thermo Scientific),Ramp 20%-70% (nominal),CC BY,,MassBank-MassBank-data-85e5599/ACES_SU/MSBNK-ACES_SU-AS000020.txt,,134048076,134.048,rounding_halfwidth_50_muDa,0.57,False,0,0,0,0,True,known,False,predictor_unavailable,,False,,,,,False,False
MB-0054,MassBank,MSBNK-ACES_SU-AS000023,BrC=1C=C(C=C(Br)C1O)C(C2=CC(Br)=C(O)C(Br)=C2)(C)C,CC(C)(c1cc(Br)c(O)c(Br)c1)c1cc(Br)c(O)c(Br)c1,[M-H]-,PRECURSOR_TYPE+ion-mode-consistent,NEGATIVE,stated_z1 (supported adducts unary),QExactive Orbitrap HF-X (Thermo Scientific),Ramp 20%-70% (nominal),CC BY,,MassBank-MassBank-data-85e5599/ACES_SU/MSBNK-ACES_SU-AS000023.txt,,539757876,539.7571,rounding_halfwidth_50_muDa,1.44,False,0,0,0,0,True,known,False,predictor_unavailable,,False,,,,,False,False
MB-0055,MassBank,MSBNK-ACES_SU-AS000024,OC=1C(=CC(=CC1C(C)(C)C)CO)C(C)(C)C,CC(C)(C)c1cc(CO)cc(C(C)(C)C)c1O,[M-H]-,PRECURSOR_TYPE+ion-mode-consistent,NEGATIVE,stated_z1 (supported adducts unary),QExactive Orbitrap HF-X (Thermo Scientific),Ramp 20%-70% (nominal),CC BY,,MassBank-MassBank-data-85e5599/ACES_SU/MSBNK-ACES_SU-AS000024.txt,,236177476,236.1776,rounding_halfwidth_50_muDa,0.53,False,248,248,0,248,True,known,True,ok,0.007054371947150528,False,,,,,False,False
MB-0056,MassBank,MSBNK-ACES_SU-AS000040,O=C(NC=1C(=CC(Cl)=CC1C)C(=O)NC)C2=CC(Br)=NN2C3=NC=CC=C3Cl,CNC(=O)c1cc(Cl)cc(C)c1NC(=O)c1cc(Br)nn1-c1ncccc1Cl,[M-H]-,PRECURSOR_TYPE+ion-mode-consistent,NEGATIVE,stated_z1 (supported adducts unary),QExactive Orbitrap HF-X (Thermo Scientific),Ramp 20%-70% (nominal),CC BY,,MassBank-MassBank-data-85e5599/ACES_SU/MSBNK-ACES_SU-AS000040.txt,,480971076,480.9708,rounding_halfwidth_50_muDa,0.57,False,0,0,0,0,True,known,False,predictor_unavailable,,False,,,,,False,False
MB-0057,MassBank,MSBNK-ACES_SU-AS000041,N(=NC1=CC=C(N)C=C1N)C=2C=CC=CC2,Nc1ccc(N=Nc2ccccc2)c(N)c1,[M-H]-,PRECURSOR_TYPE+ion-mode-consistent,NEGATIVE,stated_z1 (supported adducts unary),QExactive Orbitrap HF-X (Thermo Scientific),Ramp 20%-70% (nominal),CC BY,,MassBank-MassBank-data-85e5599/ACES_SU/MSBNK-ACES_SU-AS000041.txt,,212106276,212.1062,rounding_halfwidth_50_muDa,0.36,False,0,0,0,0,True,known,False,predictor_unavailable,,False,,,,,False,False
MB-0058,MassBank,MSBNK-ACES_SU-AS000045,ClC1=CC=C(O)C(=C1)CC2=CC(Cl)=CC=C2O,Oc1ccc(Cl)cc1Cc1cc(Cl)ccc1O,[M-H]-,PRECURSOR_TYPE+ion-mode-consistent,NEGATIVE,stated_z1 (supported adducts unary),QExactive Orbitrap HF-X (Thermo Scientific),Ramp 20%-70% (nominal),CC BY,,MassBank-MassBank-data-85e5599/ACES_SU/MSBNK-ACES_SU-AS000045.txt,,268005876,268.0058,rounding_halfwidth_50_muDa,0.28,False,0,0,0,0,True,known,False,predictor_unavailable,,False,,,,,False,False
MB-0059,MassBank,MSBNK-ACES_SU-AS000049,O=C(NC1=CC=C(N=NC2=CC(=CC=C2O)C)C=C1)C,CC(=O)Nc1ccc(N=Nc2cc(C)ccc2O)cc1,[M-H]-,PRECURSOR_TYPE+ion-mode-consistent,NEGATIVE,stated_z1 (supported adducts unary),QExactive Orbitrap HF-X (Thermo Scientific),Ramp 20%-70% (nominal),CC BY,,MassBank-MassBank-data-85e5599/ACES_SU/MSBNK-ACES_SU-AS000049.txt,,269116276,269.1164,rounding_halfwidth_50_muDa,0.46,False,242,242,0,242,True,known,True,ok,0.015004221127234652,False,,,,,False,False
MB-0060,MassBank,MSBNK-ACES_SU-AS000052,FC1=CC=C(C(F)=C1)C(O)(CN2N=CN=C2)CN3N=CN=C3,OC(Cn1cncn1)(Cn1cncn1)c1ccc(F)cc1F,[M-H]-,PRECURSOR_TYPE+ion-mode-consistent,NEGATIVE,stated_z1 (supported adducts unary),QExactive Orbitrap HF-X (Thermo Scientific),Ramp 20%-70% (nominal),CC BY,,MassBank-MassBank-data-85e5599/ACES_SU/MSBNK-ACES_SU-AS000052.txt,,306104276,306.1041,rounding_halfwidth_50_muDa,0.57,True,83,83,0,83,True,known,True,ok,0.000797391541317416,True,38,38,78,77,True,False
MB-0061,MassBank,MSBNK-ACES_SU-AS000060,O=C(N)CCCCCCCCCCCCCCC,CCCCCCCCCCCCCCCC(N)=O,[M-H]-,PRECURSOR_TYPE+ion-mode-consistent,NEGATIVE,stated_z1 (supported adducts unary),QExactive Orbitrap HF-X (Thermo Scientific),Ramp 20%-70% (nominal),CC BY,,MassBank-MassBank-data-85e5599/ACES_SU/MSBNK-ACES_SU-AS000060.txt,,255256576,255.2562,rounding_halfwidth_50_muDa,1.47,False,476,476,0,476,True,known,True,ok,0.009042778628479187,False,,,,,False,False
MB-0062,MassBank,MSBNK-ACES_SU-AS000062,ClC=1C(Cl)=C(Cl)C(O)=C(Cl)C1Cl,Oc1c(Cl)c(Cl)c(Cl)c(Cl)c1Cl,[M-H]-,PRECURSOR_TYPE+ion-mode-consistent,NEGATIVE,stated_z1 (supported adducts unary),QExactive Orbitrap HF-X (Thermo Scientific),Ramp 20%-70% (nominal),CC BY,,MassBank-MassBank-data-85e5599/ACES_SU/MSBNK-ACES_SU-AS000062.txt,,263847176,263.847,rounding_halfwidth_50_muDa,0.67,False,0,0,0,0,True,known,False,predictor_unavailable,,False,,,,,False,False
MB-0063,MassBank,MSBNK-ACES_SU-AS000065,C[C@H]1CC[C@H](CC2=C(C(=O)C[C@@H]12)C)C(=C)C(=O)O,C=C(C(=O)O)C1CCC(C)C2CC(=O)C(C)=C2C1,[M-H]-,PRECURSOR_TYPE+ion-mode-consistent,NEGATIVE,stated_z1 (supported adducts unary),QExactive Orbitrap HF-X (Thermo Scientific),Ramp 20%-70% (nominal),CC BY,,MassBank-MassBank-data-85e5599/ACES_SU/MSBNK-ACES_SU-AS000065.txt,,248141176,248.1412,rounding_halfwidth_50_muDa,0.1,True,2492,2492,0,2492,True,known,True,ok,0.014970224626999928,True,1467,1467,84,2029,False,False
MB-0064,MassBank,MSBNK-ACES_SU-AS000096,CC[C@@H]1[C@@]([C@@H]([C@H](C(=O)[C@@H](C[C@@]([C@@H]([C@H]([C@@H]([C@H](C(=O)O1)C)O[C@H]2C[C@@]([C@H]([C@@H](O2)C)O)(C)OC)C)O[C@H]3[C@@H]([C@H](C[C@H](O3)C)N(C)C)O)(C)OC)C)C)O)(C)O,CCC1OC(=O)C(C)C(OC2CC(C)(OC)C(O)C(C)O2)C(C)C(OC2OC(C)CC(N(C)C)C2O)C(C)(OC)CC(C)C(=O)C(C)C(O)C1(C)O,[M+H]+,PRECURSOR_TYPE+ion-mode-consistent,POSITIVE,stated_z1 (supported adducts unary),QExactive Orbitrap HF-X (Thermo Scientific),Ramp 20%-70% (nominal),CC BY,,MassBank-MassBank-data-85e5599/ACES_SU/MSBNK-ACES_SU-AS000096.txt,,747478724,747.4769,rounding_halfwidth_50_muDa,2.44,True,71,71,0,71,True,known,True,ok,0.0,True,68,68,61,50,False,True
MB-0065,MassBank,MSBNK-ACES_SU-AS000110,CC[C@@H]1[C@@]([C@@H]([C@H](C(=O)[C@@H](C[C@@]([C@@H]([C@H]([C@@H]([C@H](C(=O)O1)C)O[C@H]2C[C@@]([C@H]([C@@H](O2)C)O)(C)OC)C)O[C@H]3[C@@H]([C@H](C[C@H](O3)C)N(C)C)O)(C)O)C)C)O)(C)O,CCC1OC(=O)C(C)C(OC2CC(C)(OC)C(O)C(C)O2)C(C)C(OC2OC(C)CC(N(C)C)C2O)C(C)(O)CC(C)C(=O)C(C)C(O)C1(C)O,[M+H]+,PRECURSOR_TYPE+ion-mode-consistent,POSITIVE,stated_z1 (supported adducts unary),QExactive Orbitrap HF-X (Thermo Scientific),Ramp 20%-70% (nominal),CC BY,,MassBank-MassBank-data-85e5599/ACES_SU/MSBNK-ACES_SU-AS000110.txt,,733463024,733.4612,rounding_halfwidth_50_muDa,2.49,True,262,262,0,262,True,known,True,ok,0.0026597148378997293,True,212,212,174,199,False,True
MB-0066,MassBank,MSBNK-ACES_SU-AS000275,CN1CCN(CC1)C2=C(C=C3C(=C2F)N(C=C(C3=O)C(=O)O)CCF)F,CN1CCN(c2c(F)cc3c(=O)c(C(=O)O)cn(CCF)c3c2F)CC1,[M+H]+,PRECURSOR_TYPE+ion-mode-consistent,POSITIVE,stated_z1 (supported adducts unary),Exploris 480 Orbitrap (Thermo Scientific),Ramp 20%-70% (nominal),CC BY,,MassBank-MassBank-data-85e5599/ACES_SU/MSBNK-ACES_SU-AS000275.txt,XBJBPGROQZJDOJ-UHFFFAOYSA-N,369130024,369.13003,rounding_halfwidth_50_muDa,0.02,False,0,0,0,0,True,known,False,predictor_unavailable,,False,,,,,False,False
MB-0067,MassBank,MSBNK-ACES_SU-AS000278,CN1C(=O)N2C=NC(=C2N=N1)C(=O)N,Cn1nnc2c(C(N)=O)ncn2c1=O,[M+H]+,PRECURSOR_TYPE+ion-mode-consistent,POSITIVE,stated_z1 (supported adducts unary),Exploris 480 Orbitrap (Thermo Scientific),Ramp 20%-70% (nominal),CC BY,,MassBank-MassBank-data-85e5599/ACES_SU/MSBNK-ACES_SU-AS000278.txt,BPEGJWRSRHCHSN-UHFFFAOYSA-N,194054824,194.05522,rounding_halfwidth_50_muDa,2.04,False,0,0,0,0,True,known,False,predictor_unavailable,,False,,,,,False,False
MB-0068,MassBank,MSBNK-ACES_SU-AS000280,C1CCN(CC1)C2=NC(=N)N(C(=C2)N)O,N=c1nc(N2CCCCC2)cc(N)n1O,[M+H]+,PRECURSOR_TYPE+ion-mode-consistent,POSITIVE,stated_z1 (supported adducts unary),Exploris 480 Orbitrap (Thermo Scientific),Ramp 20%-70% (nominal),CC BY,,MassBank-MassBank-data-85e5599/ACES_SU/MSBNK-ACES_SU-AS000280.txt,ZIMGGGWCDYVHOY-UHFFFAOYSA-N,209127124,209.12766,rounding_halfwidth_50_muDa,2.56,False,0,0,0,0,True,known,False,predictor_unavailable,,False,,,,,False,False
MB-0069,MassBank,MSBNK-ACES_SU-AS000282,CC(C(C1=C(C=CC(=C1)OC)OC)O)N,COc1ccc(OC)c(C(O)C(C)N)c1,[M+H]+,PRECURSOR_TYPE+ion-mode-consistent,POSITIVE,stated_z1 (supported adducts unary),Exploris 480 Orbitrap (Thermo Scientific),Ramp 20%-70% (nominal),CC BY,,MassBank-MassBank-data-85e5599/ACES_SU/MSBNK-ACES_SU-AS000282.txt,WJAJPNHVVFWKKL-UHFFFAOYSA-N,211120224,211.12084,rounding_halfwidth_50_muDa,2.92,False,0,0,0,0,True,known,False,predictor_unavailable,,False,,,,,False,False
MB-0070,MassBank,MSBNK-ACES_SU-AS000284,CC(C)(C1=CN=CC=C1)C(=O)C2=CN=CC=C2,CC(C)(C(=O)c1cccnc1)c1cccnc1,[M+H]+,PRECURSOR_TYPE+ion-mode-consistent,POSITIVE,stated_z1 (supported adducts unary),Exploris 480 Orbitrap (Thermo Scientific),Ramp 20%-70% (nominal),CC BY,,MassBank-MassBank-data-85e5599/ACES_SU/MSBNK-ACES_SU-AS000284.txt,FJLBFSROUSIWMA-UHFFFAOYSA-N,226110124,226.11061,rounding_halfwidth_50_muDa,2.15,False,0,0,0,0,True,known,False,predictor_unavailable,,False,,,,,False,False
MB-0071,MassBank,MSBNK-ACES_SU-AS000285,C1=CC2=C(C=C1OC(F)(F)F)SC(=N2)N,Nc1nc2ccc(OC(F)(F)F)cc2s1,[M+H]+,PRECURSOR_TYPE+ion-mode-consistent,POSITIVE,stated_z1 (supported adducts unary),Exploris 480 Orbitrap (Thermo Scientific),Ramp 20%-70% (nominal),CC BY,,MassBank-MassBank-data-85e5599/ACES_SU/MSBNK-ACES_SU-AS000285.txt,FTALBRSUTCGOEG-UHFFFAOYSA-N,234007124,234.00747,rounding_halfwidth_50_muDa,1.48,False,0,0,0,0,True,known,False,predictor_unavailable,,False,,,,,False,False
MB-0072,MassBank,MSBNK-ACES_SU-AS000290,CN(C)CCC(C1=CC=C(C=C1)Cl)C2=CC=CC=N2,CN(C)CCC(c1ccc(Cl)cc1)c1ccccn1,[M+H]+,PRECURSOR_TYPE+ion-mode-consistent,POSITIVE,stated_z1 (supported adducts unary),Exploris 480 Orbitrap (Thermo Scientific),Ramp 20%-70% (nominal),CC BY,,MassBank-MassBank-data-85e5599/ACES_SU/MSBNK-ACES_SU-AS000290.txt,SOYKEARSMXGVTM-UHFFFAOYSA-N,274122924,274.12368,rounding_halfwidth_50_muDa,2.76,False,0,0,0,0,True,known,False,predictor_unavailable,,False,,,,,False,False
MB-0073,MassBank,MSBNK-ACES_SU-AS000291,CC(C)CC(C1(CCC1)C2=CC=C(C=C2)Cl)N(C)C,CC(C)CC(N(C)C)C1(c2ccc(Cl)cc2)CCC1,[M+H]+,PRECURSOR_TYPE+ion-mode-consistent,POSITIVE,stated_z1 (supported adducts unary),Exploris 480 Orbitrap (Thermo Scientific),Ramp 20%-70% (nominal),CC BY,,MassBank-MassBank-data-85e5599/ACES_SU/MSBNK-ACES_SU-AS000291.txt,UNAANXDKBXWMLN-UHFFFAOYSA-N,279175124,279.17538,rounding_halfwidth_50_muDa,0.92,False,0,0,0,0,True,known,False,predictor_unavailable,,False,,,,,False,False
MB-0074,MassBank,MSBNK-ACES_SU-AS000294,CCCC1C(=O)N2C3=C(C=CC(=C3)C)N=C(N2C1=O)N(C)C,CCCC1C(=O)N2C(N(C)C)=Nc3ccc(C)cc3N2C1=O,[M+H]+,PRECURSOR_TYPE+ion-mode-consistent,POSITIVE,stated_z1 (supported adducts unary),Exploris 480 Orbitrap (Thermo Scientific),Ramp 20%-70% (nominal),CC BY,,MassBank-MassBank-data-85e5599/ACES_SU/MSBNK-ACES_SU-AS000294.txt,MPHPHYZQRGLTBO-UHFFFAOYSA-N,300158024,300.15863,rounding_halfwidth_50_muDa,2.02,False,0,0,0,0,True,known,False,predictor_unavailable,,False,,,,,False,False
MB-0075,MassBank,MSBNK-ACES_SU-AS000297,CCCCC1C(=O)N(N(C1=O)C2=CC=C(C=C2)O)C3=CC=CC=C3,CCCCC1C(=O)N(c2ccccc2)N(c2ccc(O)cc2)C1=O,[M+H]+,PRECURSOR_TYPE+ion-mode-consistent,POSITIVE,stated_z1 (supported adducts unary),Exploris 480 Orbitrap (Thermo Scientific),Ramp 20%-70% (nominal),CC BY,,MassBank-MassBank-data-85e5599/ACES_SU/MSBNK-ACES_SU-AS000297.txt,HFHZKZSRXITVMK-UHFFFAOYSA-N,324146624,324.14739,rounding_halfwidth_50_muDa,2.36,False,242,242,0,242,True,known,True,ok,0.004204484078293547,False,,,,,False,False
MB-0076,MassBank,MSBNK-ACES_SU-AS000300,C1=CC=C2C(=C1)C(=NN=C2NC3=CC=C(C=C3)Cl)CC4=CC=NC=C4,Clc1ccc(Nc2nnc(Cc3ccncc3)c3ccccc23)cc1,[M+H]+,PRECURSOR_TYPE+ion-mode-consistent,POSITIVE,stated_z1 (supported adducts unary),Exploris 480 Orbitrap (Thermo Scientific),Ramp 20%-70% (nominal),CC BY,,MassBank-MassBank-data-85e5599/ACES_SU/MSBNK-ACES_SU-AS000300.txt,YCOYDOIWSSHVCK-UHFFFAOYSA-N,346097724,346.09852,rounding_halfwidth_500_muDa,2.3,True,246,246,0,246,True,known,True,ok,0.020449733331534437,True,82,82,19,69,False,True
MB-0077,MassBank,MSBNK-ACES_SU-AS000301,C1=CC(=CC=C1C(=O)NCCC(=O)O)N=NC2=CC(=C(C=C2)O)C(=O)O,O=C(O)CCNC(=O)c1ccc(N=Nc2ccc(O)c(C(=O)O)c2)cc1,[M+H]+,PRECURSOR_TYPE+ion-mode-consistent,POSITIVE,stated_z1 (supported adducts unary),Exploris 480 Orbitrap (Thermo Scientific),Ramp 20%-70% (nominal),CC BY,,MassBank-MassBank-data-85e5599/ACES_SU/MSBNK-ACES_SU-AS000301.txt,IPOKCKJONYRRHP-UHFFFAOYSA-N,357095724,357.09609,rounding_halfwidth_500_muDa,1.02,False,0,0,0,0,True,known,False,predictor_unavailable,,False,,,,,False,False
MB-0078,MassBank,MSBNK-ACES_SU-AS000309,CN1CCN(CC1)CCCN2C3=CC=CC=C3SC4=C2C=C(C=C4)C(F)(F)F,CN1CCN(CCCN2c3ccccc3Sc3ccc(C(F)(F)F)cc32)CC1,[M+H]+,PRECURSOR_TYPE+ion-mode-consistent,POSITIVE,stated_z1 (supported adducts unary),Exploris 480 Orbitrap (Thermo Scientific),Ramp 20%-70% (nominal),CC BY,,MassBank-MassBank-data-85e5599/ACES_SU/MSBNK-ACES_SU-AS000309.txt,ZEWQUBUPAILYHI-UHFFFAOYSA-N,407162724,407.1643,rounding_halfwidth_5000_muDa,3.87,False,0,0,0,0,True,known,False,predictor_unavailable,,False,,,,,False,False
MB-0079,MassBank,MSBNK-ACES_SU-AS000311,C1CN(CCN1CCCN2C3=CC=CC=C3SC4=C2C=C(C=C4)C(F)(F)F)CCO,OCCN1CCN(CCCN2c3ccccc3Sc3ccc(C(F)(F)F)cc32)CC1,[M+H]+,PRECURSOR_TYPE+ion-mode-consistent,POSITIVE,stated_z1 (supported adducts unary),Exploris 480 Orbitrap (Thermo Scientific),Ramp 20%-70% (nominal),CC BY,,MassBank-MassBank-data-85e5599/ACES_SU/MSBNK-ACES_SU-AS000311.txt,PLDUPXSUYLZYBN-UHFFFAOYSA-N,437174224,437.17487,rounding_halfwidth_50_muDa,1.48,False,0,0,0,0,True,known,False,predictor_unavailable,,False,,,,,False,False
MB-0080,MassBank,MSBNK-ACES_SU-AS000312,CC1=N[C@@]2([C@H](O1)C[C@@H]3[C@@]2(C[C@@H]([C@H]4[C@H]3CCC5=CC(=O)C=C[C@]45C)O)C)C(=O)COC(=O)C,CC(=O)OCC(=O)C12N=C(C)OC1CC1C3CCC4=CC(=O)C=CC4(C)C3C(O)CC12C,[M+H]+,PRECURSOR_TYPE+ion-mode-consistent,POSITIVE,stated_z1 (supported adducts unary),Exploris 480 Orbitrap (Thermo Scientific),Ramp 20%-70% (nominal),CC BY,,MassBank-MassBank-data-85e5599/ACES_SU/MSBNK-ACES_SU-AS000312.txt,FBHSPRKOSMHSIF-GRMWVWQJSA-N,441213724,441.21514,rounding_halfwidth_500_muDa,3.21,False,0,0,0,0,True,known,False,predictor_unavailable,,False,,,,,False,False
MB-0081,MassBank,MSBNK-ACES_SU-AS000313,CCOC(=O)C1=C(NC(=C(C1C2=CC=CC=C2/C=C/C(=O)OC(C)(C)C)C(=O)OCC)C)C,CCOC(=O)C1=C(C)NC(C)=C(C(=O)OCC)C1c1ccccc1C=CC(=O)OC(C)(C)C,[M+H]+,PRECURSOR_TYPE+ion-mode-consistent,POSITIVE,stated_z1 (supported adducts unary),Exploris 480 Orbitrap (Thermo Scientific),Ramp 20%-70% (nominal),CC BY,,MassBank-MassBank-data-85e5599/ACES_SU/MSBNK-ACES_SU-AS000313.txt,GKQPCPXONLDCMU-CCEZHUSRSA-N,455229524,455.23079,rounding_halfwidth_50_muDa,2.78,False,0,0,0,0,True,known,False,predictor_unavailable,,False,,,,,False,False
MB-0082,MassBank,MSBNK-ACES_SU-AS000317,CC(=O)N(CCCCCNC(=O)CCC(=O)N(CCCCCNC(=O)CCC(=O)N(CCCCCN)O)O)O,CC(=O)N(O)CCCCCNC(=O)CCC(=O)N(O)CCCCCNC(=O)CCC(=O)N(O)CCCCCN,[M+H]+,PRECURSOR_TYPE+ion-mode-consistent,POSITIVE,stated_z1 (supported adducts unary),Exploris 480 Orbitrap (Thermo Scientific),Ramp 20%-70% (nominal),CC BY,,MassBank-MassBank-data-85e5599/ACES_SU/MSBNK-ACES_SU-AS000317.txt,UBQYURCVBFRUQT-UHFFFAOYSA-N,560351624,560.35336,rounding_halfwidth_50_muDa,3.1,False,0,0,0,0,True,known,False,predictor_unavailable,,False,,,,,False,False
MB-0083,MassBank,MSBNK-ACES_SU-AS000318,C[C@@H](C(=O)N[C@@H](CC(C)C)[C@H](CC(=O)O)O)NC(=O)C[C@@H]([C@H](CC(C)C)NC(=O)[C@H](C(C)C)NC(=O)[C@H](C(C)C)NC(=O)CC(C)C)O,CC(C)CC(=O)NC(C(=O)NC(C(=O)NC(CC(C)C)C(O)CC(=O)NC(C)C(=O)NC(CC(C)C)C(O)CC(=O)O)C(C)C)C(C)C,[M+H]+,PRECURSOR_TYPE+ion-mode-consistent,POSITIVE,stated_z1 (supported adducts unary),Exploris 480 Orbitrap (Thermo Scientific),Ramp 20%-70% (nominal),CC BY,,MassBank-MassBank-data-85e5599/ACES_SU/MSBNK-ACES_SU-AS000318.txt,FAXGPCHRFPCXOO-LXTPJMTPSA-N,685461524,685.46258,rounding_halfwidth_50_muDa,1.54,False,0,0,0,0,True,known,False,predictor_unavailable,,False,,,,,False,False
MB-0084,MassBank,MSBNK-ACES_SU-AS000320,C1=CN=CC=C1C(=O)NN,NNC(=O)c1ccncc1,[M+H]+,PRECURSOR_TYPE+ion-mode-consistent,POSITIVE,stated_z1 (supported adducts unary),Exploris 480 Orbitrap (Thermo Scientific),Ramp 20%-70% (nominal),CC BY,,MassBank-MassBank-data-85e5599/ACES_SU/MSBNK-ACES_SU-AS000320.txt,QRXWMOHMRWLFEY-UHFFFAOYSA-N,137058524,137.05891,rounding_halfwidth_50_muDa,2.82,False,0,0,0,0,True,known,False,predictor_unavailable,,False,,,,,False,False
MB-0085,MassBank,MSBNK-ACES_SU-AS000322,CC1=CC(=NO1)C(=O)NNCC2=CC=CC=C2,Cc1cc(C(=O)NNCc2ccccc2)no1,[M+H]+,PRECURSOR_TYPE+ion-mode-consistent,POSITIVE,stated_z1 (supported adducts unary),Exploris 480 Orbitrap (Thermo Scientific),Ramp 20%-70% (nominal),CC BY,,MassBank-MassBank-data-85e5599/ACES_SU/MSBNK-ACES_SU-AS000322.txt,XKFPYPQQHFEXRZ-UHFFFAOYSA-N,231100524,231.10078,rounding_halfwidth_50_muDa,1.11,False,239,239,0,239,True,known,True,ok,0.024145097161639595,False,,,,,False,False
MB-0086,MassBank,MSBNK-ACES_SU-AS000332,CN(C)CC/C=C\1/C2=CC=CC=C2SC3=C1C=C(C=C3)Cl,CN(C)CCC=C1c2ccccc2Sc2ccc(Cl)cc21,[M+H]+,PRECURSOR_TYPE+ion-mode-consistent,POSITIVE,stated_z1 (supported adducts unary),Exploris 480 Orbitrap (Thermo Scientific),Ramp 20%-70% (nominal),CC BY,,MassBank-MassBank-data-85e5599/ACES_SU/MSBNK-ACES_SU-AS000332.txt,WSPOMRSOLSGNFJ-AUWJEWJLSA-N,315084524,315.08485,rounding_halfwidth_50_muDa,1.03,False,0,0,0,0,True,known,False,predictor_unavailable,,False,,,,,False,False
MB-0087,MassBank,MSBNK-ACES_SU-AS000334,C[C@@](C1=CC=CC=C1)(C2=CC=C(C=C2)Cl)OCC[C@H]3CCCN3C,CN1CCCC1CCOC(C)(c1ccccc1)c1ccc(Cl)cc1,[M+H]+,PRECURSOR_TYPE+ion-mode-consistent,POSITIVE,stated_z1 (supported adducts unary),Exploris 480 Orbitrap (Thermo Scientific),Ramp 20%-70% (nominal),CC BY,,MassBank-MassBank-data-85e5599/ACES_SU/MSBNK-ACES_SU-AS000334.txt,YNNUSGIPVFPVBX-NHCUHLMSSA-N,343169324,343.17029,rounding_halfwidth_50_muDa,2.81,False,0,0,0,0,True,known,False,predictor_unavailable,,False,,,,,False,False
MB-0088,MassBank,MSBNK-ACES_SU-AS000335,CC1CCC2=C3N1C=C(C(=O)C3=CC(=C2N4CCC(CC4)O)F)C(=O)O,CC1CCc2c(N3CCC(O)CC3)c(F)cc3c(=O)c(C(=O)O)cn1c23,[M+H]+,PRECURSOR_TYPE+ion-mode-consistent,POSITIVE,stated_z1 (supported adducts unary),Exploris 480 Orbitrap (Thermo Scientific),Ramp 20%-70% (nominal),CC BY,,MassBank-MassBank-data-85e5599/ACES_SU/MSBNK-ACES_SU-AS000335.txt,JYJTVFIEFKZWCJ-UHFFFAOYSA-N,360148324,360.14854,rounding_halfwidth_50_muDa,0.6,False,0,0,0,0,True,known,False,predictor_unavailable,,False,,,,,False,False
MB-0089,MassBank,MSBNK-ACES_SU-AS000337,CC(C)(C)NCC(C1=CC(=CC(=C1)OC(=O)N(C)C)OC(=O)N(C)C)O,CN(C)C(=O)Oc1cc(OC(=O)N(C)C)cc(C(O)CNC(C)(C)C)c1,[M+H]+,PRECURSOR_TYPE+ion-mode-consistent,POSITIVE,stated_z1 (supported adducts unary),Exploris 480 Orbitrap (Thermo Scientific),Ramp 20%-70% (nominal),CC BY,,MassBank-MassBank-data-85e5599/ACES_SU/MSBNK-ACES_SU-AS000337.txt,ANZXOIAKUNOVQU-UHFFFAOYSA-N,367209924,367.21072,rounding_halfwidth_50_muDa,2.17,False,0,0,0,0,True,known,False,predictor_unavailable,,False,,,,,False,True
MB-0090,MassBank,MSBNK-ACES_SU-AS000338,CN1CCN(CC1)CCCN2C3=CC=CC=C3SC4=C2C=C(C=C4)Cl,CN1CCN(CCCN2c3ccccc3Sc3ccc(Cl)cc32)CC1,[M+H]+,PRECURSOR_TYPE+ion-mode-consistent,POSITIVE,stated_z1 (supported adducts unary),Exploris 480 Orbitrap (Thermo Scientific),Ramp 20%-70% (nominal),CC BY,,MassBank-MassBank-data-85e5599/ACES_SU/MSBNK-ACES_SU-AS000338.txt,WIKYUJGCLQQFNW-UHFFFAOYSA-N,373137024,373.13795,rounding_halfwidth_50_muDa,2.48,False,0,0,0,0,True,known,False,predictor_unavailable,,False,,,,,False,False
MB-0091,MassBank,MSBNK-ACES_SU-AS000340,CC1CN(CCN1)C2=C(C=C3C(=C2OC)N(C=C(C3=O)C(=O)O)C4CC4)F,COc1c(N2CCNC(C)C2)c(F)cc2c(=O)c(C(=O)O)cn(C3CC3)c12,[M+H]+,PRECURSOR_TYPE+ion-mode-consistent,POSITIVE,stated_z1 (supported adducts unary),Exploris 480 Orbitrap (Thermo Scientific),Ramp 20%-70% (nominal),CC BY,,MassBank-MassBank-data-85e5599/ACES_SU/MSBNK-ACES_SU-AS000340.txt,XUBOMFCQGDBHNK-UHFFFAOYSA-N,375158424,375.15943,rounding_halfwidth_50_muDa,2.68,False,0,0,0,0,True,known,False,predictor_unavailable,,False,,,,,False,False
MB-0092,MassBank,MSBNK-ACES_SU-AS000344,CCN(CC)CCCC(C)NC1=C2C=C(C=CC2=NC3=C1C=CC(=C3)Cl)OC,CCN(CC)CCCC(C)Nc1c2ccc(Cl)cc2nc2ccc(OC)cc12,[M+H]+,PRECURSOR_TYPE+ion-mode-consistent,POSITIVE,stated_z1 (supported adducts unary),Exploris 480 Orbitrap (Thermo Scientific),Ramp 20%-70% (nominal),CC BY,,MassBank-MassBank-data-85e5599/ACES_SU/MSBNK-ACES_SU-AS000344.txt,GPKJTRJOBQGKQK-UHFFFAOYSA-N,399207224,399.20774,rounding_halfwidth_50_muDa,1.29,False,0,0,0,0,True,known,False,predictor_unavailable,,False,,,,,False,False
MB-0093,MassBank,MSBNK-ACES_SU-AS000348,COC1=C(C=C2C(=C1)C(=NC(=N2)N3CCN(CC3)C(=O)C4COC5=CC=CC=C5O4)N)OC,COc1cc2nc(N3CCN(C(=O)C4COc5ccccc5O4)CC3)nc(N)c2cc1OC,[M+H]+,PRECURSOR_TYPE+ion-mode-consistent,POSITIVE,stated_z1 (supported adducts unary),Exploris 480 Orbitrap (Thermo Scientific),Ramp 20%-70% (nominal),CC BY,,MassBank-MassBank-data-85e5599/ACES_SU/MSBNK-ACES_SU-AS000348.txt,RUZYUOTYCVRMRZ-UHFFFAOYSA-N,451184524,451.18557,rounding_halfwidth_50_muDa,2.32,True,192,192,0,192,True,known,True,ok,0.015466638113363684,True,126,126,92,137,True,False
MB-0094,MassBank,MSBNK-ACES_SU-AS000349,CC(C)N=C1C=C2C(=NC3=CC=CC=C3N2C4=CC=C(C=C4)Cl)C=C1NC5=CC=C(C=C5)Cl,CC(C)N=c1cc2n(-c3ccc(Cl)cc3)c3ccccc3nc-2cc1Nc1ccc(Cl)cc1,[M+H]+,PRECURSOR_TYPE+ion-mode-consistent,POSITIVE,stated_z1 (supported adducts unary),Exploris 480 Orbitrap (Thermo Scientific),Ramp 20%-70% (nominal),CC BY,,MassBank-MassBank-data-85e5599/ACES_SU/MSBNK-ACES_SU-AS000349.txt,WDQPAMHFFCXSNU-UHFFFAOYSA-N,472121524,472.12215,rounding_halfwidth_50_muDa,1.33,False,0,0,0,0,True,known,False,predictor_unavailable,,False,,,,,False,False
MB-0095,MassBank,MSBNK-ACES_SU-AS000354,C[C@H](C1=CC(=CC(=C1)C(F)(F)F)C(F)(F)F)O[C@@H]2[C@@H](N(CCO2)CC3=NNC(=O)N3)C4=CC=C(C=C4)F,CC(OC1OCCN(Cc2n[nH]c(=O)[nH]2)C1c1ccc(F)cc1)c1cc(C(F)(F)F)cc(C(F)(F)F)c1,[M+H]+,PRECURSOR_TYPE+ion-mode-consistent,POSITIVE,stated_z1 (supported adducts unary),Exploris 480 Orbitrap (Thermo Scientific),Ramp 20%-70% (nominal),CC BY,,MassBank-MassBank-data-85e5599/ACES_SU/MSBNK-ACES_SU-AS000354.txt,ATALOFNDEOCMKK-OITMNORJSA-N,534149324,534.15019,rounding_halfwidth_50_muDa,1.62,False,0,0,0,0,True,known,False,predictor_unavailable,,False,,,,,False,False
MB-0096,MassBank,MSBNK-ACES_SU-AS000355,C[C@]12CC[C@](C[C@H]1C3=CC(=O)[C@@H]4[C@]5(CC[C@@H](C([C@@H]5CC[C@]4([C@@]3(CC2)C)C)(C)C)OC(=O)CCC(=O)O)C)(C)C(=O)O,CC1(C(=O)O)CCC2(C)CCC3(C)C(=CC(=O)C4C5(C)CCC(OC(=O)CCC(=O)O)C(C)(C)C5CCC43C)C2C1,[M+H]+,PRECURSOR_TYPE+ion-mode-consistent,POSITIVE,stated_z1 (supported adducts unary),Exploris 480 Orbitrap (Thermo Scientific),Ramp 20%-70% (nominal),CC BY,,MassBank-MassBank-data-85e5599/ACES_SU/MSBNK-ACES_SU-AS000355.txt,OBZHEBDUNPOCJG-WBXJDKIVSA-N,570354124,570.35565,rounding_halfwidth_50_muDa,2.68,False,0,0,0,0,True,known,False,predictor_unavailable,,False,,,,,False,False
MB-0097,MassBank,MSBNK-ACES_SU-AS000356,CCCCC1=C(C2=CC=CC=C2O1)C(=O)C3=CC(=C(C(=C3)I)OCCN(CC)CC)I,CCCCc1oc2ccccc2c1C(=O)c1cc(I)c(OCCN(CC)CC)c(I)c1,[M+H]+,PRECURSOR_TYPE+ion-mode-consistent,POSITIVE,stated_z1 (supported adducts unary),Exploris 480 Orbitrap (Thermo Scientific),Ramp 20%-70% (nominal),CC BY,,MassBank-MassBank-data-85e5599/ACES_SU/MSBNK-ACES_SU-AS000356.txt,IYIKLHRQXLHMJQ-UHFFFAOYSA-N,645021624,645.02369,rounding_halfwidth_50_muDa,3.2,True,10,10,0,10,True,known,True,ok,0.002597086409821925,True,10,10,2,2,False,True
MB-0098,MassBank,MSBNK-ACES_SU-AS000357,C[C@@H]1[C@H]([C@@H]([C@H]([C@H](O1)O[C@@H]2[C@H](O[C@@H]([C@@H]([C@H]2O)O)O[C@@H]3[C@H](OC([C@@H]([C@H]3O)O)O)CO)CO)O)O)N[C@H]4C=C([C@H]([C@@H]([C@H]4O)O)O)CO,CC1OC(OC2C(CO)OC(OC3C(CO)OC(O)C(O)C3O)C(O)C2O)C(O)C(O)C1NC1C=C(CO)C(O)C(O)C1O,[M+H]+,PRECURSOR_TYPE+ion-mode-consistent,POSITIVE,stated_z1 (supported adducts unary),Exploris 480 Orbitrap (Thermo Scientific),Ramp 20%-70% (nominal),CC BY,,MassBank-MassBank-data-85e5599/ACES_SU/MSBNK-ACES_SU-AS000357.txt,XUFXOAAUWZOOIT-UGEKTDRHSA-N,645244824,645.24801,rounding_halfwidth_50_muDa,4.94,True,71,71,0,71,True,known,True,ok,0.0013663661585154863,True,34,34,24,53,False,False
MB-0099,MassBank,MSBNK-ACES_SU-AS000360,CN(C)C1=NC(=NC(=N1)N(C)C)N(C)C,CN(C)c1nc(N(C)C)nc(N(C)C)n1,[M+H]+,PRECURSOR_TYPE+ion-mode-consistent,POSITIVE,stated_z1 (supported adducts unary),Exploris 480 Orbitrap (Thermo Scientific),Ramp 20%-70% (nominal),CC BY,,MassBank-MassBank-data-85e5599/ACES_SU/MSBNK-ACES_SU-AS000360.txt,UUVWYPNAQBNQJQ-UHFFFAOYSA-N,210158824,210.15929,rounding_halfwidth_50_muDa,2.22,False,0,0,0,0,True,known,False,predictor_unavailable,,False,,,,,False,False
MB-0100,MassBank,MSBNK-ACES_SU-AS000369,C/C=C(/C(=C/C)/C1=CC=C(C=C1)O)\C2=CC=C(C=C2)O,CC=C(C(=CC)c1ccc(O)cc1)c1ccc(O)cc1,[M+H]+,PRECURSOR_TYPE+ion-mode-consistent,POSITIVE,stated_z1 (supported adducts unary),Exploris 480 Orbitrap (Thermo Scientific),Ramp 20%-70% (nominal),CC BY,,MassBank-MassBank-data-85e5599/ACES_SU/MSBNK-ACES_SU-AS000369.txt,NFDFQCUYFHCNBW-SCGPFSFSSA-N,266130124,266.13068,rounding_halfwidth_50_muDa,2.09,False,494,494,0,494,True,known,True,ok,0.06869716061378417,False,,,,,False,False
MB-0101,MassBank,MSBNK-ACES_SU-AS000372,CN(C)CCC=C1C2=CC=CC=C2C=CC3=CC=CC=C31,CN(C)CCC=C1c2ccccc2C=Cc2ccccc21,[M+H]+,PRECURSOR_TYPE+ion-mode-consistent,POSITIVE,stated_z1 (supported adducts unary),Exploris 480 Orbitrap (Thermo Scientific),Ramp 20%-70% (nominal),CC BY,,MassBank-MassBank-data-85e5599/ACES_SU/MSBNK-ACES_SU-AS000372.txt,JURKNVYFZMSNLP-UHFFFAOYSA-N,275166724,275.1674,rounding_halfwidth_500_muDa,2.46,False,0,0,0,0,True,known,False,predictor_unavailable,,False,,,,,False,False
MB-0102,MassBank,MSBNK-ACES_SU-AS000375,COC(=O)NC1=NC2=C(N1)C=C(C=C2)C(=O)C3=CC=CS3,COC(=O)Nc1nc2ccc(C(=O)c3cccs3)cc2[nH]1,[M+H]+,PRECURSOR_TYPE+ion-mode-consistent,POSITIVE,stated_z1 (supported adducts unary),Exploris 480 Orbitrap (Thermo Scientific),Ramp 20%-70% (nominal),CC BY,,MassBank-MassBank-data-85e5599/ACES_SU/MSBNK-ACES_SU-AS000375.txt,KYRVNWMVYQXFEU-UHFFFAOYSA-N,301051724,301.05211,rounding_halfwidth_500_muDa,1.28,False,0,0,0,0,True,known,False,predictor_unavailable,,False,,,,,False,False
MB-0103,MassBank,MSBNK-ACES_SU-AS000377,CCN(CC)CCOC(=O)C1(CCCCC1)C2CCCCC2,CCN(CC)CCOC(=O)C1(C2CCCCC2)CCCCC1,[M+H]+,PRECURSOR_TYPE+ion-mode-consistent,POSITIVE,stated_z1 (supported adducts unary),Exploris 480 Orbitrap (Thermo Scientific),Ramp 20%-70% (nominal),CC BY,,MassBank-MassBank-data-85e5599/ACES_SU/MSBNK-ACES_SU-AS000377.txt,CURUTKGFNZGFSE-UHFFFAOYSA-N,309266124,309.26678,rounding_halfwidth_50_muDa,2.12,False,0,0,0,0,True,known,False,predictor_unavailable,,False,,,,,False,False
MB-0104,MassBank,MSBNK-ACES_SU-AS000381,CC(=O)[C@H]1CC[C@@H]2[C@@]1(CC(=O)[C@H]3[C@H]2CC[C@@H]4[C@@]3(CC[C@H](C4)O)C)C,CC(=O)C1CCC2C3CCC4CC(O)CCC4(C)C3C(=O)CC12C,[M+H]+,PRECURSOR_TYPE+ion-mode-consistent,POSITIVE,stated_z1 (supported adducts unary),Exploris 480 Orbitrap (Thermo Scientific),Ramp 20%-70% (nominal),CC BY,,MassBank-MassBank-data-85e5599/ACES_SU/MSBNK-ACES_SU-AS000381.txt,DUHUCHOQIDJXAT-OLVMNOGESA-N,332234224,332.23514,rounding_halfwidth_50_muDa,2.76,False,0,0,0,0,True,known,False,predictor_unavailable,,False,,,,,False,False
MB-0105,MassBank,MSBNK-ACES_SU-AS000384,CCOC(=O)C1=C(NC(=C(C1C2=C(C(=CC=C2)Cl)Cl)C(=O)OC)C)C,CCOC(=O)C1=C(C)NC(C)=C(C(=O)OC)C1c1cccc(Cl)c1Cl,[M+H]+,PRECURSOR_TYPE+ion-mode-consistent,POSITIVE,stated_z1 (supported adducts unary),Exploris 480 Orbitrap (Thermo Scientific),Ramp 20%-70% (nominal),CC BY,,MassBank-MassBank-data-85e5599/ACES_SU/MSBNK-ACES_SU-AS000384.txt,RZTAMFZIAATZDJ-UHFFFAOYSA-N,383068824,383.06911,rounding_halfwidth_50_muDa,0.75,False,0,0,0,0,True,known,False,predictor_unavailable,,False,,,,,False,False
MB-0106,MassBank,MSBNK-ACES_SU-AS000391,C=CC1=C(N2[C@@H]([C@@H](C2=O)NC(=O)/C(=N\OCC(=O)O)/C3=CSC(=N3)N)SC1)C(=O)O,C=CC1=C(C(=O)O)N2C(=O)C(NC(=O)C(=NOCC(=O)O)c3csc(N)n3)C2SC1,[M+H]+,PRECURSOR_TYPE+ion-mode-consistent,POSITIVE,stated_z1 (supported adducts unary),Exploris 480 Orbitrap (Thermo Scientific),Ramp 20%-70% (nominal),CC BY,,MassBank-MassBank-data-85e5599/ACES_SU/MSBNK-ACES_SU-AS000391.txt,OKBVVJOGVLARMR-QSWIMTSFSA-N,453039224,453.04129,rounding_halfwidth_50_muDa,4.56,False,0,0,0,0,True,known,False,predictor_unavailable,,False,,,,,False,False
MB-0107,MassBank,MSBNK-ACES_SU-AS000393,C1CN(CCC12C(=O)NCN2C3=CC=CC=C3)CCCC(C4=CC=C(C=C4)F)C5=CC=C(C=C5)F,O=C1NCN(c2ccccc2)C12CCN(CCCC(c1ccc(F)cc1)c1ccc(F)cc1)CC2,[M+H]+,PRECURSOR_TYPE+ion-mode-consistent,POSITIVE,stated_z1 (supported adducts unary),Exploris 480 Orbitrap (Thermo Scientific),Ramp 20%-70% (nominal),CC BY,,MassBank-MassBank-data-85e5599/ACES_SU/MSBNK-ACES_SU-AS000393.txt,QOYHHIBFXOOADH-UHFFFAOYSA-N,475242324,475.24352,rounding_halfwidth_50_muDa,2.52,False,0,0,0,0,True,known,False,predictor_unavailable,,False,,,,,False,False
MB-0108,MassBank,MSBNK-ACES_SU-AS000396,CC(C)(C)NC(=O)[C@@H]1C[C@@H]2CCCC[C@@H]2CN1C[C@H]([C@H](CC3=CC=CC=C3)NC(=O)[C@H](CC(=O)N)NC(=O)C4=NC5=CC=CC=C5C=C4)O,CC(C)(C)NC(=O)C1CC2CCCCC2CN1CC(O)C(Cc1ccccc1)NC(=O)C(CC(N)=O)NC(=O)c1ccc2ccccc2n1,[M+H]+,PRECURSOR_TYPE+ion-mode-consistent,POSITIVE,stated_z1 (supported adducts unary),Exploris 480 Orbitrap (Thermo Scientific),Ramp 20%-70% (nominal),CC BY,,MassBank-MassBank-data-85e5599/ACES_SU/MSBNK-ACES_SU-AS000396.txt,QWAXKHKRTORLEM-UGJKXSETSA-N,670383124,670.38427,rounding_halfwidth_50_muDa,1.71,False,0,0,0,0,True,known,False,predictor_unavailable,,False,,,,,False,True
MB-0109,MassBank,MSBNK-ACES_SU-AS000397,C[C@H]1/C=C/C=C(\C(=O)NC2=C(C(=C3C(=C2O)C(=C(C4=C3C(=O)[C@](O4)(O/C=C/[C@@H]([C@H]([C@H]([C@@H]([C@@H]([C@@H]([C@H]1O)C)O)C)OC(=O)C)C)OC)C)C)O)O)/C=N/N5CCN(CC5)C6CCCC6)/C,COC1C=COC2(C)Oc3c(C)c(O)c4c(O)c(c(C=NN5CCN(C6CCCC6)CC5)c(O)c4c3C2=O)NC(=O)C(C)=CC=CC(C)C(O)C(C)C(O)C(C)C(OC(C)=O)C1C,[M+H]+,PRECURSOR_TYPE+ion-mode-consistent,POSITIVE,stated_z1 (supported adducts unary),Exploris 480 Orbitrap (Thermo Scientific),Ramp 20%-70% (nominal),CC BY,,MassBank-MassBank-data-85e5599/ACES_SU/MSBNK-ACES_SU-AS000397.txt,WDZCUPBHRAEYDL-GZAUEHORSA-N,876450224,876.45207,rounding_halfwidth_50_muDa,2.11,False,0,0,0,0,True,known,False,predictor_unavailable,,False,,,,,False,False
MB-0110,MassBank,MSBNK-ACES_SU-AS000404,CC(=O)CCC1=CC2=C(C=C1)C=C(C=C2)OC,COc1ccc2cc(CCC(C)=O)ccc2c1,[M+H]+,PRECURSOR_TYPE+ion-mode-consistent,POSITIVE,stated_z1 (supported adducts unary),Exploris 480 Orbitrap (Thermo Scientific),Ramp 20%-70% (nominal),CC BY,,MassBank-MassBank-data-85e5599/ACES_SU/MSBNK-ACES_SU-AS000404.txt,BLXXJMDCKKHMKV-UHFFFAOYSA-N,228114824,228.11503,rounding_halfwidth_50_muDa,0.9,False,248,248,0,248,True,known,True,ok,0.02926433989101651,False,,,,,False,False
MB-0111,MassBank,MSBNK-ACES_SU-AS000408,C1CN=C(N1)NC2=C(C=CC3=NSN=C32)Cl,Clc1ccc2nsnc2c1NC1=NCCN1,[M+H]+,PRECURSOR_TYPE+ion-mode-consistent,POSITIVE,stated_z1 (supported adducts unary),Exploris 480 Orbitrap (Thermo Scientific),Ramp 20%-70% (nominal),CC BY,,MassBank-MassBank-data-85e5599/ACES_SU/MSBNK-ACES_SU-AS000408.txt,XFYDIVBRZNQMJC-UHFFFAOYSA-N,253018424,253.01889,rounding_halfwidth_50_muDa,1.84,False,0,0,0,0,True,known,False,predictor_unavailable,,False,,,,,False,False
MB-0112,MassBank,MSBNK-ACES_SU-AS000411,C1=CC(=C(C=C1Cl)C2=NC(=NC(=N2)N)N)Cl,Nc1nc(N)nc(-c2cc(Cl)ccc2Cl)n1,[M+H]+,PRECURSOR_TYPE+ion-mode-consistent,POSITIVE,stated_z1 (supported adducts unary),Exploris 480 Orbitrap (Thermo Scientific),Ramp 20%-70% (nominal),CC BY,,MassBank-MassBank-data-85e5599/ACES_SU/MSBNK-ACES_SU-AS000411.txt,ATCGGEJZONJOCL-UHFFFAOYSA-N,255007424,255.00785,rounding_halfwidth_50_muDa,1.67,True,89,89,0,89,True,known,True,ok,0.025584444987034383,True,37,37,45,58,False,False
MB-0113,MassBank,MSBNK-ACES_SU-AS000412,CC1=CC(=O)C2=C(C3=C(C(=C2O1)OC)OC=C3)OC,COc1c2occc2c(OC)c2c(=O)cc(C)oc12,[M+H]+,PRECURSOR_TYPE+ion-mode-consistent,POSITIVE,stated_z1 (supported adducts unary),Exploris 480 Orbitrap (Thermo Scientific),Ramp 20%-70% (nominal),CC BY,,MassBank-MassBank-data-85e5599/ACES_SU/MSBNK-ACES_SU-AS000412.txt,HSMPDPBYAYSOBC-UHFFFAOYSA-N,260067824,260.06847,rounding_halfwidth_50_muDa,2.48,True,439,439,0,439,True,known,True,ok,0.00014993094555770803,True,52,52,371,424,False,False
MB-0114,MassBank,MSBNK-ACES_SU-AS000418,CC(C1=CC=C(C=C1)N2CC3=CC=CC=C3C2=O)C(=O)O,CC(C(=O)O)c1ccc(N2Cc3ccccc3C2=O)cc1,[M+H]+,PRECURSOR_TYPE+ion-mode-consistent,POSITIVE,stated_z1 (supported adducts unary),Exploris 480 Orbitrap (Thermo Scientific),Ramp 20%-70% (nominal),CC BY,,MassBank-MassBank-data-85e5599/ACES_SU/MSBNK-ACES_SU-AS000418.txt,RJMIEHBSYVWVIN-UHFFFAOYSA-N,281104724,281.10519,rounding_halfwidth_500_muDa,1.66,False,0,0,0,0,True,known,False,predictor_unavailable,,False,,,,,False,False
MB-0115,MassBank,MSBNK-ACES_SU-AS000420,CC(C)(C#N)C1=CC(=CC(=C1)CN2C=NC=N2)C(C)(C)C#N,CC(C)(C#N)c1cc(Cn2cncn2)cc(C(C)(C)C#N)c1,[M+H]+,PRECURSOR_TYPE+ion-mode-consistent,POSITIVE,stated_z1 (supported adducts unary),Exploris 480 Orbitrap (Thermo Scientific),Ramp 20%-70% (nominal),CC BY,,MassBank-MassBank-data-85e5599/ACES_SU/MSBNK-ACES_SU-AS000420.txt,YBBLVLTVTVSKRW-UHFFFAOYSA-N,293163124,293.16405,rounding_halfwidth_50_muDa,3.16,True,250,250,0,250,True,known,True,ok,0.014277929080384055,True,27,27,197,245,True,False
MB-0116,MassBank,MSBNK-ACES_SU-AS000422,CN1CCCN(CC1)C(C2=CC=CC=C2)C3=CC=C(C=C3)Cl,CN1CCCN(C(c2ccccc2)c2ccc(Cl)cc2)CC1,[M+H]+,PRECURSOR_TYPE+ion-mode-consistent,POSITIVE,stated_z1 (supported adducts unary),Exploris 480 Orbitrap (Thermo Scientific),Ramp 20%-70% (nominal),CC BY,,MassBank-MassBank-data-85e5599/ACES_SU/MSBNK-ACES_SU-AS000422.txt,WEUCDJCFJHYFRL-UHFFFAOYSA-N,314154824,314.15498,rounding_halfwidth_50_muDa,0.5,True,201,201,0,201,True,known,True,ok,0.007249026379263279,True,53,53,1,147,False,False
MB-0117,MassBank,MSBNK-ACES_SU-AS000424,CCOC(=O)C1=CC=C(C=C1)OC(=O)CCCCCN=C(N)N,CCOC(=O)c1ccc(OC(=O)CCCCCN=C(N)N)cc1,[M+H]+,PRECURSOR_TYPE+ion-mode-consistent,POSITIVE,stated_z1 (supported adducts unary),Exploris 480 Orbitrap (Thermo Scientific),Ramp 20%-70% (nominal),CC BY,,MassBank-MassBank-data-85e5599/ACES_SU/MSBNK-ACES_SU-AS000424.txt,YKGYIDJEEQRWQH-UHFFFAOYSA-N,321168124,321.16886,rounding_halfwidth_50_muDa,2.29,False,0,0,0,0,True,known,False,predictor_unavailable,,False,,,,,False,False
MB-0118,MassBank,MSBNK-ACES_SU-AS000428,C1=CC=C2C(=C1)C(=CC(=O)N2)CC(C(=O)O)NC(=O)C3=CC=C(C=C3)Cl,O=C(NC(Cc1cc(=O)[nH]c2ccccc12)C(=O)O)c1ccc(Cl)cc1,[M+H]+,PRECURSOR_TYPE+ion-mode-consistent,POSITIVE,stated_z1 (supported adducts unary),Exploris 480 Orbitrap (Thermo Scientific),Ramp 20%-70% (nominal),CC BY,,MassBank-MassBank-data-85e5599/ACES_SU/MSBNK-ACES_SU-AS000428.txt,ALLWOAVDORUJLA-UHFFFAOYSA-N,370071024,370.07203,rounding_halfwidth_50_muDa,2.72,False,0,0,0,0,True,known,False,predictor_unavailable,,False,,,,,False,False
MB-0119,MassBank,MSBNK-ACES_SU-AS000429,CC1=C2C(=CS1)C(=O)NC3=CC=CC=C3N2C(=O)CN4CCN(CC4)C,Cc1scc2c1N(C(=O)CN1CCN(C)CC1)c1ccccc1NC2=O,[M+H]+,PRECURSOR_TYPE+ion-mode-consistent,POSITIVE,stated_z1 (supported adducts unary),Exploris 480 Orbitrap (Thermo Scientific),Ramp 20%-70% (nominal),CC BY,,MassBank-MassBank-data-85e5599/ACES_SU/MSBNK-ACES_SU-AS000429.txt,VSWPGAIWKHPTKX-UHFFFAOYSA-N,370145024,370.14635,rounding_halfwidth_50_muDa,3.58,False,0,0,0,0,True,known,False,predictor_unavailable,,False,,,,,False,False
MB-0120,MassBank,MSBNK-ACES_SU-AS000431,CC(C)C1=C(N(N(C1=O)C2=CC=CC=C2)C)CN(C)C(C)CC3=CC=CC=C3,CC(C)c1c(CN(C)C(C)Cc2ccccc2)n(C)n(-c2ccccc2)c1=O,[M+H]+,PRECURSOR_TYPE+ion-mode-consistent,POSITIVE,stated_z1 (supported adducts unary),Exploris 480 Orbitrap (Thermo Scientific),Ramp 20%-70% (nominal),CC BY,,MassBank-MassBank-data-85e5599/ACES_SU/MSBNK-ACES_SU-AS000431.txt,GNUXVOXXWGNPIV-UHFFFAOYSA-N,377245924,377.24671,rounding_halfwidth_50_muDa,2.08,False,0,0,0,0,True,known,False,predictor_unavailable,,False,,,,,False,False
MB-0121,MassBank,MSBNK-ACES_SU-AS000432,CC1=CC(=NC(=N1)O[C@H](C(=O)O)C(C2=CC=CC=C2)(C3=CC=CC=C3)OC)C,COC(c1ccccc1)(c1ccccc1)C(Oc1nc(C)cc(C)n1)C(=O)O,[M+H]+,PRECURSOR_TYPE+ion-mode-consistent,POSITIVE,stated_z1 (supported adducts unary),Exploris 480 Orbitrap (Thermo Scientific),Ramp 20%-70% (nominal),CC BY,,MassBank-MassBank-data-85e5599/ACES_SU/MSBNK-ACES_SU-AS000432.txt,OUJTZYPIHDYQMC-LJQANCHMSA-N,378157124,378.15796,rounding_halfwidth_50_muDa,2.21,False,0,0,0,0,True,known,False,predictor_unavailable,,False,,,,,False,False
MB-0122,MassBank,MSBNK-ACES_SU-AS000435,CCC(CC1=C(C(=C(C=C1I)I)N)I)C(=O)O,CCC(Cc1c(I)cc(I)c(N)c1I)C(=O)O,[M+H]+,PRECURSOR_TYPE+ion-mode-consistent,POSITIVE,stated_z1 (supported adducts unary),Exploris 480 Orbitrap (Thermo Scientific),Ramp 20%-70% (nominal),CC BY,,MassBank-MassBank-data-85e5599/ACES_SU/MSBNK-ACES_SU-AS000435.txt,OIRFJRBSRORBCM-UHFFFAOYSA-N,570799024,570.8002,rounding_halfwidth_50_muDa,2.06,False,0,0,0,0,True,known,False,predictor_unavailable,,False,,,,,False,False
MB-0123,MassBank,MSBNK-ACES_SU-AS000436,C[C@@]1(C(=O)N2[C@H](C(=O)N3CCC[C@H]3[C@@]2(O1)O)CC4=CC=CC=C4)NC(=O)[C@@H]5C[C@H]6[C@@H](CC7=CNC8=CC=CC6=C78)N(C5)C,CN1CC(C(=O)NC2(C)OC3(O)C4CCCN4C(=O)C(Cc4ccccc4)N3C2=O)CC2c3cccc4[nH]cc(c34)CC21,[M+H]+,PRECURSOR_TYPE+ion-mode-consistent,POSITIVE,stated_z1 (supported adducts unary),Exploris 480 Orbitrap (Thermo Scientific),Ramp 20%-70% (nominal),CC BY,,MassBank-MassBank-data-85e5599/ACES_SU/MSBNK-ACES_SU-AS000436.txt,LUZRJRNZXALNLM-JGRZULCMSA-N,583276924,583.27947,rounding_halfwidth_50_muDa,4.36,True,234,234,0,234,True,known,True,ok,0.00511340648120584,True,72,72,41,11,False,False
MB-0124,MassBank,MSBNK-ACES_SU-AS000441,CCCC1=NC=CC(=C1)C(=S)N,CCCc1cc(C(N)=S)ccn1,[M+H]+,PRECURSOR_TYPE+ion-mode-consistent,POSITIVE,stated_z1 (supported adducts unary),Exploris 480 Orbitrap (Thermo Scientific),Ramp 20%-70% (nominal),CC BY,,MassBank-MassBank-data-85e5599/ACES_SU/MSBNK-ACES_SU-AS000441.txt,VRDIULHPQTYCLN-UHFFFAOYSA-N,180071524,180.07212,rounding_halfwidth_50_muDa,3.31,False,0,0,0,0,True,known,False,predictor_unavailable,,False,,,,,False,False
MB-0125,MassBank,MSBNK-ACES_SU-AS000444,C1C[C@@H](O[C@@H]1CO)N2C=CC(=NC2=O)N,Nc1ccn(C2CCC(CO)O2)c(=O)n1,[M+H]+,PRECURSOR_TYPE+ion-mode-consistent,POSITIVE,stated_z1 (supported adducts unary),Exploris 480 Orbitrap (Thermo Scientific),Ramp 20%-70% (nominal),CC BY,,MassBank-MassBank-data-85e5599/ACES_SU/MSBNK-ACES_SU-AS000444.txt,WREGKURFCTUGRC-POYBYMJQSA-N,211099324,211.09569,rounding_halfwidth_50_muDa,17.21,False,0,0,0,0,True,known,False,predictor_unavailable,,False,,,,,False,False
MB-0126,MassBank,MSBNK-ACES_SU-AS000445,C1=CC=C(C=C1)N=NC2=C(N=C(C=C2)N)N,Nc1ccc(N=Nc2ccccc2)c(N)n1,[M+H]+,PRECURSOR_TYPE+ion-mode-consistent,POSITIVE,stated_z1 (supported adducts unary),Exploris 480 Orbitrap (Thermo Scientific),Ramp 20%-70% (nominal),CC BY,,MassBank-MassBank-data-85e5599/ACES_SU/MSBNK-ACES_SU-AS000445.txt,QPFYXYFORQJZEC-UHFFFAOYSA-N,213100924,213.10145,rounding_halfwidth_50_muDa,2.47,True,237,237,0,237,True,known,True,ok,0.011181629169682905,True,18,18,26,129,False,False
MB-0127,MassBank,MSBNK-ACES_SU-AS000449,CC(C1=CC2=C(C=C1)OC3=C(C2)C=CC=N3)C(=O)O,CC(C(=O)O)c1ccc2c(c1)Cc1cccnc1O2,[M+H]+,PRECURSOR_TYPE+ion-mode-consistent,POSITIVE,stated_z1 (supported adducts unary),Exploris 480 Orbitrap (Thermo Scientific),Ramp 20%-70% (nominal),CC BY,,MassBank-MassBank-data-85e5599/ACES_SU/MSBNK-ACES_SU-AS000449.txt,TVQZAMVBTVNYLA-UHFFFAOYSA-N,255088624,255.08954,rounding_halfwidth_50_muDa,3.59,False,659,659,0,659,True,known,True,ok,0.001785285646278889,False,,,,,False,False
MB-0128,MassBank,MSBNK-ACES_SU-AS000451,CC(C1=CC=C(C=C1)C(=O)C2=CC=CS2)C(=O)O,CC(C(=O)O)c1ccc(C(=O)c2cccs2)cc1,[M+H]+,PRECURSOR_TYPE+ion-mode-consistent,POSITIVE,stated_z1 (supported adducts unary),Exploris 480 Orbitrap (Thermo Scientific),Ramp 20%-70% (nominal),CC BY,,MassBank-MassBank-data-85e5599/ACES_SU/MSBNK-ACES_SU-AS000451.txt,MDKGKXOCJGEUJW-UHFFFAOYSA-N,260050024,260.05072,rounding_halfwidth_50_muDa,2.68,False,0,0,0,0,True,known,False,predictor_unavailable,,False,,,,,False,False
MB-0129,MassBank,MSBNK-ACES_SU-AS000452,CNCCC=C1C2=CC=CC=C2C=CC3=CC=CC=C31,CNCCC=C1c2ccccc2C=Cc2ccccc21,[M+H]+,PRECURSOR_TYPE+ion-mode-consistent,POSITIVE,stated_z1 (supported adducts unary),Exploris 480 Orbitrap (Thermo Scientific),Ramp 20%-70% (nominal),CC BY,,MassBank-MassBank-data-85e5599/ACES_SU/MSBNK-ACES_SU-AS000452.txt,XECQQDXTQRYYBH-UHFFFAOYSA-N,261151024,261.15175,rounding_halfwidth_50_muDa,2.78,False,0,0,0,0,True,known,False,predictor_unavailable,,False,,,,,False,False
MB-0130,MassBank,MSBNK-ACES_SU-AS000453,CC1CC(CC(C1)(C)C)OC(=O)C2=CC=CC=C2O,CC1CC(OC(=O)c2ccccc2O)CC(C)(C)C1,[M+H]+,PRECURSOR_TYPE+ion-mode-consistent,POSITIVE,stated_z1 (supported adducts unary),Exploris 480 Orbitrap (Thermo Scientific),Ramp 20%-70% (nominal),CC BY,,MassBank-MassBank-data-85e5599/ACES_SU/MSBNK-ACES_SU-AS000453.txt,WSSJONWNBBTCMG-UHFFFAOYSA-N,262154524,262.15689,rounding_halfwidth_50_muDa,9.03,False,0,0,0,0,True,known,False,predictor_unavailable,,False,,,,,False,False
MB-0131,MassBank,MSBNK-ACES_SU-AS000455,CC1=CC=C(C=C1)N(CC2=NCCN2)C3=CC(=CC=C3)O,Cc1ccc(N(CC2=NCCN2)c2cccc(O)c2)cc1,[M+H]+,PRECURSOR_TYPE+ion-mode-consistent,POSITIVE,stated_z1 (supported adducts unary),Exploris 480 Orbitrap (Thermo Scientific),Ramp 20%-70% (nominal),CC BY,,MassBank-MassBank-data-85e5599/ACES_SU/MSBNK-ACES_SU-AS000455.txt,MRBDMNSDAVCSSF-UHFFFAOYSA-N,281152324,281.15281,rounding_halfwidth_50_muDa,1.73,False,246,246,0,246,True,known,True,ok,0.01687137936578542,False,,,,,False,False
MB-0132,MassBank,MSBNK-ACES_SU-AS000458,CN1CCC(=C2C3=CC=CC=C3C=CC4=CC=CC=C42)CC1,CN1CCC(=C2c3ccccc3C=Cc3ccccc32)CC1,[M+H]+,PRECURSOR_TYPE+ion-mode-consistent,POSITIVE,stated_z1 (supported adducts unary),Exploris 480 Orbitrap (Thermo Scientific),Ramp 20%-70% (nominal),CC BY,,MassBank-MassBank-data-85e5599/ACES_SU/MSBNK-ACES_SU-AS000458.txt,JJCFRYNCJDLXIK-UHFFFAOYSA-N,287166624,287.1674,rounding_halfwidth_50_muDa,2.7,False,594,594,0,594,True,known,True,ok,0.025663032826059085,False,,,,,False,False
MB-0133,MassBank,MSBNK-ACES_SU-AS000470,C1CCC(CC1)N2C(=NN=N2)CCCCOC3=CC4=C(C=C3)NC(=O)CC4,O=C1CCc2cc(OCCCCc3nnnn3C3CCCCC3)ccc2N1,[M+H]+,PRECURSOR_TYPE+ion-mode-consistent,POSITIVE,stated_z1 (supported adducts unary),Exploris 480 Orbitrap (Thermo Scientific),Ramp 20%-70% (nominal),CC BY,,MassBank-MassBank-data-85e5599/ACES_SU/MSBNK-ACES_SU-AS000470.txt,RRGUKTPIGVIEKM-UHFFFAOYSA-N,369215424,369.21648,rounding_halfwidth_50_muDa,2.86,False,0,0,0,0,True,known,False,predictor_unavailable,,False,,,,,False,False
MB-0134,MassBank,MSBNK-ACES_SU-AS000471,CCC(=O)[C@]1([C@@H](C[C@@H]2[C@@]1(C[C@@H]([C@H]3[C@H]2CCC4=CC(=O)C=C[C@]34C)O)C)C)C,CCC(=O)C1(C)C(C)CC2C3CCC4=CC(=O)C=CC4(C)C3C(O)CC21C,[M+H]+,PRECURSOR_TYPE+ion-mode-consistent,POSITIVE,stated_z1 (supported adducts unary),Exploris 480 Orbitrap (Thermo Scientific),Ramp 20%-70% (nominal),CC BY,,MassBank-MassBank-data-85e5599/ACES_SU/MSBNK-ACES_SU-AS000471.txt,QTTRZHGPGKRAFB-OOKHYKNYSA-N,370250124,370.25079,rounding_halfwidth_50_muDa,1.8,False,0,0,0,0,True,known,False,predictor_unavailable,,False,,,,,False,False
MB-0135,MassBank,MSBNK-ACES_SU-AS000473,CCC[C@@H]1C[C@H](N(C1)C)C(=O)N[C@@H]([C@@H]2[C@@H]([C@@H]([C@H]([C@H](O2)SC)O)O)O)[C@@H](C)O,CCCC1CC(C(=O)NC(C(C)O)C2OC(SC)C(O)C(O)C2O)N(C)C1,[M+H]+,PRECURSOR_TYPE+ion-mode-consistent,POSITIVE,stated_z1 (supported adducts unary),Exploris 480 Orbitrap (Thermo Scientific),Ramp 20%-70% (nominal),CC BY,,MassBank-MassBank-data-85e5599/ACES_SU/MSBNK-ACES_SU-AS000473.txt,OJMMVQQUTAEWLP-KIDUDLJLSA-N,406212724,406.21376,rounding_halfwidth_5000_muDa,2.55,True,32,32,0,32,True,known,True,ok,0.0016509763023195845,True,13,13,21,20,True,False
MB-0136,MassBank,MSBNK-ACES_SU-AS000474,CC(C)N1C2=CC=CC=C2C(=C1/C=C/[C@@H](C[C@@H](CC(=O)O)O)O)C3=CC=C(C=C3)F,CC(C)n1c(C=CC(O)CC(O)CC(=O)O)c(-c2ccc(F)cc2)c2ccccc21,[M+H]+,PRECURSOR_TYPE+ion-mode-consistent,POSITIVE,stated_z1 (supported adducts unary),Exploris 480 Orbitrap (Thermo Scientific),Ramp 20%-70% (nominal),CC BY,,MassBank-MassBank-data-85e5599/ACES_SU/MSBNK-ACES_SU-AS000474.txt,FJLGEFLZQAZZCD-JUFISIKESA-N,411184324,411.18459,rounding_halfwidth_50_muDa,0.65,True,243,243,0,243,True,known,True,ok,0.0,True,46,46,127,151,True,False
MB-0137,MassBank,MSBNK-ACES_SU-AS000475,CC[C@@]1(C2=C(COC1=O)C(=O)N3CC4=CC5=C(C=CC(=C5CN(C)C)O)N=C4C3=C2)O,CCC1(O)C(=O)OCc2c1cc1n(c2=O)Cc2cc3c(CN(C)C)c(O)ccc3nc2-1,[M+H]+,PRECURSOR_TYPE+ion-mode-consistent,POSITIVE,stated_z1 (supported adducts unary),Exploris 480 Orbitrap (Thermo Scientific),Ramp 20%-70% (nominal),CC BY,,MassBank-MassBank-data-85e5599/ACES_SU/MSBNK-ACES_SU-AS000475.txt,UCFGDBYHRUNTLO-QHCPKHFHSA-N,421163224,421.16377,rounding_halfwidth_50_muDa,1.3,False,0,0,0,0,True,known,False,predictor_unavailable,,False,,,,,False,False
MB-0138,MassBank,MSBNK-ACES_SU-AS000479,CC1=C(C(=O)N(N1C)C2=CC=CC=C2)O,Cc1c(O)c(=O)n(-c2ccccc2)n1C,[M+H]+,PRECURSOR_TYPE+ion-mode-consistent,POSITIVE,stated_z1 (supported adducts unary),Exploris 480 Orbitrap (Thermo Scientific),Ramp 20%-70% (nominal),CC BY,,MassBank-MassBank-data-85e5599/ACES_SU/MSBNK-ACES_SU-AS000479.txt,SKVPTPMWXJSBTF-UHFFFAOYSA-N,204089424,204.08988,rounding_halfwidth_50_muDa,2.23,True,708,708,0,708,True,known,True,ok,0.006216019261379491,True,549,549,37,489,False,False
MB-0139,MassBank,MSBNK-ACES_SU-AS000481,CCN(CC)C(=O)C1=CC(=C(C=C1)O)OC,CCN(CC)C(=O)c1ccc(O)c(OC)c1,[M+H]+,PRECURSOR_TYPE+ion-mode-consistent,POSITIVE,stated_z1 (supported adducts unary),Exploris 480 Orbitrap (Thermo Scientific),Ramp 20%-70% (nominal),CC BY,,MassBank-MassBank-data-85e5599/ACES_SU/MSBNK-ACES_SU-AS000481.txt,BQJODPIMMWWMFC-UHFFFAOYSA-N,223120424,223.12084,rounding_halfwidth_50_muDa,1.86,True,962,962,0,962,True,known,True,ok,0.0032818092313859903,True,523,523,104,479,False,False
MB-0140,MassBank,MSBNK-ACES_SU-AS000486,C1=CC=C(C=C1)C2=CC=C(C=C2)C(=O)CCC(=O)O,O=C(O)CCC(=O)c1ccc(-c2ccccc2)cc1,[M+H]+,PRECURSOR_TYPE+ion-mode-consistent,POSITIVE,stated_z1 (supported adducts unary),Exploris 480 Orbitrap (Thermo Scientific),Ramp 20%-70% (nominal),CC BY,,MassBank-MassBank-data-85e5599/ACES_SU/MSBNK-ACES_SU-AS000486.txt,ZPAKPRAICRBAOD-UHFFFAOYSA-N,254094024,254.09429,rounding_halfwidth_50_muDa,1.05,True,906,906,0,906,True,known,True,ok,0.012677395532190272,True,282,282,723,530,False,False
MB-0141,MassBank,MSBNK-ACES_SU-AS000487,CC(C1=NCCN1)OC2=C(C=CC=C2Cl)Cl,CC(Oc1c(Cl)cccc1Cl)C1=NCCN1,[M+H]+,PRECURSOR_TYPE+ion-mode-consistent,POSITIVE,stated_z1 (supported adducts unary),Exploris 480 Orbitrap (Thermo Scientific),Ramp 20%-70% (nominal),CC BY,,MassBank-MassBank-data-85e5599/ACES_SU/MSBNK-ACES_SU-AS000487.txt,KSMAGQUYOIHWFS-UHFFFAOYSA-N,258032224,258.03267,rounding_halfwidth_50_muDa,1.73,False,0,0,0,0,True,known,False,predictor_unavailable,,False,,,,,False,False
MB-0142,MassBank,MSBNK-ACES_SU-AS000489,C1=CC=C(C=C1)NC(=O)CCCCCCC(=O)NO,O=C(CCCCCCC(=O)Nc1ccccc1)NO,[M+H]+,PRECURSOR_TYPE+ion-mode-consistent,POSITIVE,stated_z1 (supported adducts unary),Exploris 480 Orbitrap (Thermo Scientific),Ramp 20%-70% (nominal),CC BY,,MassBank-MassBank-data-85e5599/ACES_SU/MSBNK-ACES_SU-AS000489.txt,WAEXFXRVDQXREF-UHFFFAOYSA-N,264146924,264.14739,rounding_halfwidth_50_muDa,1.76,False,1170,1170,0,1170,True,known,True,ok,0.0022538605369037956,False,,,,,False,False
MB-0143,MassBank,MSBNK-ACES_SU-AS000492,COC1=C(C=C(C=C1)C2CC(=O)NC2)OC3CCCC3,COc1ccc(C2CNC(=O)C2)cc1OC1CCCC1,[M+H]+,PRECURSOR_TYPE+ion-mode-consistent,POSITIVE,stated_z1 (supported adducts unary),Exploris 480 Orbitrap (Thermo Scientific),Ramp 20%-70% (nominal),CC BY,,MassBank-MassBank-data-85e5599/ACES_SU/MSBNK-ACES_SU-AS000492.txt,HJORMJIFDVBMOB-UHFFFAOYSA-N,275151624,275.15214,rounding_halfwidth_50_muDa,1.88,False,251,251,0,251,True,known,True,ok,0.023957758302565968,False,,,,,False,False
MB-0144,MassBank,MSBNK-ACES_SU-AS000496,CCCCN(CCCC)CCCOC(=O)C1=CC=C(C=C1)N,CCCCN(CCCC)CCCOC(=O)c1ccc(N)cc1,[M+H]+,PRECURSOR_TYPE+ion-mode-consistent,POSITIVE,stated_z1 (supported adducts unary),Exploris 480 Orbitrap (Thermo Scientific),Ramp 20%-70% (nominal),CC BY,,MassBank-MassBank-data-85e5599/ACES_SU/MSBNK-ACES_SU-AS000496.txt,HQFWVSGBVLEQGA-UHFFFAOYSA-N,306230324,306.23073,rounding_halfwidth_50_muDa,1.33,False,0,0,0,0,True,known,False,predictor_unavailable,,False,,,,,False,False
MB-0145,MassBank,MSBNK-ACES_SU-AS000499,COC1=C(C=C(C=C1)/C=C/C(=O)NC2=CC=CC=C2C(=O)O)OC,COc1ccc(C=CC(=O)Nc2ccccc2C(=O)O)cc1OC,[M+H]+,PRECURSOR_TYPE+ion-mode-consistent,POSITIVE,stated_z1 (supported adducts unary),Exploris 480 Orbitrap (Thermo Scientific),Ramp 20%-70% (nominal),CC BY,,MassBank-MassBank-data-85e5599/ACES_SU/MSBNK-ACES_SU-AS000499.txt,NZHGWWWHIYHZNX-CSKARUKUSA-N,327110324,327.11067,rounding_halfwidth_50_muDa,1.06,False,224,224,0,224,True,known,True,ok,0.00013584602971727922,False,,,,,False,False
MB-0146,MassBank,MSBNK-ACES_SU-AS000501,CC1=C(C(=O)C(=C(C1=O)OC)OC)CCCCCCCCCCO,COC1=C(OC)C(=O)C(CCCCCCCCCCO)=C(C)C1=O,[M+H]+,PRECURSOR_TYPE+ion-mode-consistent,POSITIVE,stated_z1 (supported adducts unary),Exploris 480 Orbitrap (Thermo Scientific),Ramp 20%-70% (nominal),CC BY,,MassBank-MassBank-data-85e5599/ACES_SU/MSBNK-ACES_SU-AS000501.txt,JGPMMRGNQUBGND-UHFFFAOYSA-N,338208924,338.20932,rounding_halfwidth_50_muDa,1.17,True,225,225,0,225,True,known,True,ok,0.009375809283664438,True,145,145,203,214,False,False
MB-0147,MassBank,MSBNK-ACES_SU-AS000503,C[C@@H](C1=NC=NC=C1F)[C@](CN2C=NC=N2)(C3=C(C=C(C=C3)F)F)O,CC(c1ncncc1F)C(O)(Cn1cncn1)c1ccc(F)cc1F,[M+H]+,PRECURSOR_TYPE+ion-mode-consistent,POSITIVE,stated_z1 (supported adducts unary),Exploris 480 Orbitrap (Thermo Scientific),Ramp 20%-70% (nominal),CC BY,,MassBank-MassBank-data-85e5599/ACES_SU/MSBNK-ACES_SU-AS000503.txt,BCEHBSKCWLPMDN-MGPLVRAMSA-N,349114324,349.11504,rounding_halfwidth_50_muDa,2.05,False,0,0,0,0,True,known,False,predictor_unavailable,,False,,,,,False,False
MB-0148,MassBank,MSBNK-ACES_SU-AS000504,CC(CC1=CC(=CC=C1)C(F)(F)F)NCCOC(=O)C2=CC=CC=C2,CC(Cc1cccc(C(F)(F)F)c1)NCCOC(=O)c1ccccc1,[M+H]+,PRECURSOR_TYPE+ion-mode-consistent,POSITIVE,stated_z1 (supported adducts unary),Exploris 480 Orbitrap (Thermo Scientific),Ramp 20%-70% (nominal),CC BY,,MassBank-MassBank-data-85e5599/ACES_SU/MSBNK-ACES_SU-AS000504.txt,CJAVTWRYCDNHSM-UHFFFAOYSA-N,351143524,351.14461,rounding_halfwidth_50_muDa,3.09,False,0,0,0,0,True,known,False,predictor_unavailable,,False,,,,,False,False
MB-0149,MassBank,MSBNK-ACES_SU-AS000506,CC(=O)SCC(CC1=CC=CC=C1)C(=O)NCC(=O)OCC2=CC=CC=C2,CC(=O)SCC(Cc1ccccc1)C(=O)NCC(=O)OCc1ccccc1,[M+H]+,PRECURSOR_TYPE+ion-mode-consistent,POSITIVE,stated_z1 (supported adducts unary),Exploris 480 Orbitrap (Thermo Scientific),Ramp 20%-70% (nominal),CC BY,,MassBank-MassBank-data-85e5599/ACES_SU/MSBNK-ACES_SU-AS000506.txt,ODUOJXZPIYUATO-UHFFFAOYSA-N,385133824,385.13478,rounding_halfwidth_50_muDa,2.48,False,0,0,0,0,True,known,False,predictor_unavailable,,False,,,,,False,False
GN-0000,GNPS,CCMSLIB00000081081,CN1C(=O)[C@@]2(Cc3c4ccccc4[nH]c3[C@]5([C@H]2c6c[nH]c7c6cccc7)C(=O)N(C(=N)N5C)C)N(C1=N)C,CN1C(=N)N(C)C2(Cc3c([nH]c4ccccc34)C3(C(=O)N(C)C(=N)N3C)C2c2c[nH]c3ccccc23)C1=O,[M+H]+,NAME:M+H+IONMODE:positive+stated_z1 (1),Positive,CHARGE=1,LC-ESI-qTof,,MGF-no-per-record-field (see summary),mwang87;GNPS-FAULKNERLEGACY,B24A07.mgf,N/A,508233724,,<function run_external_validation.<locals>.<lambda> at 0x7fbe8d777950>,0.4,False,0,0,0,0,True,known,False,predictor_unavailable,,False,,,,,False,False
GN-0001,GNPS,CCMSLIB00000081094,CC(=O)O[C@H](C[C@@H]1[C@H](CC[C@H]2[C@]1(CC[C@@H]3[C@@]2(CCCC3(C)C)C)C)C=O)C4=CC(=O)O[C@H]4O,CC(=O)OC(CC1C(C=O)CCC2C1(C)CCC1C(C)(C)CCCC12C)C1=CC(=O)OC1O,[M+H]+,NAME:M+H+IONMODE:positive+stated_z1 (1),Positive,CHARGE=1,LC-ESI-qTof,,MGF-no-per-record-field (see summary),mwang87;GNPS-FAULKNERLEGACY,Luffolide.mgf,"InChI=1S/C27H40O6/c1-16(29)32-20(18-13-23(30)33-24(18)31)14-19-17(15-28)7-8-22-26(19,4)12-9-21-25(2,3)10-6-11-27(21,22)5/h13,15,17,19-22,24,31H,6-12,14H2,1-5H3/t17-,19-,20-,21+,22+,24-,26+,27+/m1/s1",460283724,,<function run_external_validation.<locals>.<lambda> at 0x7fbe8d777950>,2.68,False,0,0,0,0,True,known,False,predictor_unavailable,,False,,,,,False,False
