qid,smiles,adduct,instrument,in_pool,target_parseable,rankable,rankable_reason,n_pool,n_parseable,margin_status,rank_uniform,hit_uniform_top1,hit_uniform_top3,hit_uniform_top10,hit_uniform_top25,rank_massresid,hit_massresid_top1,hit_massresid_top3,hit_massresid_top10,hit_massresid_top25,rank_predictor,hit_predictor_top1,hit_predictor_top3,hit_predictor_top10,hit_predictor_top25,rank_prior,hit_prior_top1,hit_prior_top3,hit_prior_top10,hit_prior_top25
VAL-0000,CC(C)C[C@H]1C(=O)O[C@H](C(C)C)C(=O)N(C)[C@@H](CC(C)C)C(=O)O[C@H](C(C)C)C(=O)N(C)[C@@H](CC(C)C)C(=O)O[C@H](C(C)C)C(=O)N(C)[C@@H](CC(C)C)C(=O)O[C@H](C(C)C)C(=O)N1C,[M+Na]+,Orbitrap,True,True,True,ok,10,9,ok,3,False,True,True,True,3,False,True,True,True,1,True,True,True,True,9,False,False,True,True
VAL-0001,CC(C)C[C@H]1C(=O)N2CCC[C@H]2[C@]2(O)O[C@](NC(=O)[C@@H]3C=C4c5cccc6[nH]cc(c56)C[C@H]4N(C)C3)(C(C)C)C(=O)N12,[M+H]+,Orbitrap,True,True,True,ok,256,239,ok,174,False,False,False,False,161,False,False,False,False,165,False,False,False,False,181,False,False,False,False
VAL-0002,CCCC[C@@H](C)[C@@H](OC(=O)CC(CC(=O)O)C(=O)O)[C@H](C[C@@H](C)C[C@H](O)CCCCCC[C@H](O)[C@@H](C)N)OC(=O)CC(CC(=O)O)C(=O)O,[M+H]+,Orbitrap,True,True,True,ok,36,32,ok,30,False,False,False,False,27,False,False,False,False,17,False,False,False,True,16,False,False,False,True
VAL-0003,CCCC[C@@H](C)[C@@H](OC(=O)C[C@@H](CC(=O)O)C(=O)O)[C@H](C[C@@H](C)CCCCCC[C@@H](O)C[C@H](O)[C@H](C)N)OC(=O)C[C@@H](CC(=O)O)C(=O)O,[M+H]+,Orbitrap,True,True,True,ok,32,29,ok,12,False,False,False,True,12,False,False,False,True,7,False,False,True,True,6,False,False,True,True
VAL-0004,CCCCC(C)C(OC(=O)CC(CC(=O)O)C(=O)O)C(CC(C)CCCCCCC(O)CC(O)C(C)N)OC(=O)CC(CC(=O)O)C(=O)O,[M+H]+,Orbitrap,True,True,True,ok,32,29,ok,27,False,False,False,False,24,False,False,False,True,16,False,False,False,True,15,False,False,False,True
VAL-0005,CC(C)[C@H]1C(=O)N2CCC[C@H]2[C@]2(O)O[C@](NC(=O)[C@@H]3C=C4c5cccc6[nH]cc(c56)C[C@H]4N(C)C3)(C(C)C)C(=O)N12,[M+Na]+,Orbitrap,True,True,True,ok,256,235,ok,141,False,False,False,False,131,False,False,False,False,39,False,False,False,False,199,False,False,False,False
VAL-0006,COc1ccc2c3c4n(c2c1)[C@@H](C=C(C)C)OOC(C)(C)C[C@@H]4N1C(=O)[C@@H]2CCCN2C(=O)[C@]1(O)[C@H]3O,[M+H]+,Orbitrap,True,True,True,ok,256,225,ok,106,False,False,False,False,95,False,False,False,False,146,False,False,False,False,140,False,False,False,False
VAL-0007,CC(C)C[C@H]1NC(=O)[C@H](C(C)C)NC(=O)[C@H]2CSSC[C@@H](NC(=O)[C@H](C(C)C)NC1=O)C(=O)N2,[M+H]+,Orbitrap,True,True,True,ok,16,12,ok,9,False,False,True,True,6,False,False,True,True,7,False,False,True,True,11,False,False,False,True
VAL-0008,CC(C)[C@H]1C(=O)N2CCC[C@H]2[C@]2(O)O[C@@](C)(NC(=O)[C@@H]3C=C4c5cccc6[nH]cc(c56)C[C@H]4N(C)C3)C(=O)N12,[M+H]+,Orbitrap,True,True,True,ok,256,231,ok,151,False,False,False,False,141,False,False,False,False,16,False,False,False,True,159,False,False,False,False
VAL-0009,CC(C)[C@@]1(NC(=O)[C@H]2C=C3c4cccc5[nH]cc(c45)C[C@H]3N(C)C2)O[C@@]2(O)[C@@H]3CCCN3C(=O)[C@H](Cc3ccccc3)N2C1=O,[M+H]+,Orbitrap,True,True,True,ok,256,240,ok,224,False,False,False,False,209,False,False,False,False,13,False,False,False,True,23,False,False,False,True
VAL-0010,CC(C)[C@@]1(NC(=O)[C@@H]2C=C3c4cccc5[nH]cc(c45)C[C@H]3N(C)C2)O[C@@]2(O)[C@@H]3CCCN3C(=O)[C@H](Cc3ccccc3)N2C1=O,[M+H]+,Orbitrap,True,True,True,ok,256,238,ok,158,False,False,False,False,143,False,False,False,False,2,False,True,True,True,21,False,False,False,True
VAL-0011,Cc1cc(O)c2c3c(c(O)c4c(c13)O[C@@H](C)C4(C)C)C(=O)C(=O)O2,[M+H]+,Orbitrap,True,True,True,ok,256,245,ok,57,False,False,False,False,56,False,False,False,False,239,False,False,False,False,245,False,False,False,False
VAL-0012,CCCC[C@@H](C)[C@@H](OC(=O)C[C@@H](CC(=O)O)C(=O)O)[C@H](C[C@@H](C)C[C@H](O)CCCC[C@@H](O)C[C@H](O)[C@H](C)N)OC(=O)C[C@@H](CC(=O)O)C(=O)O,[M+H]+,Orbitrap,True,True,True,ok,20,20,ok,3,False,True,True,True,3,False,True,True,True,10,False,False,True,True,10,False,False,True,True
VAL-0013,CCCC[C@@H](C)[C@@H](OC(=O)C[C@@H](CC(=O)O)C(=O)O)[C@H](C[C@@H](C)CCCCCCCC[C@H](O)[C@H](C)N)OC(=O)C[C@@H](CC(=O)O)C(=O)O,[M+H]+,Orbitrap,True,True,True,ok,12,12,ok,1,True,True,True,True,1,True,True,True,True,1,True,True,True,True,1,True,True,True,True
VAL-0014,CN1C[C@H](C(=O)N[C@]2(C)O[C@@]3(O)[C@@H]4CCCN4C(=O)[C@H](Cc4ccccc4)N3C2=O)C=C2c3cccc4[nH]cc(c34)C[C@H]21,[M+H]+,Orbitrap,True,True,True,ok,256,230,ok,51,False,False,False,False,49,False,False,False,False,3,False,True,True,True,30,False,False,False,False
VAL-0015,CC(C)[C@H](NC(=O)[C@@H]1C=C2c3cccc4[nH]cc(c34)C[C@H]2N(C)C1)C(=O)N1C(=O)[C@H]2CCCN2C(=O)[C@@H]1Cc1ccccc1,[M+H]+,Orbitrap,True,True,True,ok,256,244,ok,186,False,False,False,False,178,False,False,False,False,3,False,True,True,True,54,False,False,False,False
VAL-0016,CC(=O)C1=C(O)[C@@H]2[C@H]3c4c[nH]c5cccc(c45)C[C@H]3C(C)(C)N2C1=O,[M+H]+,Orbitrap,True,True,True,ok,256,248,ok,28,False,False,False,False,27,False,False,False,False,214,False,False,False,False,201,False,False,False,False
VAL-0017,CC(C)C[C@H]1C(=O)N2CCC[C@H]2[C@]2(O)O[C@](NC(=O)[C@H]3C=C4c5cccc6[nH]cc(c56)C[C@H]4N(C)C3)(C(C)C)C(=O)N12,[M+Na]+,Orbitrap,True,True,True,ok,256,236,ok,136,False,False,False,False,127,False,False,False,False,12,False,False,False,True,178,False,False,False,False
VAL-0018,C=C(C)[C@H]1CC[C@]2(C)C[C@@H]3[C@H](C)CC(=O)[C@]3(O)/C(C=O)=C\C[C@@H]12,[M+H]+,Orbitrap,True,True,True,ok,256,242,ok,179,False,False,False,False,169,False,False,False,False,10,False,False,True,True,120,False,False,False,False
VAL-0019,CC(C)C[C@H]1C(=O)N2CCC[C@H]2[C@]2(O)O[C@@](C)(NC(=O)[C@@H]3C=C4c5cccc6[nH]cc(c56)C[C@H]4N(C)C3)C(=O)N12,[M+H]+,Orbitrap,True,True,True,ok,256,231,ok,253,False,False,False,False,228,False,False,False,False,8,False,False,True,True,165,False,False,False,False
VAL-0020,COC(=O)N(OC)c1ccccc1COc1ccn(-c2ccc(Cl)cc2)n1,[M+H]+,QTOF,True,True,True,ok,256,205,ok,162,False,False,False,False,129,False,False,False,False,14,False,False,False,True,134,False,False,False,False
VAL-0021,COc1cc(OC)n2nc(S(=O)(=O)Nc3c(Cl)ccc(C)c3Cl)nc2n1,[M+H]+,QTOF,True,False,True,ok,30,12,ok,4,False,False,True,True,14,False,False,False,True,14,False,False,False,True,14,False,False,False,True
VAL-0022,CCCCCCCCCCCCCC(=O)OCC(COC(=O)CCCCCCCCCCCCC)OC(=O)CCCCCCCCCCCCC,[M+Na]+,QTOF,True,True,True,ok,256,255,ok,206,False,False,False,False,205,False,False,False,False,206,False,False,False,False,245,False,False,False,False
VAL-0023,CCCCCCCCCCCCCCCC(=O)OCC(COC(=O)CCCCCCCCCCCCCCC)OC(=O)CCCCCCCCCCCCCCC,[M+Na]+,QTOF,True,True,True,ok,256,256,ok,208,False,False,False,False,208,False,False,False,False,251,False,False,False,False,251,False,False,False,False
VAL-0024,CC(C)(c1ccc(OP(=O)(Oc2ccccc2)Oc2ccccc2)cc1)c1ccc(OP(=O)(Oc2ccccc2)Oc2ccccc2)cc1,[M+H]+,QTOF,True,False,False,predictor_unavailable,7,0,no_finite_scores,6,False,False,True,True,6,False,False,True,True,6,False,False,True,True,6,False,False,True,True
VAL-0025,C=C(C)C(=O)OCCOC(=O)NCCC(C)CC(C)(C)CNC(=O)OCCOC(=O)C(=C)C,[M+H]+,QTOF,True,True,True,ok,157,126,ok,59,False,False,False,False,51,False,False,False,False,90,False,False,False,False,69,False,False,False,False
VAL-0026,CC[C@H]1OC(=O)C[C@@H](O)[C@H](C)[C@@H](O[C@@H]2O[C@H](C)[C@@H](O[C@H]3C[C@@](C)(O)[C@@H](O)[C@H](C)O3)[C@H](N(C)C)[C@H]2O)[C@@H](CC=O)C[C@@H](C)C(=O)/C=C/C(C)=C/[C@@H]1CO[C@@H]1O[C@H](C)[C@@H](O)[C@@H](OC)[C@H]1OC,[M+H]+,QTOF,True,True,True,ok,27,27,ok,1,True,True,True,True,1,True,True,True,True,19,False,False,False,True,27,False,False,False,False
VAL-0027,CCC1OC(=O)CC(O)C(C)C(OC2OC(C)C(OC3CC(C)(O)C(O)C(C)O3)C(N(C)C)C2O)C(CC=O)CC(C)C(=O)C=CC(C)=CC1COC1OC(C)C(O)C(OC)C1OC,[M+H]+,Orbitrap,True,True,True,ok,27,27,ok,13,False,False,False,True,13,False,False,False,True,27,False,False,False,False,27,False,False,False,False
VAL-0028,C#CCN1C(=O)COc2cc(F)c(N3C(=O)C4=C(CCCC4)C3=O)cc21,[M+H]+,QTOF,True,True,True,ok,256,241,ok,90,False,False,False,False,85,False,False,False,False,97,False,False,False,False,233,False,False,False,False
VAL-0029,N#Cc1nn(-c2c(Cl)cc(C(F)(F)F)cc2Cl)c(N)c1SC(F)(F)F,[M+H]+,QTOF,True,True,True,ok,16,16,ok,9,False,False,True,True,9,False,False,True,True,4,False,False,True,True,6,False,False,True,True
VAL-0030,COc1ccccc1Oc1c(NS(=O)(=O)c2ccc(C(C)(C)C)cc2)nc(-c2ncccn2)nc1OCCO,[M+H]+,QTOF,True,False,True,ok,256,66,ok,181,False,False,False,False,204,False,False,False,False,204,False,False,False,False,204,False,False,False,False
VAL-0031,CCC(=O)OC(OP(=O)(CCCCc1ccccc1)CC(=O)N1C[C@H](C2CCCCC2)C[C@H]1C(=O)O)C(C)C,[M+H]+,QTOF,True,False,False,predictor_unavailable,42,0,no_finite_scores,8,False,False,True,True,8,False,False,True,True,8,False,False,True,True,8,False,False,True,True
VAL-0032,CC(C)n1c(/C=C/[C@@H](O)C[C@@H](O)CC(=O)O)c(-c2ccc(F)cc2)c2ccccc21,[M+H]+,QTOF,True,True,True,ok,256,243,ok,217,False,False,False,False,207,False,False,False,False,49,False,False,False,False,151,False,False,False,False
VAL-0033,C=C[C@]1(C)C[C@@H](OC(=O)CSCCN(CC)CC)[C@]2(C)[C@H](C)CC[C@]3(CCC(=O)[C@H]32)[C@@H](C)[C@@H]1O,[M+H]+,QTOF,True,True,True,ok,51,31,ok,7,False,False,True,True,4,False,False,True,True,11,False,False,False,True,19,False,False,False,True
VAL-0034,CN/C(=C\[N+](=O)[O-])NCCS(=O)Cc1ccc(CN(C)C)o1,[M+H]+,QTOF,True,False,True,ok,256,33,ok,191,False,False,False,False,201,False,False,False,False,201,False,False,False,False,201,False,False,False,False
VAL-0035,CCCCC(C)C(OC(=O)CC(CC(=O)O)C(=O)O)C(CC(C)CC(O)CCCCC(O)CC(O)C(C)N)OC(=O)CC(CC(=O)O)C(=O)O,[M+H]+,QTOF,True,True,True,ok,20,20,ok,13,False,False,False,True,13,False,False,False,True,1,True,True,True,True,10,False,False,True,True
VAL-0036,CO[C@]12CC[C@@]3(C[C@@H]1[C@](C)(O)C(C)(C)C)[C@H]1Cc4ccc(O)c5c4[C@@]3(CCN1)[C@H]2O5,[M+H]+,QTOF,True,True,True,ok,256,239,ok,252,False,False,False,False,236,False,False,False,False,83,False,False,False,False,165,False,False,False,False
VAL-0037,CC(COc1ccc(Oc2ccccc2)cc1)Oc1ccccn1,[M+H]+,QTOF,True,True,True,ok,256,248,ok,54,False,False,False,False,53,False,False,False,False,183,False,False,False,False,244,False,False,False,False
VAL-0038,CN1CCCC(n2nc(Cc3ccc(Cl)cc3)c3ccccc3c2=O)CC1,[M+H]+,QTOF,True,True,True,ok,256,229,ok,53,False,False,False,False,47,False,False,False,False,35,False,False,False,False,26,False,False,False,False
VAL-0039,CCC1=C(C)CN(C(=O)NCCc2ccc(S(=O)(=O)NC(=O)NC3CCC(C)CC3)cc2)C1=O,[M+H]+,QTOF,True,False,True,ok,256,61,ok,232,False,False,False,False,237,False,False,False,False,237,False,False,False,False,237,False,False,False,False
VAL-0040,CC(=O)N1CCN(c2ccc(OC[C@H]3CO[C@](Cn4ccnc4)(c4ccc(Cl)cc4Cl)O3)cc2)CC1,[M+H]+,QTOF,True,True,True,ok,217,202,ok,203,False,False,False,False,189,False,False,False,False,137,False,False,False,False,125,False,False,False,False
VAL-0041,CC(C)(C#N)c1cc(Cn2cncn2)cc(C(C)(C)C#N)c1,[M+H]+,QTOF,True,True,True,ok,256,250,ok,97,False,False,False,False,97,False,False,False,False,249,False,False,False,False,245,False,False,False,False
VAL-0042,CCC[C@@H]1C[C@@H](C(=O)N[C@@H]([C@H]2O[C@H](SC)[C@H](O)[C@@H](O)[C@H]2O)[C@@H](C)O)N(C)C1,[M+H]+,QTOF,True,True,True,ok,59,31,ok,35,False,False,False,False,19,False,False,False,True,19,False,False,False,True,20,False,False,False,True
VAL-0043,CCCC1CC(C(=O)NC(C(C)O)C2OC(SC)C(O)C(O)C2O)N(C)C1,[M+H]+,Orbitrap,True,True,True,ok,59,31,ok,17,False,False,False,True,11,False,False,False,True,19,False,False,False,True,20,False,False,False,True
VAL-0044,CN/C(=C\[N+](=O)[O-])NCCSCc1ccc(CN(C)C)o1,[M+H]+,QTOF,True,False,True,ok,256,58,ok,43,False,False,False,False,91,False,False,False,False,91,False,False,False,False,91,False,False,False,False
VAL-0045,CN/C(=C\[N+](=O)[O-])NCCSCc1ccc(C[N+](C)(C)[O-])o1,[M+H]+,QTOF,True,False,True,ok,256,41,ok,175,False,False,False,False,191,False,False,False,False,191,False,False,False,False,191,False,False,False,False
VAL-0046,O=C(Nc1ccc(F)cc1)c1cccc(Oc2cccc(C(F)(F)F)c2)n1,[M+H]+,QTOF,True,True,True,ok,87,85,ok,86,False,False,False,False,85,False,False,False,False,59,False,False,False,False,67,False,False,False,False
VAL-0047,CC(C)N(C(=O)COc1nnc(C(F)(F)F)s1)c1ccc(F)cc1,[M+H]+,QTOF,True,True,True,ok,76,38,ok,75,False,False,False,False,38,False,False,False,False,23,False,False,False,True,25,False,False,False,True
VAL-0048,O=C1CN(/N=C\c2ccc([N+](=O)[O-])o2)C(=O)N1,[M+H]+,QTOF,True,False,True,ok,101,20,ok,85,False,False,False,False,90,False,False,False,False,90,False,False,False,False,90,False,False,False,False
VAL-0049,COC(=O)c1sccc1S(=O)(=O)NC(=O)Nc1nc(C)nc(OC)n1,[M+H]+,QTOF,True,False,True,ok,30,6,ok,13,False,False,False,True,17,False,False,False,True,17,False,False,False,True,17,False,False,False,True
VAL-0050,O=C1Cc2cc(CCN3CCN(c4nsc5ccccc45)CC3)c(Cl)cc2N1,[M+H]+,QTOF,True,True,True,ok,256,246,ok,37,False,False,False,False,35,False,False,False,False,211,False,False,False,False,216,False,False,False,False
VAL-0051,CC(O)(CS(=O)(=O)c1ccc(F)cc1)C(=O)Nc1ccc(C#N)c(C(F)(F)F)c1,[M+H]+,QTOF,True,False,True,ok,76,11,ok,74,False,False,False,False,74,False,False,False,False,74,False,False,False,False,74,False,False,False,False
VAL-0052,CCc1nn(C)c(C(=O)NCc2ccc(Oc3ccc(C)cc3)cc2)c1Cl,[M+H]+,QTOF,True,True,True,ok,256,243,ok,171,False,False,False,False,164,False,False,False,False,192,False,False,False,False,176,False,False,False,False
VAL-0053,OC(Cn1cncn1)(Cn1cncn1)c1ccc(F)cc1F,[M+H]+,QTOF,True,True,True,ok,83,83,ok,58,False,False,False,False,58,False,False,False,False,70,False,False,False,False,77,False,False,False,False
VAL-0054,O=C(Nc1ccc(F)cc1F)c1cccnc1Oc1cccc(C(F)(F)F)c1,[M+H]+,QTOF,True,True,True,ok,70,66,ok,57,False,False,False,False,55,False,False,False,False,23,False,False,False,True,12,False,False,False,True
VAL-0055,CCc1ccc(CCOc2ccc(CC3SC(=O)NC3=O)cc2)nc1,[M+H]+,QTOF,True,True,True,ok,256,177,ok,30,False,False,False,False,18,False,False,False,True,134,False,False,False,False,34,False,False,False,False
VAL-0056,CC(C)(C)NC(=O)[C@H]1CC[C@H]2[C@@H]3CC[C@H]4NC(=O)C=C[C@]4(C)[C@H]3CC[C@]12C,[M+H]+,QTOF,True,True,True,ok,256,240,ok,47,False,False,False,False,45,False,False,False,False,25,False,False,False,True,230,False,False,False,False
VAL-0057,COc1cc(OC)nc(NC(=O)NS(=O)(=O)N(C)S(C)(=O)=O)n1,[M+H]+,QTOF,True,False,False,predictor_unavailable,10,0,no_finite_scores,1,True,True,True,True,1,True,True,True,True,1,True,True,True,True,1,True,True,True,True
VAL-0058,O=C(Nc1cccc(C2=NCCN2)c1)Nc1cccc(C2=NCCN2)c1,[M+H]+,QTOF,True,True,True,ok,256,250,ok,35,False,False,False,False,34,False,False,False,False,179,False,False,False,False,176,False,False,False,False
VAL-0059,COc1nc(C)nc(NC(=O)NS(=O)(=O)c2ccccc2CCC(F)(F)F)n1,[M+H]+,QTOF,True,False,True,ok,75,19,ok,14,False,False,False,True,29,False,False,False,False,29,False,False,False,False,29,False,False,False,False
VAL-0060,CNC(=C[N+](=O)[O-])NCCSCc1ccc(CN(C)C)o1,[M+H]+,QTOF,True,False,True,ok,256,61,ok,2,False,True,True,True,62,False,False,False,False,62,False,False,False,False,62,False,False,False,False
VAL-0061,CC(C)(C)NCC(O)COc1nsnc1N1CCOCC1,[M+H]+,QTOF,True,True,True,ok,256,40,ok,8,False,False,True,True,1,True,True,True,True,16,False,False,False,True,11,False,False,False,True
VAL-0062,CCCC1CC(C(=O)NC(C(C)Cl)C2OC(SC)C(O)C(O)C2O)N(C)C1,[M+H]+,QTOF,True,True,True,ok,22,22,ok,17,False,False,False,True,17,False,False,False,True,9,False,False,True,True,17,False,False,False,True
VAL-0063,COC(=O)c1ccccc1S(=O)(=O)NC(=O)Nc1nc(C)nc(OC)n1,[M+H]+,QTOF,True,False,True,ok,148,16,ok,52,False,False,False,False,65,False,False,False,False,65,False,False,False,False,65,False,False,False,False
VAL-0064,NC(=NCCCCCCN=C(N)N=C(N)Nc1ccc(Cl)cc1)N=C(N)Nc1ccc(Cl)cc1,[M+H]+,QTOF,True,True,True,ok,31,20,ok,16,False,False,False,True,11,False,False,False,True,13,False,False,False,True,14,False,False,False,True
VAL-0065,Cn1cc(C(=O)Nc2ccccc2-c2cc(F)c(F)c(F)c2)c(C(F)F)n1,[M+H]+,QTOF,True,True,True,ok,207,205,ok,45,False,False,False,False,45,False,False,False,False,41,False,False,False,False,99,False,False,False,False
VAL-0066,CC(c1nc[n+]([O-])cc1F)C(O)(Cn1cncn1)c1ccc(F)cc1F,[M+H]+,QTOF,True,False,True,ok,256,241,ok,117,False,False,False,False,247,False,False,False,False,247,False,False,False,False,247,False,False,False,False
VAL-0067,Cn1cnc([N+](=O)[O-])c1Sc1ncnc2nc[nH]c12,[M+H]+,QTOF,True,False,True,ok,44,17,ok,33,False,False,False,False,35,False,False,False,False,35,False,False,False,False,35,False,False,False,False
VAL-0068,N#Cc1nn(-c2c(Cl)cc(C(F)(F)F)cc2Cl)c(N)c1S(=O)C(F)(F)F,[M+H]+,QTOF,True,False,True,ok,26,3,ok,15,False,False,False,True,17,False,False,False,True,17,False,False,False,True,17,False,False,False,True
VAL-0069,COc1cccc2c1C(=O)c1c(O)c3c(c(O)c1C2=O)C[C@@](O)(C(=O)CO)C[C@@H]3O[C@H]1C[C@H](N)[C@H](O)[C@H](C)O1,[M+H]+,QTOF,True,True,True,ok,152,146,ok,66,False,False,False,False,63,False,False,False,False,50,False,False,False,False,89,False,False,False,False
VAL-0070,CC(=O)N1CCN(c2ccc(OCC3COC(Cn4ccnc4)(c4ccc(Cl)cc4Cl)O3)cc2)CC1,[M+H]+,QTOF,True,True,True,ok,217,202,ok,211,False,False,False,False,197,False,False,False,False,158,False,False,False,False,125,False,False,False,False
VAL-0071,CNC(=C[N+](=O)[O-])NCCS(=O)Cc1ccc(CN(C)C)o1,[M+H]+,QTOF,True,False,True,ok,256,37,ok,110,False,False,False,False,133,False,False,False,False,133,False,False,False,False,133,False,False,False,False
VAL-0072,Cn1cc(C(=O)Nc2ccc(F)cc2-c2ccc(Cl)c(Cl)c2)c(C(F)F)n1,[M+H]+,QTOF,True,True,True,ok,190,189,ok,89,False,False,False,False,88,False,False,False,False,45,False,False,False,False,103,False,False,False,False
VAL-0073,C=CC1(C)CC(OC(=O)CSCCN(CC)CC)C2(C)C(C)CCC3(CCC(=O)C32)C(C)C1O,[M+H]+,QTOF,True,True,True,ok,51,31,ok,7,False,False,True,True,6,False,False,True,True,17,False,False,False,True,19,False,False,False,True
VAL-0074,CCCC1C[C@H](C(=O)NC(C(C)Cl)C2O[C@H](S(C)=O)C(O)[C@H](O)[C@H]2O)N(C)C1,[M+H]+,QTOF,True,False,True,ok,15,12,ok,9,False,False,True,True,15,False,False,False,True,15,False,False,False,True,15,False,False,False,True
VAL-0075,CC1(C)CC(N(C=O)CCCCCCN(C=O)C2CC(C)(C)NC(C)(C)C2)CC(C)(C)N1,[M+H]+,QTOF,True,True,True,ok,78,66,ok,72,False,False,False,False,61,False,False,False,False,40,False,False,False,False,38,False,False,False,False
VAL-0076,Cc1nc(Nc2ncc(C(=O)Nc3c(C)cccc3Cl)s2)cc(N2CCN(CCO)CC2)n1,[M+H]+,QTOF,True,True,True,ok,81,58,ok,11,False,False,False,True,9,False,False,True,True,23,False,False,False,True,36,False,False,False,False
VAL-0077,CNCc1ccc(CSCCNC(=C[N+](=O)[O-])NC)o1,[M+H]+,QTOF,True,False,True,ok,256,61,ok,3,False,True,True,True,63,False,False,False,False,63,False,False,False,False,63,False,False,False,False
VAL-0078,CC[C@@]1([C@@H]2O[C@@H]([C@H]3O[C@@](O)(CO)[C@H](C)C[C@@H]3C)C[C@@H]2C)CC[C@H]([C@]2(C)CC[C@]3(C[C@H](O)[C@@H](C)[C@@H]([C@@H](C)[C@@H](OC)[C@H](C)C(=O)O)O3)O2)O1,[M+Na]+,QTOF,True,True,True,ok,76,74,ok,8,False,False,True,True,8,False,False,True,True,55,False,False,False,False,33,False,False,False,False
VAL-0079,COc1cccc2c1C(=O)c1c(O)c3c(c(O)c1C2=O)CC(O)(C(=O)CO)CC3OC1CC(N)C(O)C(C)O1,[M+H]+,QTOF,True,True,True,ok,152,146,ok,116,False,False,False,False,111,False,False,False,False,50,False,False,False,False,89,False,False,False,False
VAL-0080,O=C1OCCOC(=O)c2ccc(cc2)C(=O)OCCOC(=O)c2ccc(cc2)C(=O)OCCOC(=O)c2ccc1cc2,[M+H]+,QTOF,True,True,True,ok,159,147,ok,14,False,False,False,True,13,False,False,False,True,4,False,False,True,True,96,False,False,False,False
VAL-0081,O=C1CN(N=Cc2ccc([N+](=O)[O-])o2)C(=O)N1,[M+H]+,QTOF,True,False,True,ok,101,20,ok,36,False,False,False,False,47,False,False,False,False,47,False,False,False,False,47,False,False,False,False
VAL-0082,CCCCCC=CCC=CCCCCCCCC(=O)NC(Cc1ccc(C)cc1)c1ccccc1,[M+H]+,QTOF,True,True,True,ok,96,77,ok,62,False,False,False,False,48,False,False,False,False,9,False,False,True,True,8,False,False,True,True
VAL-0083,COCCCOc1cc(C[C@@H](C[C@H](N)[C@@H](O)C[C@H](C(=O)NCC(C)(C)C(N)=O)C(C)C)C(C)C)ccc1OC,[M+H]+,QTOF,True,True,True,ok,91,83,ok,5,False,False,True,True,5,False,False,True,True,13,False,False,False,True,12,False,False,False,True
VAL-0084,NC[C@H]1O[C@H](O[C@H]2[C@H](O)[C@@H](O[C@H]3O[C@H](CO)[C@@H](O)[C@H](N)[C@H]3O)[C@H](N)C[C@@H]2N)[C@H](O)[C@@H](O)[C@@H]1O,[M+H]+,QTOF,True,True,True,ok,66,60,ok,66,False,False,False,False,60,False,False,False,False,30,False,False,False,False,40,False,False,False,False
VAL-0085,CC(=O)N1CCN(c2ccc(OC[C@@H]3CO[C@@](Cn4ccnc4)(c4ccc(Cl)cc4Cl)O3)cc2)CC1,[M+H]+,Orbitrap,True,True,True,ok,217,202,ok,195,False,False,False,False,181,False,False,False,False,163,False,False,False,False,125,False,False,False,False
VAL-0086,CCCCCCCCSC(=O)Oc1cc(Cl)nnc1-c1ccccc1,[M+H]+,Orbitrap,True,True,True,ok,256,149,ok,47,False,False,False,False,25,False,False,False,True,69,False,False,False,False,87,False,False,False,False
VAL-0087,Nc1c(S(=O)C(F)(F)F)c(C(=O)O)nn1-c1c(Cl)cc(C(F)(F)F)cc1Cl,[M+H]+,Orbitrap,True,False,False,predictor_unavailable,1,0,no_finite_scores,1,True,True,True,True,1,True,True,True,True,1,True,True,True,True,1,True,True,True,True
VAL-0088,CC(C)[C@@H]1NC(=O)[C@H](NC(=O)N[C@@H](CCCN=C(N)N)C(=O)O)CCCCNC(=O)[C@H](Cc2ccccc2)NC(=O)[C@H](C)N(C)C(=O)[C@H](CCc2ccc(O)cc2)NC1=O,[M+H]+,Orbitrap,True,True,True,ok,5,4,ok,2,False,True,True,True,2,False,True,True,True,1,True,True,True,True,1,True,True,True,True
VAL-0089,CC(C)C1NC(=O)C(NC(=O)NC(CCCN=C(N)N)C(=O)O)CCCCNC(=O)C(Cc2ccccc2)NC(=O)C(C)N(C)C(=O)C(CCc2ccc(O)cc2)NC1=O,[M+H]+,Orbitrap,True,True,True,ok,5,4,ok,1,True,True,True,True,1,True,True,True,True,1,True,True,True,True,1,True,True,True,True
VAL-0090,COc1nc(NC(=O)NS(=O)(=O)c2ccccc2C(F)(F)F)nc(C(F)(F)F)n1,[M+H]+,Orbitrap,True,False,False,predictor_unavailable,3,0,no_finite_scores,2,False,True,True,True,2,False,True,True,True,2,False,True,True,True,2,False,True,True,True
VAL-0091,CON(C(=O)c1cn(C)nc1C(F)F)C(C)Cc1c(Cl)cc(Cl)cc1Cl,[M+H]+,Orbitrap,True,True,True,ok,20,20,ok,12,False,False,False,True,12,False,False,False,True,9,False,False,True,True,11,False,False,False,True
VAL-0092,C[C@](O)(CS(=O)(=O)c1ccc(F)cc1)C(=O)Nc1ccc(C#N)c(C(F)(F)F)c1,[M+H]+,Orbitrap,True,False,True,ok,76,11,ok,67,False,False,False,False,68,False,False,False,False,68,False,False,False,False,68,False,False,False,False
VAL-0093,O=c1c(C2CC(c3ccc(-c4ccc(Br)cc4)cc3)Cc3ccccc32)c(O)sc2ccccc12,[M+H]+,Orbitrap,True,True,True,ok,3,3,ok,3,False,True,True,True,3,False,True,True,True,2,False,True,True,True,2,False,True,True,True
VAL-0094,COC1CCC2(CC1)NC(=O)C(c1cc(C)ccc1C)=C2OC1OC(CO)C(O)C(O)C1O,[M+H]+,Orbitrap,True,True,True,ok,211,179,ok,153,False,False,False,False,132,False,False,False,False,57,False,False,False,False,50,False,False,False,False
VAL-0095,COC(=O)c1ccc(I)cc1S(=O)(=O)NC(=O)Nc1nc(C)nc(OC)n1,[M+H]+,Orbitrap,True,False,False,predictor_unavailable,9,0,no_finite_scores,9,False,False,True,True,9,False,False,True,True,9,False,False,True,True,9,False,False,True,True
VAL-0096,C=CCC1C=C(C)CC(C)CC(OC)C2OC(O)(C(=O)C(=O)N3CCCCC3C(=O)OC(C(C)=CC3CCC(O)C(OC)C3)C(C)C(O)CC1=O)C(C)CC2OC,[M+H]+,Orbitrap,True,True,True,ok,137,136,ok,97,False,False,False,False,97,False,False,False,False,38,False,False,False,False,30,False,False,False,False
VAL-0097,COC(=O)c1c(C(F)F)nc(C(F)(F)F)c(C2=NCCS2)c1CC(C)C,[M+H]+,Orbitrap,True,True,True,ok,9,5,ok,4,False,False,True,True,3,False,True,True,True,1,True,True,True,True,1,True,True,True,True
VAL-0098,COCCOC(=O)C(C#N)(C(=O)c1ccccc1C(F)(F)F)c1ccc(C(C)(C)C)cc1,[M+H]+,Orbitrap,True,True,True,ok,256,234,ok,52,False,False,False,False,47,False,False,False,False,12,False,False,False,True,221,False,False,False,False
VAL-0099,CCC[C@@H]1C[C@@H](C(=O)NC(C(C)Cl)[C@H]2O[C@H](SC)[C@H](O)[C@@H](O)[C@H]2O)N(C)C1,[M+H]+,Orbitrap,True,True,True,ok,22,22,ok,6,False,False,True,True,6,False,False,True,True,18,False,False,False,True,17,False,False,False,True
VAL-0100,CCS(=O)c1c(C#N)nn(-c2c(Cl)cc(C(F)(F)F)cc2Cl)c1N,[M+H]+,Orbitrap,True,False,True,ok,14,6,ok,12,False,False,False,True,12,False,False,False,True,12,False,False,False,True,12,False,False,False,True
VAL-0101,O=c1oc2ccccc2c(O)c1C1CC(c2ccc(OCc3ccc(C(F)(F)F)cc3)cc2)Cc2ccccc21,[M+H]+,Orbitrap,True,True,True,ok,12,12,ok,6,False,False,True,True,6,False,False,True,True,4,False,False,True,True,5,False,False,True,True
VAL-0102,COC=C(C(=O)OC)c1ccccc1CON=C(C)C=Cc1ccc(Cl)cc1,[M+H]+,Orbitrap,True,True,True,ok,256,250,ok,112,False,False,False,False,109,False,False,False,False,72,False,False,False,False,80,False,False,False,False
VAL-0103,COc1c(Cl)ccc(-c2nc(C(=O)OCc3ccccc3)c(Cl)c(N)c2F)c1F,[M+H]+,Orbitrap,True,True,True,ok,35,35,ok,18,False,False,False,True,18,False,False,False,True,1,True,True,True,True,25,False,False,False,True
VAL-0104,O=c1oc2ccccc2c(O)c1C1CC(c2ccc(-c3ccc(Br)cc3)cc2)Cc2ccccc21,[M+H]+,Orbitrap,True,True,True,ok,15,15,ok,8,False,False,True,True,8,False,False,True,True,5,False,False,True,True,5,False,False,True,True
VAL-0105,CCOCn1c(-c2ccc(Cl)cc2)c(C#N)c(Br)c1C(F)(F)F,[M+H]+,Orbitrap,True,True,True,ok,42,41,ok,6,False,False,True,True,6,False,False,True,True,31,False,False,False,False,28,False,False,False,False
VAL-0106,CCOC(=O)CCN(Cc1ccccc1)SN(C)C(=O)O/N=C(\C)SC,[M+H]+,Orbitrap,True,True,True,ok,256,48,ok,158,False,False,False,False,27,False,False,False,False,7,False,False,True,True,8,False,False,True,True
VAL-0107,CCc1cc(C)cc(CC)c1C1C(=O)N2CCOCCN2C1=O,[M+H]+,Orbitrap,True,True,True,ok,256,247,ok,165,False,False,False,False,160,False,False,False,False,203,False,False,False,False,209,False,False,False,False
VAL-0108,CCOP(=S)(OCC)Oc1cc(-c2ccccc2)on1,[M+H]+,Orbitrap,True,False,False,predictor_unavailable,18,0,no_finite_scores,3,False,True,True,True,3,False,True,True,True,3,False,True,True,True,3,False,True,True,True
VAL-0109,Cc1cc(C(F)(C(F)(F)F)C(F)(F)F)ccc1NC(=O)c1cccc(I)c1C(=O)NC(C)(C)CS(C)(=O)=O,[M+H]+,Orbitrap,True,False,False,predictor_unavailable,17,0,no_finite_scores,16,False,False,False,True,16,False,False,False,True,16,False,False,False,True,16,False,False,False,True
VAL-0110,COC(=O)c1ccccc1CS(=O)(=O)NC(=O)Nc1nc(OC)cc(OC)n1,[M+H]+,Orbitrap,True,False,True,ok,205,33,ok,29,False,False,False,False,56,False,False,False,False,56,False,False,False,False,56,False,False,False,False
VAL-0111,O=c1oc2ccccc2c(O)c1C1CC(c2ccc(-c3ccccc3)cc2)Cc2ccccc21,[M+H]+,Orbitrap,True,True,True,ok,96,93,ok,40,False,False,False,False,38,False,False,False,False,14,False,False,False,True,12,False,False,False,True
VAL-0112,CC(C)(O/N=C(/C(=O)N[C@@H]1C(=O)N2C(C(=O)[O-])=C(C[n+]3ccccc3)CS[C@H]12)c1csc(N)n1)C(=O)O,[M+H]+,Orbitrap,True,False,True,ok,42,6,ok,15,False,False,False,True,19,False,False,False,True,19,False,False,False,True,19,False,False,False,True
VAL-0113,COC(=O)c1cccc(C)c1S(=O)(=O)NC(=O)Nc1nc(OCC(F)(F)F)nc(N(C)C)n1,[M+H]+,Orbitrap,True,False,False,predictor_unavailable,4,0,no_finite_scores,1,True,True,True,True,1,True,True,True,True,1,True,True,True,True,1,True,True,True,True
VAL-0114,CC1(C)C(C=C(Cl)c2ccc(Cl)cc2)C1C(=O)OC(C#N)c1ccc(F)c(Oc2ccccc2)c1,[M+H]+,Orbitrap,True,True,True,ok,24,24,ok,3,False,True,True,True,3,False,True,True,True,16,False,False,False,True,11,False,False,False,True
VAL-0115,O=S(=O)(CCC(F)=C(F)F)c1ncc(Cl)s1,[M+H]+,Orbitrap,True,False,False,predictor_unavailable,4,0,no_finite_scores,4,False,False,True,True,4,False,False,True,True,4,False,False,True,True,4,False,False,True,True
VAL-0116,COc1cc2nc(N3CCN(C(=O)C4COc5ccccc5O4)CC3)nc(N)c2cc1OC,[M+H]+,Orbitrap,True,True,True,ok,256,192,ok,105,False,False,False,False,75,False,False,False,False,93,False,False,False,False,137,False,False,False,False
VAL-0117,CCCN(CCOc1c(Cl)cc(O)c(SCC(N)C(=O)O)c1Cl)C(=O)n1ccnc1,[M+H]+,Orbitrap,True,True,True,ok,29,14,ok,15,False,False,False,True,7,False,False,True,True,2,False,True,True,True,2,False,True,True,True
VAL-0118,CNCc1ccc(CSCCN/C(=C/[N+](=O)[O-])NC)o1,[M+H]+,Orbitrap,True,False,True,ok,256,71,ok,81,False,False,False,False,132,False,False,False,False,132,False,False,False,False,132,False,False,False,False
VAL-0119,CCOc1nc2cccc(C(=O)O)c2n1Cc1ccc(C(=O)O)cc1,[M+H]+,Orbitrap,True,True,True,ok,256,187,ok,189,False,False,False,False,138,False,False,False,False,70,False,False,False,False,14,False,False,False,True
VAL-0120,CC(=O)N1CCN(c2ccc(OC[C@H]3CO[C@](CNC(=O)CNC=O)(c4ccc(Cl)cc4Cl)O3)cc2)CC1,[M+H]+,Orbitrap,True,True,True,ok,46,36,ok,13,False,False,False,True,10,False,False,True,True,10,False,False,True,True,13,False,False,False,True
VAL-0121,COc1nn(C(=O)NS(=O)(=O)c2ccccc2OC(F)(F)F)c(=O)n1C,[M+H]+,QTOF,True,False,False,predictor_unavailable,8,0,no_finite_scores,8,False,False,True,True,8,False,False,True,True,8,False,False,True,True,8,False,False,True,True
VAL-0122,Cc1cc2c(cc1C(F)(F)F)N(C(=O)Nc1ccc(Oc3cccnc3C)nc1)CC2,[M+H]+,QTOF,True,True,True,ok,256,250,ok,183,False,False,False,False,178,False,False,False,False,46,False,False,False,False,136,False,False,False,False
VAL-0123,Nc1nnc(-c2ccc([N+](=O)[O-])o2)o1,[M+H]+,QTOF,True,False,True,ok,77,38,ok,69,False,False,False,False,72,False,False,False,False,72,False,False,False,False,72,False,False,False,False
VAL-0124,O=C(Nc1ccccc1SSc1ccccc1NC(=O)c1ccccc1)c1ccccc1,[M+H]+,QTOF,True,True,True,ok,136,120,ok,85,False,False,False,False,76,False,False,False,False,84,False,False,False,False,110,False,False,False,False
VAL-0125,CSc1ccc(Oc2ccc(S(N)(=O)=O)cc2CN(C)C)cc1C,[M+H]+,QTOF,True,False,True,ok,256,74,ok,192,False,False,False,False,212,False,False,False,False,212,False,False,False,False,212,False,False,False,False
VAL-0126,Cc1cc(F)ccc1-c1cc(N2CCC(O)C2CO)ncc1N(C)C(=O)C(C)(C)c1cc(C(F)(F)F)cc(C(F)(F)F)c1,[M+H]+,QTOF,True,True,True,ok,38,36,ok,4,False,False,True,True,4,False,False,True,True,5,False,False,True,True,16,False,False,False,True
VAL-0127,O=c1n(CC2CO2)c(=O)n(CC2CO2)c(=O)n1CC1CO1,[M+H]+,QTOF,True,True,True,ok,256,86,ok,76,False,False,False,False,25,False,False,False,True,70,False,False,False,False,82,False,False,False,False
VAL-0128,CCN(CC)C(=O)c1cc(S(=O)(=O)Cc2ccccc2)c(N2CCC(c3ccccc3)CC2)cc1N(CC)CCN(C)C,[M+H]+,QTOF,True,False,True,ok,31,10,ok,26,False,False,False,False,28,False,False,False,False,28,False,False,False,False,28,False,False,False,False
VAL-0129,c1ccc2cc(Nc3ccc(Nc4ccc5ccccc5c4)cc3)ccc2c1,[M+H]+,QTOF,True,True,True,ok,256,242,ok,138,False,False,False,False,129,False,False,False,False,102,False,False,False,False,213,False,False,False,False
VAL-0130,CCCCN1C(=O)C(C(O)C2CCCCC2)NC(=O)C12CCN(Cc1ccc(Oc3ccc(C(=O)O)cc3)cc1)CC2,[M+H]+,QTOF,True,True,True,ok,256,239,ok,36,False,False,False,False,32,False,False,False,False,38,False,False,False,False,119,False,False,False,False
VAL-0131,CC(=O)OCCN(CCOC(C)=O)c1ccc(N=Nc2ccc([N+](=O)[O-])cc2C#N)cc1,[M+H]+,QTOF,True,False,True,ok,256,111,ok,183,False,False,False,False,217,False,False,False,False,217,False,False,False,False,217,False,False,False,False
VAL-0132,O=C(CCCCCCCCc1cccnc1)N1CCC(C=C(c2ccccc2)c2ccccc2)CC1,[M+H]+,QTOF,True,True,True,ok,161,137,ok,74,False,False,False,False,60,False,False,False,False,82,False,False,False,False,86,False,False,False,False
VAL-0133,Cc1cc(SC2C(=O)CC(CCc3ccc(N)cc3)(C(C)C)OC2=O)c(C(C)(C)C)cc1CO,[M+H]+,QTOF,True,True,True,ok,203,138,ok,150,False,False,False,False,102,False,False,False,False,86,False,False,False,False,57,False,False,False,False
VAL-0134,CCCOc1ccc(S(=O)(=O)N2CCN(CC)CC2)cc1-c1nc2c(CC)n(Cc3ccccn3)nc2c(=O)[nH]1,[M+H]+,QTOF,True,False,True,ok,234,69,ok,33,False,False,False,False,95,False,False,False,False,95,False,False,False,False,95,False,False,False,False
VAL-0135,CCN(CC)CCNc1ccc(CNC=O)c2sc3ccc(OC)cc3c(=O)c12,[M+H]+,QTOF,True,True,True,ok,256,154,ok,209,False,False,False,False,125,False,False,False,False,77,False,False,False,False,116,False,False,False,False
VAL-0136,Nc1cc2c3c(c1)C(c1ccccc1)=NC(NC(=O)c1cccnc1)C(=O)N3CC2,[M+H]+,QTOF,True,True,True,ok,256,243,ok,103,False,False,False,False,96,False,False,False,False,153,False,False,False,False,28,False,False,False,False
VAL-0137,Fc1ccccc1C(F)COC1CCC(Nc2ncnc3[nH]ncc23)CC1,[M+H]+,QTOF,True,True,True,ok,256,245,ok,243,False,False,False,False,232,False,False,False,False,9,False,False,True,True,98,False,False,False,False
VAL-0138,c1ccc(C(OC2CCCN(CCc3ccc4c(c3)OCO4)C2)c2ccccc2)cc1,[M+H]+,QTOF,True,True,True,ok,256,246,ok,115,False,False,False,False,110,False,False,False,False,84,False,False,False,False,86,False,False,False,False
VAL-0139,CCc1c(C(=O)NN2CCCCC2)nn(-c2ccc(Cl)cc2Cl)c1-c1ccc(Br)cc1,[M+H]+,QTOF,True,True,True,ok,13,13,ok,11,False,False,False,True,11,False,False,False,True,12,False,False,False,True,8,False,False,True,True
VAL-0140,Cc1oc(-c2ccccc2)nc1CCOc1cccc2c1ccn2CCC(=O)O,[M+H]+,QTOF,True,True,True,ok,256,243,ok,132,False,False,False,False,126,False,False,False,False,109,False,False,False,False,36,False,False,False,False
VAL-0141,COc1cc(-c2nc(NC(=O)c3cc4cc(C)cc(C)c4n3CC(=O)O)sc2CCC2CCCCC2)c(OC)cc1Cl,[M+H]+,QTOF,True,True,True,ok,113,58,ok,16,False,False,False,True,9,False,False,True,True,20,False,False,False,True,52,False,False,False,False
VAL-0142,O=C1C=CC(=O)N1c1ccc(Cc2ccc(N3C(=O)C=CC3=O)cc2)cc1,[M+H]+,QTOF,True,True,True,ok,256,198,ok,31,False,False,False,False,24,False,False,False,True,188,False,False,False,False,58,False,False,False,False
VAL-0143,Cc1cc2c3c(c1)C(c1ccccc1)=NC(NC(=O)c1ccncc1)C(=O)N3CC2,[M+H]+,QTOF,True,True,True,ok,256,250,ok,127,False,False,False,False,125,False,False,False,False,43,False,False,False,False,17,False,False,False,True
VAL-0144,CC(C)(c1ccc(Oc2ccc(N)cc2)cc1)c1ccc(Oc2ccc(N)cc2)cc1,[M+H]+,QTOF,True,True,True,ok,256,250,ok,256,False,False,False,False,250,False,False,False,False,240,False,False,False,False,248,False,False,False,False
VAL-0145,CCOc1ccc2c(n1)C(=O)C(C(=O)NCc1ccccc1)C=N2,[M+H]+,QTOF,True,True,True,ok,256,242,ok,134,False,False,False,False,123,False,False,False,False,2,False,True,True,True,2,False,True,True,True
VAL-0146,Cc1nc(-c2ccc3c(c2)CCN(CCC2CCC(NC(=O)/C=C/c4ccc(F)cc4)CC2)CC3)no1,[M+H]+,QTOF,True,True,True,ok,251,234,ok,108,False,False,False,False,99,False,False,False,False,166,False,False,False,False,96,False,False,False,False
VAL-0147,CCOC(=O)OC(C)OC(=O)c1ccc2c(c1)cc(C(=O)NC1CCN(C(C)C)CC1)n2Cc1cc(-c2ccc(Cl)s2)on1,[M+H]+,QTOF,True,True,True,ok,47,5,ok,40,False,False,False,False,5,False,False,True,True,5,False,False,True,True,5,False,False,True,True
VAL-0148,Cc1ccc(NN=c2c(=O)ccc(=NNc3ccc(S(=O)(=O)O)cc3)c2=O)c(C)c1,[M+H]+,QTOF,True,False,True,ok,256,83,ok,175,False,False,False,False,201,False,False,False,False,201,False,False,False,False,201,False,False,False,False
VAL-0149,Cc1cc(CCN2CCN(c3nsc4ccccc34)CC2)cc2c1NC(=O)CC2(C)C,[M+H]+,QTOF,True,True,True,ok,256,248,ok,134,False,False,False,False,132,False,False,False,False,168,False,False,False,False,75,False,False,False,False
VAL-0150,O=C(NC(=O)c1cc(F)c(F)cc1Cl)Nc1cc(F)ccc1N1CCC(C(=O)O)CC1,[M+H]+,QTOF,True,True,True,ok,162,138,ok,103,False,False,False,False,85,False,False,False,False,32,False,False,False,False,47,False,False,False,False
VAL-0151,COc1cc(C(C)C)c2c(c1)S(=O)(=O)N(COc1cc(=O)n3cccc(OCCN4CCCCC4)c3n1)C2=O,[M+H]+,QTOF,True,False,True,ok,220,38,ok,209,False,False,False,False,209,False,False,False,False,209,False,False,False,False,209,False,False,False,False
VAL-0152,O=C(Nc1ccc2c(O)c(N=Nc3ccc(N=Nc4ccc(S(=O)(=O)O)cc4)cc3)c(S(=O)(=O)O)cc2c1)c1ccccc1,[M+H]+,QTOF,True,False,True,ok:single_scored,10,1,single_scored,2,False,True,True,True,3,False,True,True,True,3,False,True,True,True,3,False,True,True,True
VAL-0153,O=C(O)c1ccccc1-n1cc(C(=O)O)c(=O)c2cc(Nc3c(F)cc(F)cc3Cl)c(Cl)cc21,[M+H]+,QTOF,True,True,True,ok,2,2,ok,2,False,True,True,True,2,False,True,True,True,2,False,True,True,True,2,False,True,True,True
VAL-0154,COc1cc(C)c2c(=O)c3c(oc2c1)C(=O)c1c(O)c(OC)cc(O)c1C3=O,[M+H]+,Orbitrap,True,True,True,ok,164,146,ok,6,False,False,True,True,5,False,False,True,True,54,False,False,False,False,135,False,False,False,False
VAL-0155,CN1CC2CC3CCC(=O)C4C5C=C(CCC5=O)CC1CN2C34,[M+H]+,Orbitrap,True,True,True,ok,256,253,ok,222,False,False,False,False,221,False,False,False,False,70,False,False,False,False,248,False,False,False,False
VAL-0156,Cc1cc(O)c2c(c1)C(=O)c1c(c(O)cc(O)c1-c1c(O)cc(O)c3c1C(=O)c1cc(C)cc(O)c1C3=O)C2=O,[M+H]+,Orbitrap,True,True,True,ok,81,79,ok,48,False,False,False,False,46,False,False,False,False,26,False,False,False,False,74,False,False,False,False
VAL-0157,CCC(C)C1NC(=O)C(CC(C)C)NC(=O)C(C(C)C)NC(=O)C2CSSCC(NC1=O)C(=O)N2,[M+H]+,Orbitrap,True,True,True,ok,36,32,ok,34,False,False,False,False,30,False,False,False,False,20,False,False,False,True,20,False,False,False,True
VAL-0158,CC(C)(O)C1OC2CCC3(C)C(O)(CCC4Cc5c([nH]c6ccccc56)C43C)C2=CC1=O,[M+H]+,Orbitrap,True,True,True,ok,256,243,ok,56,False,False,False,False,53,False,False,False,False,211,False,False,False,False,197,False,False,False,False
VAL-0159,CC1CCN2CC34CC5(CC(=O)N(C)C5=O)C(C)(C)C3CC12C(=O)N4C,[M+H]+,Orbitrap,True,True,True,ok,256,248,ok,222,False,False,False,False,214,False,False,False,False,248,False,False,False,False,245,False,False,False,False
VAL-0160,COC1=C(C2=C(OC)C(=O)c3cc4c(c(O)c3C2=O)C(=O)OC(C)C4)C(=O)c2c(cc3c(c2O)C(=O)OC(C)C3)C1=O,[M+H]+,Orbitrap,True,True,True,ok,162,155,ok,98,False,False,False,False,95,False,False,False,False,104,False,False,False,False,120,False,False,False,False
VAL-0161,COC1=C(c2c(OC)cc3cc4c(c(O)c3c2O)C(=O)OC(C)C4)C(=O)c2c(cc3c(c2O)C(=O)OC(C)C3)C1=O,[M+H]+,Orbitrap,True,True,True,ok,72,66,ok,31,False,False,False,False,29,False,False,False,False,66,False,False,False,False,63,False,False,False,False
VAL-0162,CCCCC(C)C(OC(=O)CC(CC(=O)O)C(=O)O)C(CC(C)CC(O)CCCCCCC(O)C(C)N)OC(=O)CC(CC(=O)O)C(=O)O,[M+H]+,Orbitrap,True,True,True,ok,36,32,ok,14,False,False,False,True,13,False,False,False,True,8,False,False,True,True,8,False,False,True,True
VAL-0163,CCc1nn(C2CCCCC2)c2cc(C3(C#N)CCC(C(=O)O)CC3)ccc12,[M+H]+,Orbitrap,True,True,True,ok,256,252,ok,72,False,False,False,False,71,False,False,False,False,1,True,True,True,True,176,False,False,False,False
VAL-0164,Nc1cc2c3c(c1)C(c1ccccc1)=N[C@@H](NC(=O)c1cccnc1)C(=O)N3CC2,[M+H]+,Orbitrap,True,True,True,ok,256,244,ok,95,False,False,False,False,91,False,False,False,False,208,False,False,False,False,22,False,False,False,True
VAL-0165,O=c1n(CCO)c(=O)n(CCO)c(=O)n1CCO,[M+H]+,Orbitrap,True,True,True,ok,256,203,ok,56,False,False,False,False,45,False,False,False,False,199,False,False,False,False,194,False,False,False,False
VAL-0166,CC#C[C@]1(O)CC[C@H]2[C@@H]3CCC4=CC(=O)CCC4=C3[C@@H](c3ccc(N(C)C)cc3)C[C@@]21C,[M+H]+,Orbitrap,True,True,True,ok,256,235,ok,248,False,False,False,False,228,False,False,False,False,103,False,False,False,False,149,False,False,False,False
VAL-0167,C=CCOc1nc(OCC=C)nc(OCC=C)n1,[M+H]+,Orbitrap,True,True,True,ok,256,212,ok,153,False,False,False,False,127,False,False,False,False,146,False,False,False,False,209,False,False,False,False
VAL-0168,Cc1nn(C)c(Oc2ccccc2)c1C=NOCc1ccc(C(=O)OC(C)(C)C)cc1,[M+H]+,Orbitrap,True,True,True,ok,256,251,ok,128,False,False,False,False,124,False,False,False,False,233,False,False,False,False,179,False,False,False,False
VAL-0169,CCOC(=O)O[C@H](C)OC(=O)c1ccc2c(c1)cc(C(=O)NC1CCN(C(C)C)CC1)n2Cc1cc(-c2ccc(Cl)s2)on1,[M+H]+,Orbitrap,True,True,True,ok,47,5,ok,8,False,False,True,True,1,True,True,True,True,5,False,False,True,True,5,False,False,True,True
VAL-0170,CC1(C)CN=C(NN=C(/C=C/c2ccc(C(F)(F)F)cc2)/C=C/c2ccc(C(F)(F)F)cc2)NC1,[M+H]+,Orbitrap,True,True,True,ok,16,15,ok,8,False,False,True,True,8,False,False,True,True,10,False,False,True,True,10,False,False,True,True
VAL-0171,CC1(C)CN=C(NN=C(C=Cc2ccc(C(F)(F)F)cc2)C=Cc2ccc(C(F)(F)F)cc2)NC1,[M+H]+,Orbitrap,True,True,True,ok,16,15,ok,1,True,True,True,True,1,True,True,True,True,11,False,False,False,True,10,False,False,True,True
VAL-0172,CC(C)(O)c1cnn2c(-c3ccc(F)c(-c4c(F)cccc4C#N)c3)cnc2n1,[M+H]+,Orbitrap,True,True,True,ok,212,205,ok,66,False,False,False,False,66,False,False,False,False,110,False,False,False,False,120,False,False,False,False
VAL-0173,Cc1cc(SC2=C(O)C[C@@](CCc3ccc(N)cc3)(C(C)C)OC2=O)c(C(C)(C)C)cc1CO,[M+H]+,Orbitrap,True,True,True,ok,203,138,ok,5,False,False,True,True,4,False,False,True,True,91,False,False,False,False,51,False,False,False,False
VAL-0174,Cc1cc2c3c(c1)C(c1ccccc1)=N[C@@H](NC(=O)c1ccncc1)C(=O)N3CC2,[M+H]+,Orbitrap,True,True,True,ok,256,242,ok,31,False,False,False,False,30,False,False,False,False,16,False,False,False,True,15,False,False,False,True
VAL-0175,c1ccc(C(O[C@@H]2CCCN(CCc3ccc4c(c3)OCO4)C2)c2ccccc2)cc1,[M+H]+,Orbitrap,True,True,True,ok,256,248,ok,199,False,False,False,False,193,False,False,False,False,12,False,False,False,True,84,False,False,False,False
VAL-0176,CCCCc1ccc2c(n1)[C@@H](c1ccc(OC)cc1C[C@H](C)C(=O)O)[C@H](C(=O)O)[C@H]2c1ccc2c(c1)OCO2,[M+H]+,Orbitrap,True,True,True,ok,256,242,ok,187,False,False,False,False,177,False,False,False,False,112,False,False,False,False,44,False,False,False,False
VAL-0177,CCCCN1C(=O)[C@@H]([C@H](O)C2CCCCC2)NC(=O)C12CCN(Cc1ccc(Oc3ccc(C(=O)O)cc3)cc1)CC2,[M+H]+,Orbitrap,True,True,True,ok,256,243,ok,42,False,False,False,False,38,False,False,False,False,59,False,False,False,False,119,False,False,False,False
VAL-0178,COc1cc(OC)nc(Oc2cccc(Oc3nc(OC)cc(OC)n3)c2C(=O)O)n1,[M+H]+,Orbitrap,True,True,True,ok,69,14,ok,12,False,False,False,True,3,False,True,True,True,14,False,False,False,True,13,False,False,False,True
VAL-0179,CCOc1ccc2[nH]cc(C(=O)NCc3ccccc3)c(=O)c2n1,[M+H]+,Orbitrap,True,True,True,ok,256,234,ok,105,False,False,False,False,95,False,False,False,False,21,False,False,False,True,20,False,False,False,True
VAL-0180,CCN(Cc1cccnc1)C(=O)c1cccc(Cl)c1[C@]1(C)C(=O)N(Cc2ccc(OC)cc2OC)c2ccc(Cl)cc21,[M+H]+,Orbitrap,True,True,True,ok,71,65,ok,51,False,False,False,False,48,False,False,False,False,34,False,False,False,False,50,False,False,False,False
VAL-0181,C[C@@H]1O[C@@H](O[C@H]2[C@H](O[C@H]3[C@H](O[C@H]4CC[C@@]5(C)[C@@H](CC[C@]6(C)[C@@H]5CC=C5[C@@H]7CC(C)(C)C[C@@H](O)[C@]7(C)CC[C@]56C)[C@@]4(C)CO)O[C@H](C(=O)O)[C@@H](O)[C@@H]3O)O[C@H](CO)[C@H](O)[C@@H]2O)[C@H](O)[C@H](O)[C@H]1O,[M+H]+,QTOF,True,True,True,ok,256,255,ok,218,False,False,False,False,218,False,False,False,False,203,False,False,False,False,160,False,False,False,False
VAL-0182,CC(C)=C1OC(=O)N(c2cc(OC3CCCC3)c(Cl)cc2F)C1=O,[M+H]+,QTOF,True,True,True,ok,211,205,ok,126,False,False,False,False,123,False,False,False,False,15,False,False,False,True,117,False,False,False,False
VAL-0183,O=C(OCCO)c1ccc(C(=O)OCCOC(=O)c2ccc(C(=O)OCCO)cc2)cc1,[M+H]+,QTOF,True,True,True,ok,256,254,ok,87,False,False,False,False,85,False,False,False,False,174,False,False,False,False,146,False,False,False,False
VAL-0184,Cc1cc2nc3c(=O)[nH]c(=O)nc-3n(C[C@H](O)[C@H](O)[C@H](O)COP(=O)(O)OP(=O)(O)OC[C@H]3O[C@@H](n4cnc5c(N)ncnc54)[C@H](O)[C@@H]3O)c2cc1C,[M+H]+,Orbitrap,True,False,False,predictor_unavailable,4,0,no_finite_scores,1,True,True,True,True,1,True,True,True,True,1,True,True,True,True,1,True,True,True,True
VAL-0185,COC(=O)C[C@](O)(CCCC(C)(C)O)C(=O)O[C@@H]1C(OC)=C[C@]23CCCN2CCc2cc4c(cc2[C@H]13)OCO4,[M+H]+,Orbitrap,True,True,True,ok,176,160,ok,61,False,False,False,False,55,False,False,False,False,23,False,False,False,True,56,False,False,False,False
VAL-0186,CC1C(=O)OC2C(O)C34C5OC(=O)C3(OC3OC(=O)C(O)C34C(C(C)(C)C)C5O)C12O,[M+H]+,QTOF,True,True,True,ok,105,103,ok,64,False,False,False,False,62,False,False,False,False,76,False,False,False,False,96,False,False,False,False
VAL-0187,CCC(C)C(=O)OC1C(O)C2C(CN3CC(C)CCC3C2(C)O)C2CC34OC5(O)C(OC(=O)C(C)(O)C(C)O)CCC3(C)C5CC(O)C4C21O,[M+H]+,QTOF,True,True,True,ok,27,25,ok,17,False,False,False,True,17,False,False,False,True,2,False,True,True,True,12,False,False,False,True
VAL-0188,CCN1C[C@@]2(COC)CC[C@H](O)[C@@]34C5C[C@H]6C(O)C5[C@](O)(C[C@@H]6OC)C(CC23)C14,[M+H]+,QTOF,True,True,True,ok,256,222,ok,81,False,False,False,False,71,False,False,False,False,203,False,False,False,False,197,False,False,False,False
VAL-0189,C[C@@H]1C(=O)O[C@H]2[C@H](O)[C@@]34[C@H]5C[C@@H](C(C)(C)C)[C@]36[C@@H](OC(=O)[C@@H]6O)O[C@@]4(C(=O)O5)[C@@]12O,[M+H]+,QTOF,True,True,True,ok,256,242,ok,105,False,False,False,False,99,False,False,False,False,88,False,False,False,False,210,False,False,False,False
VAL-0190,C[C@H]1CC[C@@H]2[C@@H](C)[C@H]3[C@H](C[C@H]4[C@@H]5CC=C6C[C@@H](O[C@@H]7O[C@H](CO)[C@H](O)[C@H](O[C@@H]8O[C@H](CO)[C@@H](O)[C@H](O)[C@H]8O)[C@H]7O[C@@H]7O[C@@H](C)[C@H](O)[C@@H](O)[C@H]7O)CC[C@]6(C)[C@H]5CC[C@]34C)N2C1,[M+H]+,QTOF,True,True,True,ok,108,107,ok,101,False,False,False,False,100,False,False,False,False,22,False,False,False,True,102,False,False,False,False
VAL-0191,CCC(C)C(=O)OC1C(O)C2C(CN3CC(C)CCC3C2(C)O)C2CC34OC5(O)C(OC(=O)C(C)(O)C(C)OC(C)=O)CCC3(C)C5CC(O)C4C21O,[M+H]+,QTOF,True,True,True,ok,18,18,ok,13,False,False,False,True,13,False,False,False,True,9,False,False,True,True,8,False,False,True,True
VAL-0192,C[C@H]1CC[C@@H]2[C@@H](C)[C@H]3[C@H](C[C@H]4[C@@H]5CC=C6C[C@@H](O[C@@H]7O[C@H](CO)[C@H](O[C@@H]8O[C@@H](C)[C@H](O)[C@@H](O)[C@H]8O)[C@H](O)[C@@H]7O[C@@H]7O[C@@H](C)[C@@H](O)[C@@H](O)[C@H]7O)CC[C@]6(C)[C@H]5CC[C@]34C)N2C1,[M+H]+,QTOF,True,True,True,ok,58,58,ok,45,False,False,False,False,45,False,False,False,False,15,False,False,False,True,17,False,False,False,True
VAL-0193,CC1OC(OC2C(COC3OC(CO)C(O)C(O)C3O)OC(OC3CCC4(C)C(CCC5(C)C4C=CC4=C6CC(C)(C)CCC6(CO)C(O)CC45C)C3(C)C)C(O)C2O)C(O)C(O)C1O,[M+H]+,QTOF,True,True,True,ok,181,181,ok,109,False,False,False,False,109,False,False,False,False,11,False,False,False,True,130,False,False,False,False
VAL-0194,C[C@H]1[C@H](C)CC[C@]2(C(=O)O[C@@H]3O[C@H](CO[C@@H]4O[C@H](CO)[C@@H](O[C@@H]5O[C@@H](C)[C@H](O)[C@@H](O)[C@H]5O)[C@H](O)[C@H]4O)[C@@H](O)[C@H](O)[C@H]3O)CC[C@@]3(C)C(=CC[C@@H]4[C@@]5(C)C[C@@H](O)[C@H](O)[C@@](C)(CO)[C@@H]5[C@H](O)C[C@]43C)[C@H]12,[M+H]+,QTOF,True,True,True,ok,135,135,ok,45,False,False,False,False,45,False,False,False,False,121,False,False,False,False,116,False,False,False,False
VAL-0195,CC1(C)CC(=O)C2(C)CCC3(C)C(=CCC4C5(C)CCC(OC6OC(C(=O)O)C(O)C(O)C6OC6OC(CO)C(O)C(O)C6OC6OC(CO)C(O)C(O)C6O)C(C)(CO)C5CCC43C)C2C1,[M+H]+,QTOF,True,True,True,ok,256,256,ok,11,False,False,False,True,11,False,False,False,True,188,False,False,False,False,160,False,False,False,False
VAL-0196,CC1CCC2(C(=O)OC3OC(COC4OC(CO)C(OC5OC(C)C(O)C(O)C5O)C(O)C4O)C(O)C(O)C3O)CCC3(C)C(=CCC4C5(C)CC(O)C(O)C(C)(CO)C5CCC43C)C2C1C,[M+H]+,QTOF,True,True,True,ok,256,256,ok,168,False,False,False,False,168,False,False,False,False,223,False,False,False,False,168,False,False,False,False
VAL-0197,CC1(C)CC[C@]2(C(=O)O[C@@H]3O[C@H](CO)[C@@H](O)[C@H](O)[C@H]3O)CC[C@]3(C)C(=CC[C@@H]4[C@@]5(C)CC[C@H](O[C@@H]6O[C@H](C(=O)O)[C@@H](O)[C@H](O)[C@H]6O[C@@H]6O[C@H](CO)[C@@H](O)[C@H](O)[C@H]6O)C(C)(C)[C@@H]5CC[C@]43C)[C@@H]2C1,[M+H]+,QTOF,True,True,True,ok,256,255,ok,178,False,False,False,False,177,False,False,False,False,110,False,False,False,False,61,False,False,False,False
VAL-0198,COC(=O)C1=C2Nc3ccccc3C23CCN2C4OC56C7CC4(CN5c4c(OC)cccc4C64CCN5CCC6OCCC6(C7)C54)C4OCCC4(C1)C23,[M+H]+,QTOF,True,True,True,ok,92,86,ok,92,False,False,False,False,86,False,False,False,False,68,False,False,False,False,67,False,False,False,False
VAL-0199,CCN1C[C@]2(CO)CC[C@H](OC)[C@]34C1[C@](O)([C@@H](OC)[C@H]23)[C@@]1(O)C[C@H](OC)[C@H]2C[C@@H]4[C@@H]1[C@H]2OC,[M+H]+,QTOF,True,True,True,ok,233,221,ok,100,False,False,False,False,97,False,False,False,False,199,False,False,False,False,196,False,False,False,False
