accepted,adduct,has_features,hit_massresid_top1,hit_massresid_top10,hit_massresid_top3,hit_predictor_top1,hit_predictor_top10,hit_predictor_top3,hit_prior_top1,hit_prior_top10,hit_prior_top3,hit_uniform_top1,hit_uniform_top10,hit_uniform_top3,in_pool,instrument,margin_pred,margin_status,n_parseable,n_pool,n_scored_finite,n_supplied,n_target_fp_ties,n_unparseable_fp,n_unparseable_mass,pred_norm,predicted,qid,rank_massresid,rank_predictor,rank_prior,rank_uniform,rankable,rankable_reason,smiles,status,target_fp_reason,target_fp_status,target_parseable
False,[M+Na]+,True,False,True,True,True,True,True,False,True,False,False,True,True,True,Orbitrap,0.06561832322537042,ok,9,10,9,10,1,1,1,0.6140732750570376,True,VAL-0000,3,1,9,3,True,ok,CC(C)C[C@H]1C(=O)O[C@H](C(C)C)C(=O)N(C)[C@@H](CC(C)C)C(=O)O[C@H](C(C)C)C(=O)N(C)[C@@H](CC(C)C)C(=O)O[C@H](C(C)C)C(=O)N(C)[C@@H](CC(C)C)C(=O)O[C@H](C(C)C)C(=O)N1C,complete,,ok,True
False,[M+H]+,True,False,False,False,False,False,False,False,False,False,False,False,False,True,Orbitrap,0.0066353717717015925,ok,239,256,239,256,1,17,17,0.3612931985404228,True,VAL-0001,161,165,181,174,True,ok,CC(C)C[C@H]1C(=O)N2CCC[C@H]2[C@]2(O)O[C@](NC(=O)[C@@H]3C=C4c5cccc6[nH]cc(c56)C[C@H]4N(C)C3)(C(C)C)C(=O)N12,complete,,ok,True
False,[M+H]+,True,False,False,False,False,False,False,False,False,False,False,False,False,True,Orbitrap,0.004185301490937876,ok,32,36,32,36,20,4,4,1.0358257464386196,True,VAL-0002,27,17,16,30,True,ok,CCCC[C@@H](C)[C@@H](OC(=O)CC(CC(=O)O)C(=O)O)[C@H](C[C@@H](C)C[C@H](O)CCCCCC[C@H](O)[C@@H](C)N)OC(=O)CC(CC(=O)O)C(=O)O,complete,,ok,True
False,[M+H]+,True,False,False,False,False,True,False,False,True,False,False,False,False,True,Orbitrap,0.0016753589005360503,ok,29,32,29,32,17,3,3,0.975529306738012,True,VAL-0003,12,7,6,12,True,ok,CCCC[C@@H](C)[C@@H](OC(=O)C[C@@H](CC(=O)O)C(=O)O)[C@H](C[C@@H](C)CCCCCC[C@@H](O)C[C@H](O)[C@H](C)N)OC(=O)C[C@@H](CC(=O)O)C(=O)O,complete,,ok,True
False,[M+H]+,True,False,False,False,False,False,False,False,False,False,False,False,False,True,Orbitrap,0.0023271676613044745,ok,29,32,29,32,17,3,3,0.7738042915468875,True,VAL-0004,24,16,15,27,True,ok,CCCCC(C)C(OC(=O)CC(CC(=O)O)C(=O)O)C(CC(C)CCCCCCC(O)CC(O)C(C)N)OC(=O)CC(CC(=O)O)C(=O)O,complete,,ok,True
False,[M+Na]+,True,False,False,False,False,False,False,False,False,False,False,False,False,True,Orbitrap,0.01779440491641493,ok,235,256,235,256,1,21,21,0.5218500754643565,True,VAL-0005,131,39,199,141,True,ok,CC(C)[C@H]1C(=O)N2CCC[C@H]2[C@]2(O)O[C@](NC(=O)[C@@H]3C=C4c5cccc6[nH]cc(c56)C[C@H]4N(C)C3)(C(C)C)C(=O)N12,complete,,ok,True
False,[M+H]+,True,False,False,False,False,False,False,False,False,False,False,False,False,True,Orbitrap,0.0,ok,225,256,225,256,1,31,31,1.2699439741088319,True,VAL-0006,95,146,140,106,True,ok,COc1ccc2c3c4n(c2c1)[C@@H](C=C(C)C)OOC(C)(C)C[C@@H]4N1C(=O)[C@@H]2CCCN2C(=O)[C@]1(O)[C@H]3O,complete,,ok,True
False,[M+H]+,True,False,True,False,False,True,False,False,False,False,False,True,False,True,Orbitrap,0.09855106506382061,ok,12,16,12,16,4,4,4,0.39387294673504053,True,VAL-0007,6,7,11,9,True,ok,CC(C)C[C@H]1NC(=O)[C@H](C(C)C)NC(=O)[C@H]2CSSC[C@@H](NC(=O)[C@H](C(C)C)NC1=O)C(=O)N2,complete,,ok,True
False,[M+H]+,True,False,False,False,False,False,False,False,False,False,False,False,False,True,Orbitrap,0.00038533738843027354,ok,231,256,231,256,1,25,25,0.37160886244111035,True,VAL-0008,141,16,159,151,True,ok,CC(C)[C@H]1C(=O)N2CCC[C@H]2[C@]2(O)O[C@@](C)(NC(=O)[C@@H]3C=C4c5cccc6[nH]cc(c56)C[C@H]4N(C)C3)C(=O)N12,complete,,ok,True
False,[M+H]+,True,False,False,False,False,False,False,False,False,False,False,False,False,True,Orbitrap,0.0070309719136975035,ok,240,256,240,256,1,16,16,0.7254284891895688,True,VAL-0009,209,13,23,224,True,ok,CC(C)[C@@]1(NC(=O)[C@H]2C=C3c4cccc5[nH]cc(c45)C[C@H]3N(C)C2)O[C@@]2(O)[C@@H]3CCCN3C(=O)[C@H](Cc3ccccc3)N2C1=O,complete,,ok,True
False,[M+H]+,True,False,False,False,False,True,True,False,False,False,False,False,False,True,Orbitrap,0.0012019887932738227,ok,238,256,238,256,1,18,18,0.39807118724438106,True,VAL-0010,143,2,21,158,True,ok,CC(C)[C@@]1(NC(=O)[C@@H]2C=C3c4cccc5[nH]cc(c45)C[C@H]3N(C)C2)O[C@@]2(O)[C@@H]3CCCN3C(=O)[C@H](Cc3ccccc3)N2C1=O,complete,,ok,True
False,[M+H]+,True,False,False,False,False,False,False,False,False,False,False,False,False,True,Orbitrap,0.025319061835500256,ok,245,256,245,256,1,11,11,0.9246212437590806,True,VAL-0011,56,239,245,57,True,ok,Cc1cc(O)c2c3c(c(O)c4c(c13)O[C@@H](C)C4(C)C)C(=O)C(=O)O2,complete,,ok,True
False,[M+H]+,True,False,True,True,False,True,False,False,True,False,False,True,True,True,Orbitrap,0.0,ok,20,20,20,20,1,0,0,0.997275662350336,True,VAL-0012,3,10,10,3,True,ok,CCCC[C@@H](C)[C@@H](OC(=O)C[C@@H](CC(=O)O)C(=O)O)[C@H](C[C@@H](C)C[C@H](O)CCCC[C@@H](O)C[C@H](O)[C@H](C)N)OC(=O)C[C@@H](CC(=O)O)C(=O)O,complete,,ok,True
False,[M+H]+,True,True,True,True,True,True,True,True,True,True,True,True,True,True,Orbitrap,0.17367266701275363,ok,12,12,12,12,1,0,0,0.4651783868418259,True,VAL-0013,1,1,1,1,True,ok,CCCC[C@@H](C)[C@@H](OC(=O)C[C@@H](CC(=O)O)C(=O)O)[C@H](C[C@@H](C)CCCCCCCC[C@H](O)[C@H](C)N)OC(=O)C[C@@H](CC(=O)O)C(=O)O,complete,,ok,True
False,[M+H]+,True,False,False,False,False,True,True,False,False,False,False,False,False,True,Orbitrap,0.0,ok,230,256,230,256,1,26,26,0.33606759131704883,True,VAL-0014,49,3,30,51,True,ok,CN1C[C@H](C(=O)N[C@]2(C)O[C@@]3(O)[C@@H]4CCCN4C(=O)[C@H](Cc4ccccc4)N3C2=O)C=C2c3cccc4[nH]cc(c34)C[C@H]21,complete,,ok,True
False,[M+H]+,True,False,False,False,False,True,True,False,False,False,False,False,False,True,Orbitrap,0.0,ok,244,256,244,256,1,12,12,0.5194032745192139,True,VAL-0015,178,3,54,186,True,ok,CC(C)[C@H](NC(=O)[C@@H]1C=C2c3cccc4[nH]cc(c34)C[C@H]2N(C)C1)C(=O)N1C(=O)[C@H]2CCCN2C(=O)[C@@H]1Cc1ccccc1,complete,,ok,True
False,[M+H]+,True,False,False,False,False,False,False,False,False,False,False,False,False,True,Orbitrap,0.00016027851840513807,ok,248,256,248,256,1,8,8,0.3399718071147476,True,VAL-0016,27,214,201,28,True,ok,CC(=O)C1=C(O)[C@@H]2[C@H]3c4c[nH]c5cccc(c45)C[C@H]3C(C)(C)N2C1=O,complete,,ok,True
False,[M+Na]+,True,False,False,False,False,False,False,False,False,False,False,False,False,True,Orbitrap,0.06417237797073949,ok,236,256,236,256,1,20,20,0.46412391188830554,True,VAL-0017,127,12,178,136,True,ok,CC(C)C[C@H]1C(=O)N2CCC[C@H]2[C@]2(O)O[C@](NC(=O)[C@H]3C=C4c5cccc6[nH]cc(c56)C[C@H]4N(C)C3)(C(C)C)C(=O)N12,complete,,ok,True
False,[M+H]+,True,False,False,False,False,True,False,False,False,False,False,False,False,True,Orbitrap,1.913981737522441e-05,ok,242,256,242,256,1,14,14,1.0955455003664265,True,VAL-0018,169,10,120,179,True,ok,C=C(C)[C@H]1CC[C@]2(C)C[C@@H]3[C@H](C)CC(=O)[C@]3(O)/C(C=O)=C\C[C@@H]12,complete,,ok,True
False,[M+H]+,True,False,False,False,False,True,False,False,False,False,False,False,False,True,Orbitrap,0.011336765166368945,ok,231,256,231,256,1,25,25,0.109207586528769,True,VAL-0019,228,8,165,253,True,ok,CC(C)C[C@H]1C(=O)N2CCC[C@H]2[C@]2(O)O[C@@](C)(NC(=O)[C@@H]3C=C4c5cccc6[nH]cc(c56)C[C@H]4N(C)C3)C(=O)N12,complete,,ok,True
False,[M+H]+,True,False,False,False,False,False,False,False,False,False,False,False,False,True,QTOF,0.009804327086272435,ok,205,256,205,256,1,51,51,0.9578724237449192,True,VAL-0020,129,14,134,162,True,ok,COC(=O)N(OC)c1ccccc1COc1ccn(-c2ccc(Cl)cc2)n1,complete,,ok,True
False,[M+H]+,True,False,False,False,False,False,False,False,False,False,False,True,False,True,QTOF,0.0006456443302224057,ok,12,30,12,30,,18,18,0.7560714147157698,True,VAL-0021,14,14,14,4,True,ok,COc1cc(OC)n2nc(S(=O)(=O)Nc3c(Cl)ccc(C)c3Cl)nc2n1,complete,hypervalent,unsupported,False
False,[M+Na]+,True,False,False,False,False,False,False,False,False,False,False,False,False,True,QTOF,0.0012639200908616255,ok,255,256,255,256,34,1,1,0.09081712683174822,True,VAL-0022,205,206,245,206,True,ok,CCCCCCCCCCCCCC(=O)OCC(COC(=O)CCCCCCCCCCCCC)OC(=O)CCCCCCCCCCCCC,complete,,ok,True
False,[M+Na]+,True,False,False,False,False,False,False,False,False,False,False,False,False,True,QTOF,0.0,ok,256,256,256,256,30,0,0,0.41487595861730997,True,VAL-0023,208,251,251,208,True,ok,CCCCCCCCCCCCCCCC(=O)OCC(COC(=O)CCCCCCCCCCCCCCC)OC(=O)CCCCCCCCCCCCCCC,complete,,ok,True
False,[M+H]+,True,False,True,False,False,True,False,False,True,False,False,True,False,True,QTOF,,no_finite_scores,0,7,0,7,,7,7,0.3517606169517881,False,VAL-0024,6,6,6,6,False,predictor_unavailable,CC(C)(c1ccc(OP(=O)(Oc2ccccc2)Oc2ccccc2)cc1)c1ccc(OP(=O)(Oc2ccccc2)Oc2ccccc2)cc1,complete,unsupported_element:P,unsupported,False
False,[M+H]+,True,False,False,False,False,False,False,False,False,False,False,False,False,True,QTOF,0.0,ok,126,157,126,157,1,31,31,0.48115815107803445,True,VAL-0025,51,90,69,59,True,ok,C=C(C)C(=O)OCCOC(=O)NCCC(C)CC(C)(C)CNC(=O)OCCOC(=O)C(=C)C,complete,,ok,True
False,[M+H]+,True,True,True,True,False,False,False,False,False,False,True,True,True,True,QTOF,0.0022355871662799176,ok,27,27,27,27,1,0,0,0.4760335174869014,True,VAL-0026,1,19,27,1,True,ok,CC[C@H]1OC(=O)C[C@@H](O)[C@H](C)[C@@H](O[C@@H]2O[C@H](C)[C@@H](O[C@H]3C[C@@](C)(O)[C@@H](O)[C@H](C)O3)[C@H](N(C)C)[C@H]2O)[C@@H](CC=O)C[C@@H](C)C(=O)/C=C/C(C)=C/[C@@H]1CO[C@@H]1O[C@H](C)[C@@H](O)[C@@H](OC)[C@H]1OC,complete,,ok,True
False,[M+H]+,True,False,False,False,False,False,False,False,False,False,False,False,False,True,Orbitrap,0.0,ok,27,27,27,27,1,0,0,0.6237194782766571,True,VAL-0027,13,27,27,13,True,ok,CCC1OC(=O)CC(O)C(C)C(OC2OC(C)C(OC3CC(C)(O)C(O)C(C)O3)C(N(C)C)C2O)C(CC=O)CC(C)C(=O)C=CC(C)=CC1COC1OC(C)C(O)C(OC)C1OC,complete,,ok,True
False,[M+H]+,True,False,False,False,False,False,False,False,False,False,False,False,False,True,QTOF,0.015483283387985658,ok,241,256,241,256,1,15,15,0.798834416044177,True,VAL-0028,85,97,233,90,True,ok,C#CCN1C(=O)COc2cc(F)c(N3C(=O)C4=C(CCCC4)C3=O)cc21,complete,,ok,True
False,[M+H]+,True,False,True,False,False,True,False,False,True,False,False,True,False,True,QTOF,0.017545382698965106,ok,16,16,16,16,1,0,0,0.876123362617281,True,VAL-0029,9,4,6,9,True,ok,N#Cc1nn(-c2c(Cl)cc(C(F)(F)F)cc2Cl)c(N)c1SC(F)(F)F,complete,,ok,True
False,[M+H]+,True,False,False,False,False,False,False,False,False,False,False,False,False,True,QTOF,0.01923222463374502,ok,66,256,66,256,,190,190,0.26437106936279037,True,VAL-0030,204,204,204,181,True,ok,COc1ccccc1Oc1c(NS(=O)(=O)c2ccc(C(C)(C)C)cc2)nc(-c2ncccn2)nc1OCCO,complete,hypervalent,unsupported,False
False,[M+H]+,True,False,True,False,False,True,False,False,True,False,False,True,False,True,QTOF,,no_finite_scores,0,42,0,42,,42,42,0.7494413737501271,False,VAL-0031,8,8,8,8,False,predictor_unavailable,CCC(=O)OC(OP(=O)(CCCCc1ccccc1)CC(=O)N1C[C@H](C2CCCCC2)C[C@H]1C(=O)O)C(C)C,complete,unsupported_element:P,unsupported,False
False,[M+H]+,True,False,False,False,False,False,False,False,False,False,False,False,False,True,QTOF,0.0006925848240169064,ok,243,256,243,256,1,13,13,0.5824841092759273,True,VAL-0032,207,49,151,217,True,ok,CC(C)n1c(/C=C/[C@@H](O)C[C@@H](O)CC(=O)O)c(-c2ccc(F)cc2)c2ccccc21,complete,,ok,True
False,[M+H]+,True,False,True,False,False,False,False,False,False,False,False,True,False,True,QTOF,0.005955542565753813,ok,31,51,31,51,1,20,20,0.6963708195268715,True,VAL-0033,4,11,19,7,True,ok,C=C[C@]1(C)C[C@@H](OC(=O)CSCCN(CC)CC)[C@]2(C)[C@H](C)CC[C@]3(CCC(=O)[C@H]32)[C@@H](C)[C@@H]1O,complete,,ok,True
False,[M+H]+,True,False,False,False,False,False,False,False,False,False,False,False,False,True,QTOF,0.003576749876049612,ok,33,256,33,256,,223,223,0.6695446633306879,True,VAL-0034,201,201,201,191,True,ok,CN/C(=C\[N+](=O)[O-])NCCS(=O)Cc1ccc(CN(C)C)o1,complete,unsupported_charge,unsupported,False
False,[M+H]+,True,False,False,False,True,True,True,False,True,False,False,False,False,True,QTOF,0.0007685424838295152,ok,20,20,20,20,1,0,0,0.25957494080816296,True,VAL-0035,13,1,10,13,True,ok,CCCCC(C)C(OC(=O)CC(CC(=O)O)C(=O)O)C(CC(C)CC(O)CCCCC(O)CC(O)C(C)N)OC(=O)CC(CC(=O)O)C(=O)O,complete,,ok,True
False,[M+H]+,True,False,False,False,False,False,False,False,False,False,False,False,False,True,QTOF,0.01904637788169916,ok,239,256,239,256,1,17,17,0.7755142576689404,True,VAL-0036,236,83,165,252,True,ok,CO[C@]12CC[C@@]3(C[C@@H]1[C@](C)(O)C(C)(C)C)[C@H]1Cc4ccc(O)c5c4[C@@]3(CCN1)[C@H]2O5,complete,,ok,True
False,[M+H]+,True,False,False,False,False,False,False,False,False,False,False,False,False,True,QTOF,0.06956078933483711,ok,248,256,248,256,1,8,8,0.43022023208226623,True,VAL-0037,53,183,244,54,True,ok,CC(COc1ccc(Oc2ccccc2)cc1)Oc1ccccn1,complete,,ok,True
False,[M+H]+,True,False,False,False,False,False,False,False,False,False,False,False,False,True,QTOF,0.010239949197791809,ok,229,256,229,256,1,27,27,0.7727446639559714,True,VAL-0038,47,35,26,53,True,ok,CN1CCCC(n2nc(Cc3ccc(Cl)cc3)c3ccccc3c2=O)CC1,complete,,ok,True
False,[M+H]+,True,False,False,False,False,False,False,False,False,False,False,False,False,True,QTOF,0.009688025531651157,ok,61,256,61,256,,195,195,0.9087069707978964,True,VAL-0039,237,237,237,232,True,ok,CCC1=C(C)CN(C(=O)NCCc2ccc(S(=O)(=O)NC(=O)NC3CCC(C)CC3)cc2)C1=O,complete,hypervalent,unsupported,False
False,[M+H]+,True,False,False,False,False,False,False,False,False,False,False,False,False,True,QTOF,0.0,ok,202,217,202,217,1,15,15,0.49837540773251654,True,VAL-0040,189,137,125,203,True,ok,CC(=O)N1CCN(c2ccc(OC[C@H]3CO[C@](Cn4ccnc4)(c4ccc(Cl)cc4Cl)O3)cc2)CC1,complete,,ok,True
False,[M+H]+,True,False,False,False,False,False,False,False,False,False,False,False,False,True,QTOF,0.0038956603850248683,ok,250,256,250,256,1,6,6,0.4899402302893482,True,VAL-0041,97,249,245,97,True,ok,CC(C)(C#N)c1cc(Cn2cncn2)cc(C(C)(C)C#N)c1,complete,,ok,True
False,[M+H]+,True,False,False,False,False,False,False,False,False,False,False,False,False,True,QTOF,0.02050007168033252,ok,31,59,31,59,1,28,28,0.38738930669113536,True,VAL-0042,19,19,20,35,True,ok,CCC[C@@H]1C[C@@H](C(=O)N[C@@H]([C@H]2O[C@H](SC)[C@H](O)[C@@H](O)[C@H]2O)[C@@H](C)O)N(C)C1,complete,,ok,True
False,[M+H]+,True,False,False,False,False,False,False,False,False,False,False,False,False,True,Orbitrap,0.022157824208817845,ok,31,59,31,59,1,28,28,0.4396505869660042,True,VAL-0043,11,19,20,17,True,ok,CCCC1CC(C(=O)NC(C(C)O)C2OC(SC)C(O)C(O)C2O)N(C)C1,complete,,ok,True
False,[M+H]+,True,False,False,False,False,False,False,False,False,False,False,False,False,True,QTOF,0.015154474384315275,ok,58,256,58,256,,198,198,1.0426599387788795,True,VAL-0044,91,91,91,43,True,ok,CN/C(=C\[N+](=O)[O-])NCCSCc1ccc(CN(C)C)o1,complete,unsupported_charge,unsupported,False
False,[M+H]+,True,False,False,False,False,False,False,False,False,False,False,False,False,True,QTOF,0.0013522079482045646,ok,41,256,41,256,,215,215,0.860159059970958,True,VAL-0045,191,191,191,175,True,ok,CN/C(=C\[N+](=O)[O-])NCCSCc1ccc(C[N+](C)(C)[O-])o1,complete,unsupported_charge,unsupported,False
False,[M+H]+,True,False,False,False,False,False,False,False,False,False,False,False,False,True,QTOF,0.010994988724677857,ok,85,87,85,87,1,2,2,0.755210107503234,True,VAL-0046,85,59,67,86,True,ok,O=C(Nc1ccc(F)cc1)c1cccc(Oc2cccc(C(F)(F)F)c2)n1,complete,,ok,True
False,[M+H]+,True,False,False,False,False,False,False,False,False,False,False,False,False,True,QTOF,0.012346616080612383,ok,38,76,38,76,1,38,38,0.6710834970750461,True,VAL-0047,38,23,25,75,True,ok,CC(C)N(C(=O)COc1nnc(C(F)(F)F)s1)c1ccc(F)cc1,complete,,ok,True
False,[M+H]+,True,False,False,False,False,False,False,False,False,False,False,False,False,True,QTOF,0.02029825695869969,ok,20,101,20,101,,81,81,0.2929264329842801,True,VAL-0048,90,90,90,85,True,ok,O=C1CN(/N=C\c2ccc([N+](=O)[O-])o2)C(=O)N1,complete,unsupported_charge,unsupported,False
False,[M+H]+,True,False,False,False,False,False,False,False,False,False,False,False,False,True,QTOF,0.028388697836309595,ok,6,30,6,30,,24,24,0.7012977300882476,True,VAL-0049,17,17,17,13,True,ok,COC(=O)c1sccc1S(=O)(=O)NC(=O)Nc1nc(C)nc(OC)n1,complete,hypervalent,unsupported,False
False,[M+H]+,True,False,False,False,False,False,False,False,False,False,False,False,False,True,QTOF,0.008372634823380798,ok,246,256,246,256,1,10,10,0.789386234373024,True,VAL-0050,35,211,216,37,True,ok,O=C1Cc2cc(CCN3CCN(c4nsc5ccccc45)CC3)c(Cl)cc2N1,complete,,ok,True
False,[M+H]+,True,False,False,False,False,False,False,False,False,False,False,False,False,True,QTOF,0.0011665042008399684,ok,11,76,11,76,,65,65,0.6709603606336705,True,VAL-0051,74,74,74,74,True,ok,CC(O)(CS(=O)(=O)c1ccc(F)cc1)C(=O)Nc1ccc(C#N)c(C(F)(F)F)c1,complete,hypervalent,unsupported,False
False,[M+H]+,True,False,False,False,False,False,False,False,False,False,False,False,False,True,QTOF,0.03730845115038095,ok,243,256,243,256,1,13,13,0.4698227818407334,True,VAL-0052,164,192,176,171,True,ok,CCc1nn(C)c(C(=O)NCc2ccc(Oc3ccc(C)cc3)cc2)c1Cl,complete,,ok,True
False,[M+H]+,True,False,False,False,False,False,False,False,False,False,False,False,False,True,QTOF,0.006630470704384384,ok,83,83,83,83,1,0,0,0.7991554158733488,True,VAL-0053,58,70,77,58,True,ok,OC(Cn1cncn1)(Cn1cncn1)c1ccc(F)cc1F,complete,,ok,True
False,[M+H]+,True,False,False,False,False,False,False,False,False,False,False,False,False,True,QTOF,0.056317072107472055,ok,66,70,66,70,1,4,4,0.47158311136922393,True,VAL-0054,55,23,12,57,True,ok,O=C(Nc1ccc(F)cc1F)c1cccnc1Oc1cccc(C(F)(F)F)c1,complete,,ok,True
False,[M+H]+,True,False,False,False,False,False,False,False,False,False,False,False,False,True,QTOF,0.014834925408605648,ok,177,256,177,256,1,79,79,0.40030769985640857,True,VAL-0055,18,134,34,30,True,ok,CCc1ccc(CCOc2ccc(CC3SC(=O)NC3=O)cc2)nc1,complete,,ok,True
False,[M+H]+,True,False,False,False,False,False,False,False,False,False,False,False,False,True,QTOF,0.0,ok,240,256,240,256,1,16,16,0.556222219767701,True,VAL-0056,45,25,230,47,True,ok,CC(C)(C)NC(=O)[C@H]1CC[C@H]2[C@@H]3CC[C@H]4NC(=O)C=C[C@]4(C)[C@H]3CC[C@]12C,complete,,ok,True
False,[M+H]+,True,True,True,True,True,True,True,True,True,True,True,True,True,True,QTOF,,no_finite_scores,0,10,0,10,,10,10,0.5880057231805716,False,VAL-0057,1,1,1,1,False,predictor_unavailable,COc1cc(OC)nc(NC(=O)NS(=O)(=O)N(C)S(C)(=O)=O)n1,complete,hypervalent,unsupported,False
False,[M+H]+,True,False,False,False,False,False,False,False,False,False,False,False,False,True,QTOF,0.010162781377935803,ok,250,256,250,256,1,6,6,0.4994744726549742,True,VAL-0058,34,179,176,35,True,ok,O=C(Nc1cccc(C2=NCCN2)c1)Nc1cccc(C2=NCCN2)c1,complete,,ok,True
False,[M+H]+,True,False,False,False,False,False,False,False,False,False,False,False,False,True,QTOF,0.06809454825045613,ok,19,75,19,75,,56,56,0.48506138664040677,True,VAL-0059,29,29,29,14,True,ok,COc1nc(C)nc(NC(=O)NS(=O)(=O)c2ccccc2CCC(F)(F)F)n1,complete,hypervalent,unsupported,False
False,[M+H]+,True,False,False,False,False,False,False,False,False,False,False,True,True,True,QTOF,0.007824090663196559,ok,61,256,61,256,,195,195,0.9127321916714918,True,VAL-0060,62,62,62,2,True,ok,CNC(=C[N+](=O)[O-])NCCSCc1ccc(CN(C)C)o1,complete,unsupported_charge,unsupported,False
False,[M+H]+,True,True,True,True,False,False,False,False,False,False,False,True,False,True,QTOF,0.007014596254122781,ok,40,256,40,256,1,216,216,0.42238180598364555,True,VAL-0061,1,16,11,8,True,ok,CC(C)(C)NCC(O)COc1nsnc1N1CCOCC1,complete,,ok,True
False,[M+H]+,True,False,False,False,False,True,False,False,False,False,False,False,False,True,QTOF,0.012677984251807217,ok,22,22,22,22,1,0,0,0.6062868970219536,True,VAL-0062,17,9,17,17,True,ok,CCCC1CC(C(=O)NC(C(C)Cl)C2OC(SC)C(O)C(O)C2O)N(C)C1,complete,,ok,True
False,[M+H]+,True,False,False,False,False,False,False,False,False,False,False,False,False,True,QTOF,0.0,ok,16,148,16,148,,132,132,0.3568259784237218,True,VAL-0063,65,65,65,52,True,ok,COC(=O)c1ccccc1S(=O)(=O)NC(=O)Nc1nc(C)nc(OC)n1,complete,hypervalent,unsupported,False
False,[M+H]+,True,False,False,False,False,False,False,False,False,False,False,False,False,True,QTOF,0.0,ok,20,31,20,31,1,11,11,0.5536556097712622,True,VAL-0064,11,13,14,16,True,ok,NC(=NCCCCCCN=C(N)N=C(N)Nc1ccc(Cl)cc1)N=C(N)Nc1ccc(Cl)cc1,complete,,ok,True
False,[M+H]+,True,False,False,False,False,False,False,False,False,False,False,False,False,True,QTOF,0.0,ok,205,207,205,207,2,2,2,0.7484981239063754,True,VAL-0065,45,41,99,45,True,ok,Cn1cc(C(=O)Nc2ccccc2-c2cc(F)c(F)c(F)c2)c(C(F)F)n1,complete,,ok,True
False,[M+H]+,True,False,False,False,False,False,False,False,False,False,False,False,False,True,QTOF,0.054692827731288696,ok,241,256,241,256,,15,15,0.5573013510513489,True,VAL-0066,247,247,247,117,True,ok,CC(c1nc[n+]([O-])cc1F)C(O)(Cn1cncn1)c1ccc(F)cc1F,complete,unsupported_charge,unsupported,False
False,[M+H]+,True,False,False,False,False,False,False,False,False,False,False,False,False,True,QTOF,0.0045166124067498314,ok,17,44,17,44,,27,27,0.36421908122638724,True,VAL-0067,35,35,35,33,True,ok,Cn1cnc([N+](=O)[O-])c1Sc1ncnc2nc[nH]c12,complete,unsupported_charge,unsupported,False
False,[M+H]+,True,False,False,False,False,False,False,False,False,False,False,False,False,True,QTOF,0.009716325134612375,ok,3,26,3,26,,23,23,0.39280196587417177,True,VAL-0068,17,17,17,15,True,ok,N#Cc1nn(-c2c(Cl)cc(C(F)(F)F)cc2Cl)c(N)c1S(=O)C(F)(F)F,complete,hypervalent,unsupported,False
False,[M+H]+,True,False,False,False,False,False,False,False,False,False,False,False,False,True,QTOF,0.048371499452479316,ok,146,152,146,152,1,6,6,0.8836251638399747,True,VAL-0069,63,50,89,66,True,ok,COc1cccc2c1C(=O)c1c(O)c3c(c(O)c1C2=O)C[C@@](O)(C(=O)CO)C[C@@H]3O[C@H]1C[C@H](N)[C@H](O)[C@H](C)O1,complete,,ok,True
False,[M+H]+,True,False,False,False,False,False,False,False,False,False,False,False,False,True,QTOF,0.007452892565642633,ok,202,217,202,217,1,15,15,0.9123574232522684,True,VAL-0070,197,158,125,211,True,ok,CC(=O)N1CCN(c2ccc(OCC3COC(Cn4ccnc4)(c4ccc(Cl)cc4Cl)O3)cc2)CC1,complete,,ok,True
False,[M+H]+,True,False,False,False,False,False,False,False,False,False,False,False,False,True,QTOF,0.003843399832104244,ok,37,256,37,256,,219,219,0.5701927489480124,True,VAL-0071,133,133,133,110,True,ok,CNC(=C[N+](=O)[O-])NCCS(=O)Cc1ccc(CN(C)C)o1,complete,unsupported_charge,unsupported,False
False,[M+H]+,True,False,False,False,False,False,False,False,False,False,False,False,False,True,QTOF,0.002891737318811205,ok,189,190,189,190,4,1,1,1.004667392106111,True,VAL-0072,88,45,103,89,True,ok,Cn1cc(C(=O)Nc2ccc(F)cc2-c2ccc(Cl)c(Cl)c2)c(C(F)F)n1,complete,,ok,True
False,[M+H]+,True,False,True,False,False,False,False,False,False,False,False,True,False,True,QTOF,0.027799161667688033,ok,31,51,31,51,1,20,20,1.0827797821863885,True,VAL-0073,6,17,19,7,True,ok,C=CC1(C)CC(OC(=O)CSCCN(CC)CC)C2(C)C(C)CCC3(CCC(=O)C32)C(C)C1O,complete,,ok,True
False,[M+H]+,True,False,False,False,False,False,False,False,False,False,False,True,False,True,QTOF,0.006872426442748325,ok,12,15,12,15,,3,3,0.7266661226975552,True,VAL-0074,15,15,15,9,True,ok,CCCC1C[C@H](C(=O)NC(C(C)Cl)C2O[C@H](S(C)=O)C(O)[C@H](O)[C@H]2O)N(C)C1,complete,hypervalent,unsupported,False
False,[M+H]+,True,False,False,False,False,False,False,False,False,False,False,False,False,True,QTOF,0.020649974935639692,ok,66,78,66,78,2,12,12,0.7676652778007289,True,VAL-0075,61,40,38,72,True,ok,CC1(C)CC(N(C=O)CCCCCCN(C=O)C2CC(C)(C)NC(C)(C)C2)CC(C)(C)N1,complete,,ok,True
False,[M+H]+,True,False,True,False,False,False,False,False,False,False,False,False,False,True,QTOF,0.00800088917742836,ok,58,81,58,81,1,23,23,0.448956441268188,True,VAL-0076,9,23,36,11,True,ok,Cc1nc(Nc2ncc(C(=O)Nc3c(C)cccc3Cl)s2)cc(N2CCN(CCO)CC2)n1,complete,,ok,True
False,[M+H]+,True,False,False,False,False,False,False,False,False,False,False,True,True,True,QTOF,0.034318298391831537,ok,61,256,61,256,,195,195,0.9311846497571199,True,VAL-0077,63,63,63,3,True,ok,CNCc1ccc(CSCCNC(=C[N+](=O)[O-])NC)o1,complete,unsupported_charge,unsupported,False
False,[M+Na]+,True,False,True,False,False,False,False,False,False,False,False,True,False,True,QTOF,0.0028712529551309096,ok,74,76,74,76,3,2,2,0.05130023451830979,True,VAL-0078,8,55,33,8,True,ok,CC[C@@]1([C@@H]2O[C@@H]([C@H]3O[C@@](O)(CO)[C@H](C)C[C@@H]3C)C[C@@H]2C)CC[C@H]([C@]2(C)CC[C@]3(C[C@H](O)[C@@H](C)[C@@H]([C@@H](C)[C@@H](OC)[C@H](C)C(=O)O)O3)O2)O1,complete,,ok,True
False,[M+H]+,True,False,False,False,False,False,False,False,False,False,False,False,False,True,QTOF,0.027696445098369327,ok,146,152,146,152,1,6,6,0.5977041518923075,True,VAL-0079,111,50,89,116,True,ok,COc1cccc2c1C(=O)c1c(O)c3c(c(O)c1C2=O)CC(O)(C(=O)CO)CC3OC1CC(N)C(O)C(C)O1,complete,,ok,True
False,[M+H]+,True,False,False,False,False,True,False,False,False,False,False,False,False,True,QTOF,0.011770893009949046,ok,147,159,147,159,1,12,12,0.8246458014565814,True,VAL-0080,13,4,96,14,True,ok,O=C1OCCOC(=O)c2ccc(cc2)C(=O)OCCOC(=O)c2ccc(cc2)C(=O)OCCOC(=O)c2ccc1cc2,complete,,ok,True
False,[M+H]+,True,False,False,False,False,False,False,False,False,False,False,False,False,True,QTOF,0.01944192944539569,ok,20,101,20,101,,81,81,0.37659039136163935,True,VAL-0081,47,47,47,36,True,ok,O=C1CN(N=Cc2ccc([N+](=O)[O-])o2)C(=O)N1,complete,unsupported_charge,unsupported,False
False,[M+H]+,True,False,False,False,False,True,False,False,True,False,False,False,False,True,QTOF,0.01673334633704926,ok,77,96,77,96,1,19,19,0.46482538374698207,True,VAL-0082,48,9,8,62,True,ok,CCCCCC=CCC=CCCCCCCCC(=O)NC(Cc1ccc(C)cc1)c1ccccc1,complete,,ok,True
False,[M+H]+,True,False,True,False,False,False,False,False,False,False,False,True,False,True,QTOF,0.002484665587094148,ok,83,91,83,91,1,8,8,0.49665557710272773,True,VAL-0083,5,13,12,5,True,ok,COCCCOc1cc(C[C@@H](C[C@H](N)[C@@H](O)C[C@H](C(=O)NCC(C)(C)C(N)=O)C(C)C)C(C)C)ccc1OC,complete,,ok,True
False,[M+H]+,True,False,False,False,False,False,False,False,False,False,False,False,False,True,QTOF,0.010612950884385242,ok,60,66,60,66,24,6,6,0.6347945883624749,True,VAL-0084,60,30,40,66,True,ok,NC[C@H]1O[C@H](O[C@H]2[C@H](O)[C@@H](O[C@H]3O[C@H](CO)[C@@H](O)[C@H](N)[C@H]3O)[C@H](N)C[C@@H]2N)[C@H](O)[C@@H](O)[C@@H]1O,complete,,ok,True
False,[M+H]+,True,False,False,False,False,False,False,False,False,False,False,False,False,True,Orbitrap,0.0,ok,202,217,202,217,1,15,15,0.7608313462552028,True,VAL-0085,181,163,125,195,True,ok,CC(=O)N1CCN(c2ccc(OC[C@@H]3CO[C@@](Cn4ccnc4)(c4ccc(Cl)cc4Cl)O3)cc2)CC1,complete,,ok,True
False,[M+H]+,True,False,False,False,False,False,False,False,False,False,False,False,False,True,Orbitrap,0.004071081375001118,ok,149,256,149,256,1,107,107,0.8974947233412747,True,VAL-0086,25,69,87,47,True,ok,CCCCCCCCSC(=O)Oc1cc(Cl)nnc1-c1ccccc1,complete,,ok,True
False,[M+H]+,True,True,True,True,True,True,True,True,True,True,True,True,True,True,Orbitrap,,no_finite_scores,0,1,0,1,,1,1,0.763334006378937,False,VAL-0087,1,1,1,1,False,predictor_unavailable,Nc1c(S(=O)C(F)(F)F)c(C(=O)O)nn1-c1c(Cl)cc(C(F)(F)F)cc1Cl,complete,hypervalent,unsupported,False
False,[M+H]+,True,False,True,True,True,True,True,True,True,True,False,True,True,True,Orbitrap,0.011598519182558165,ok,4,5,4,5,1,1,1,0.9001417175269448,True,VAL-0088,2,1,1,2,True,ok,CC(C)[C@@H]1NC(=O)[C@H](NC(=O)N[C@@H](CCCN=C(N)N)C(=O)O)CCCCNC(=O)[C@H](Cc2ccccc2)NC(=O)[C@H](C)N(C)C(=O)[C@H](CCc2ccc(O)cc2)NC1=O,complete,,ok,True
False,[M+H]+,True,True,True,True,True,True,True,True,True,True,True,True,True,True,Orbitrap,0.009640990453619325,ok,4,5,4,5,1,1,1,0.8823188068186192,True,VAL-0089,1,1,1,1,True,ok,CC(C)C1NC(=O)C(NC(=O)NC(CCCN=C(N)N)C(=O)O)CCCCNC(=O)C(Cc2ccccc2)NC(=O)C(C)N(C)C(=O)C(CCc2ccc(O)cc2)NC1=O,complete,,ok,True
False,[M+H]+,True,False,True,True,False,True,True,False,True,True,False,True,True,True,Orbitrap,,no_finite_scores,0,3,0,3,,3,3,0.8107392316406927,False,VAL-0090,2,2,2,2,False,predictor_unavailable,COc1nc(NC(=O)NS(=O)(=O)c2ccccc2C(F)(F)F)nc(C(F)(F)F)n1,complete,hypervalent,unsupported,False
False,[M+H]+,True,False,False,False,False,True,False,False,False,False,False,False,False,True,Orbitrap,0.0,ok,20,20,20,20,1,0,0,0.6009065921110475,True,VAL-0091,12,9,11,12,True,ok,CON(C(=O)c1cn(C)nc1C(F)F)C(C)Cc1c(Cl)cc(Cl)cc1Cl,complete,,ok,True
False,[M+H]+,True,False,False,False,False,False,False,False,False,False,False,False,False,True,Orbitrap,0.0,ok,11,76,11,76,,65,65,0.5363885738424325,True,VAL-0092,68,68,68,67,True,ok,C[C@](O)(CS(=O)(=O)c1ccc(F)cc1)C(=O)Nc1ccc(C#N)c(C(F)(F)F)c1,complete,hypervalent,unsupported,False
False,[M+H]+,True,False,True,True,False,True,True,False,True,True,False,True,True,True,Orbitrap,0.007260436690213812,ok,3,3,3,3,1,0,0,1.1815842360084223,True,VAL-0093,3,2,2,3,True,ok,O=c1c(C2CC(c3ccc(-c4ccc(Br)cc4)cc3)Cc3ccccc32)c(O)sc2ccccc12,complete,,ok,True
False,[M+H]+,True,False,False,False,False,False,False,False,False,False,False,False,False,True,Orbitrap,0.0,ok,179,211,179,211,1,32,32,0.5514216433185608,True,VAL-0094,132,57,50,153,True,ok,COC1CCC2(CC1)NC(=O)C(c1cc(C)ccc1C)=C2OC1OC(CO)C(O)C(O)C1O,complete,,ok,True
False,[M+H]+,True,False,True,False,False,True,False,False,True,False,False,True,False,True,Orbitrap,,no_finite_scores,0,9,0,9,,9,9,0.5221039547537665,False,VAL-0095,9,9,9,9,False,predictor_unavailable,COC(=O)c1ccc(I)cc1S(=O)(=O)NC(=O)Nc1nc(C)nc(OC)n1,complete,hypervalent,unsupported,False
False,[M+H]+,True,False,False,False,False,False,False,False,False,False,False,False,False,True,Orbitrap,0.008988462707782308,ok,136,137,136,137,15,1,1,1.176499302388356,True,VAL-0096,97,38,30,97,True,ok,C=CCC1C=C(C)CC(C)CC(OC)C2OC(O)(C(=O)C(=O)N3CCCCC3C(=O)OC(C(C)=CC3CCC(O)C(OC)C3)C(C)C(O)CC1=O)C(C)CC2OC,complete,,ok,True
False,[M+H]+,True,False,True,True,True,True,True,True,True,True,False,True,False,True,Orbitrap,0.09419529317183117,ok,5,9,5,9,1,4,4,1.141587830013709,True,VAL-0097,3,1,1,4,True,ok,COC(=O)c1c(C(F)F)nc(C(F)(F)F)c(C2=NCCS2)c1CC(C)C,complete,,ok,True
False,[M+H]+,True,False,False,False,False,False,False,False,False,False,False,False,False,True,Orbitrap,0.02918998442103654,ok,234,256,234,256,1,22,22,0.3504010733717605,True,VAL-0098,47,12,221,52,True,ok,COCCOC(=O)C(C#N)(C(=O)c1ccccc1C(F)(F)F)c1ccc(C(C)(C)C)cc1,complete,,ok,True
False,[M+H]+,True,False,True,False,False,False,False,False,False,False,False,True,False,True,Orbitrap,0.034358851224474046,ok,22,22,22,22,1,0,0,0.5448626069059298,True,VAL-0099,6,18,17,6,True,ok,CCC[C@@H]1C[C@@H](C(=O)NC(C(C)Cl)[C@H]2O[C@H](SC)[C@H](O)[C@@H](O)[C@H]2O)N(C)C1,complete,,ok,True
False,[M+H]+,True,False,False,False,False,False,False,False,False,False,False,False,False,True,Orbitrap,0.02399039799184821,ok,6,14,6,14,,8,8,0.596028995061239,True,VAL-0100,12,12,12,12,True,ok,CCS(=O)c1c(C#N)nn(-c2c(Cl)cc(C(F)(F)F)cc2Cl)c1N,complete,hypervalent,unsupported,False
False,[M+H]+,True,False,True,False,False,True,False,False,True,False,False,True,False,True,Orbitrap,0.0,ok,12,12,12,12,3,0,0,0.67079686517411,True,VAL-0101,6,4,5,6,True,ok,O=c1oc2ccccc2c(O)c1C1CC(c2ccc(OCc3ccc(C(F)(F)F)cc3)cc2)Cc2ccccc21,complete,,ok,True
False,[M+H]+,True,False,False,False,False,False,False,False,False,False,False,False,False,True,Orbitrap,0.008247256429446015,ok,250,256,250,256,1,6,6,0.6354233933661559,True,VAL-0102,109,72,80,112,True,ok,COC=C(C(=O)OC)c1ccccc1CON=C(C)C=Cc1ccc(Cl)cc1,complete,,ok,True
False,[M+H]+,True,False,False,False,True,True,True,False,False,False,False,False,False,True,Orbitrap,0.0007317857922057858,ok,35,35,35,35,1,0,0,0.5458032940921602,True,VAL-0103,18,1,25,18,True,ok,COc1c(Cl)ccc(-c2nc(C(=O)OCc3ccccc3)c(Cl)c(N)c2F)c1F,complete,,ok,True
False,[M+H]+,True,False,True,False,False,True,False,False,True,False,False,True,False,True,Orbitrap,0.0035375020639807353,ok,15,15,15,15,7,0,0,1.1023291753428845,True,VAL-0104,8,5,5,8,True,ok,O=c1oc2ccccc2c(O)c1C1CC(c2ccc(-c3ccc(Br)cc3)cc2)Cc2ccccc21,complete,,ok,True
False,[M+H]+,True,False,True,False,False,False,False,False,False,False,False,True,False,True,Orbitrap,0.00046627967514645263,ok,41,42,41,42,1,1,1,0.640655136002922,True,VAL-0105,6,31,28,6,True,ok,CCOCn1c(-c2ccc(Cl)cc2)c(C#N)c(Br)c1C(F)(F)F,complete,,ok,True
False,[M+H]+,True,False,False,False,False,True,False,False,True,False,False,False,False,True,Orbitrap,0.028516759336946973,ok,48,256,48,256,1,208,208,0.7504879249090084,True,VAL-0106,27,7,8,158,True,ok,CCOC(=O)CCN(Cc1ccccc1)SN(C)C(=O)O/N=C(\C)SC,complete,,ok,True
False,[M+H]+,True,False,False,False,False,False,False,False,False,False,False,False,False,True,Orbitrap,0.001305117854133897,ok,247,256,247,256,1,9,9,0.9836468486651004,True,VAL-0107,160,203,209,165,True,ok,CCc1cc(C)cc(CC)c1C1C(=O)N2CCOCCN2C1=O,complete,,ok,True
False,[M+H]+,True,False,True,True,False,True,True,False,True,True,False,True,True,True,Orbitrap,,no_finite_scores,0,18,0,18,,18,18,0.5114468123329733,False,VAL-0108,3,3,3,3,False,predictor_unavailable,CCOP(=S)(OCC)Oc1cc(-c2ccccc2)on1,complete,unsupported_element:P,unsupported,False
False,[M+H]+,True,False,False,False,False,False,False,False,False,False,False,False,False,True,Orbitrap,,no_finite_scores,0,17,0,17,,17,17,0.5506041773704256,False,VAL-0109,16,16,16,16,False,predictor_unavailable,Cc1cc(C(F)(C(F)(F)F)C(F)(F)F)ccc1NC(=O)c1cccc(I)c1C(=O)NC(C)(C)CS(C)(=O)=O,complete,hypervalent,unsupported,False
False,[M+H]+,True,False,False,False,False,False,False,False,False,False,False,False,False,True,Orbitrap,0.031589232754344554,ok,33,205,33,205,,172,172,0.6863426893349587,True,VAL-0110,56,56,56,29,True,ok,COC(=O)c1ccccc1CS(=O)(=O)NC(=O)Nc1nc(OC)cc(OC)n1,complete,hypervalent,unsupported,False
False,[M+H]+,True,False,False,False,False,False,False,False,False,False,False,False,False,True,Orbitrap,0.0009669369780332948,ok,93,96,93,96,2,3,3,0.9245914807132055,True,VAL-0111,38,14,12,40,True,ok,O=c1oc2ccccc2c(O)c1C1CC(c2ccc(-c3ccccc3)cc2)Cc2ccccc21,complete,,ok,True
False,[M+H]+,True,False,False,False,False,False,False,False,False,False,False,False,False,True,Orbitrap,0.01986315100644742,ok,6,42,6,42,,36,36,0.989288142075096,True,VAL-0112,19,19,19,15,True,ok,CC(C)(O/N=C(/C(=O)N[C@@H]1C(=O)N2C(C(=O)[O-])=C(C[n+]3ccccc3)CS[C@H]12)c1csc(N)n1)C(=O)O,complete,unsupported_charge,unsupported,False
False,[M+H]+,True,True,True,True,True,True,True,True,True,True,True,True,True,True,Orbitrap,,no_finite_scores,0,4,0,4,,4,4,0.41415328336237933,False,VAL-0113,1,1,1,1,False,predictor_unavailable,COC(=O)c1cccc(C)c1S(=O)(=O)NC(=O)Nc1nc(OCC(F)(F)F)nc(N(C)C)n1,complete,hypervalent,unsupported,False
False,[M+H]+,True,False,True,True,False,False,False,False,False,False,False,True,True,True,Orbitrap,0.02999493444653617,ok,24,24,24,24,1,0,0,0.4173926792310543,True,VAL-0114,3,16,11,3,True,ok,CC1(C)C(C=C(Cl)c2ccc(Cl)cc2)C1C(=O)OC(C#N)c1ccc(F)c(Oc2ccccc2)c1,complete,,ok,True
False,[M+H]+,True,False,True,False,False,True,False,False,True,False,False,True,False,True,Orbitrap,,no_finite_scores,0,4,0,4,,4,4,0.3313840302474517,False,VAL-0115,4,4,4,4,False,predictor_unavailable,O=S(=O)(CCC(F)=C(F)F)c1ncc(Cl)s1,complete,hypervalent,unsupported,False
False,[M+H]+,True,False,False,False,False,False,False,False,False,False,False,False,False,True,Orbitrap,0.008022010079394737,ok,192,256,192,256,1,64,64,0.7428098898197252,True,VAL-0116,75,93,137,105,True,ok,COc1cc2nc(N3CCN(C(=O)C4COc5ccccc5O4)CC3)nc(N)c2cc1OC,complete,,ok,True
False,[M+H]+,True,False,True,False,False,True,True,False,True,True,False,False,False,True,Orbitrap,0.05034990258724503,ok,14,29,14,29,1,15,15,1.0665533357023846,True,VAL-0117,7,2,2,15,True,ok,CCCN(CCOc1c(Cl)cc(O)c(SCC(N)C(=O)O)c1Cl)C(=O)n1ccnc1,complete,,ok,True
False,[M+H]+,True,False,False,False,False,False,False,False,False,False,False,False,False,True,Orbitrap,0.007703598817216939,ok,71,256,71,256,,185,185,0.7830072566351858,True,VAL-0118,132,132,132,81,True,ok,CNCc1ccc(CSCCN/C(=C/[N+](=O)[O-])NC)o1,complete,unsupported_charge,unsupported,False
False,[M+H]+,True,False,False,False,False,False,False,False,False,False,False,False,False,True,Orbitrap,0.0006134367764502047,ok,187,256,187,256,1,69,69,0.47764418835903166,True,VAL-0119,138,70,14,189,True,ok,CCOc1nc2cccc(C(=O)O)c2n1Cc1ccc(C(=O)O)cc1,complete,,ok,True
False,[M+H]+,True,False,True,False,False,True,False,False,False,False,False,False,False,True,Orbitrap,0.0,ok,36,46,36,46,1,10,10,1.0182079679774694,True,VAL-0120,10,10,13,13,True,ok,CC(=O)N1CCN(c2ccc(OC[C@H]3CO[C@](CNC(=O)CNC=O)(c4ccc(Cl)cc4Cl)O3)cc2)CC1,complete,,ok,True
False,[M+H]+,True,False,True,False,False,True,False,False,True,False,False,True,False,True,QTOF,,no_finite_scores,0,8,0,8,,8,8,0.5015852955328757,False,VAL-0121,8,8,8,8,False,predictor_unavailable,COc1nn(C(=O)NS(=O)(=O)c2ccccc2OC(F)(F)F)c(=O)n1C,complete,hypervalent,unsupported,False
False,[M+H]+,True,False,False,False,False,False,False,False,False,False,False,False,False,True,QTOF,0.005598121156896396,ok,250,256,250,256,1,6,6,0.3554637264664212,True,VAL-0122,178,46,136,183,True,ok,Cc1cc2c(cc1C(F)(F)F)N(C(=O)Nc1ccc(Oc3cccnc3C)nc1)CC2,complete,,ok,True
False,[M+H]+,True,False,False,False,False,False,False,False,False,False,False,False,False,True,QTOF,0.03189062891118133,ok,38,77,38,77,,39,39,0.6085452904834636,True,VAL-0123,72,72,72,69,True,ok,Nc1nnc(-c2ccc([N+](=O)[O-])o2)o1,complete,unsupported_charge,unsupported,False
False,[M+H]+,True,False,False,False,False,False,False,False,False,False,False,False,False,True,QTOF,0.0,ok,120,136,120,136,1,16,16,0.5991028619496259,True,VAL-0124,76,84,110,85,True,ok,O=C(Nc1ccccc1SSc1ccccc1NC(=O)c1ccccc1)c1ccccc1,complete,,ok,True
False,[M+H]+,True,False,False,False,False,False,False,False,False,False,False,False,False,True,QTOF,0.0028628295238551926,ok,74,256,74,256,,182,182,0.41865662052615726,True,VAL-0125,212,212,212,192,True,ok,CSc1ccc(Oc2ccc(S(N)(=O)=O)cc2CN(C)C)cc1C,complete,hypervalent,unsupported,False
False,[M+H]+,True,False,True,False,False,True,False,False,False,False,False,True,False,True,QTOF,0.0012709186920462079,ok,36,38,36,38,3,2,2,0.48536020994407514,True,VAL-0126,4,5,16,4,True,ok,Cc1cc(F)ccc1-c1cc(N2CCC(O)C2CO)ncc1N(C)C(=O)C(C)(C)c1cc(C(F)(F)F)cc(C(F)(F)F)c1,complete,,ok,True
False,[M+H]+,True,False,False,False,False,False,False,False,False,False,False,False,False,True,QTOF,0.006506152882220451,ok,86,256,86,256,1,170,170,0.7400878431382903,True,VAL-0127,25,70,82,76,True,ok,O=c1n(CC2CO2)c(=O)n(CC2CO2)c(=O)n1CC1CO1,complete,,ok,True
False,[M+H]+,True,False,False,False,False,False,False,False,False,False,False,False,False,True,QTOF,0.030694055757685024,ok,10,31,10,31,,21,21,0.773355051756106,True,VAL-0128,28,28,28,26,True,ok,CCN(CC)C(=O)c1cc(S(=O)(=O)Cc2ccccc2)c(N2CCC(c3ccccc3)CC2)cc1N(CC)CCN(C)C,complete,hypervalent,unsupported,False
False,[M+H]+,True,False,False,False,False,False,False,False,False,False,False,False,False,True,QTOF,0.13911307492422798,ok,242,256,242,256,1,14,14,0.3714089906767696,True,VAL-0129,129,102,213,138,True,ok,c1ccc2cc(Nc3ccc(Nc4ccc5ccccc5c4)cc3)ccc2c1,complete,,ok,True
False,[M+H]+,True,False,False,False,False,False,False,False,False,False,False,False,False,True,QTOF,0.006214874874666265,ok,239,256,239,256,1,17,17,0.3900137126849042,True,VAL-0130,32,38,119,36,True,ok,CCCCN1C(=O)C(C(O)C2CCCCC2)NC(=O)C12CCN(Cc1ccc(Oc3ccc(C(=O)O)cc3)cc1)CC2,complete,,ok,True
False,[M+H]+,True,False,False,False,False,False,False,False,False,False,False,False,False,True,QTOF,0.03681765039070628,ok,111,256,111,256,,145,145,0.42960406096144715,True,VAL-0131,217,217,217,183,True,ok,CC(=O)OCCN(CCOC(C)=O)c1ccc(N=Nc2ccc([N+](=O)[O-])cc2C#N)cc1,complete,unsupported_charge,unsupported,False
False,[M+H]+,True,False,False,False,False,False,False,False,False,False,False,False,False,True,QTOF,0.19415232109805158,ok,137,161,137,161,1,24,24,0.4281011337839791,True,VAL-0132,60,82,86,74,True,ok,O=C(CCCCCCCCc1cccnc1)N1CCC(C=C(c2ccccc2)c2ccccc2)CC1,complete,,ok,True
False,[M+H]+,True,False,False,False,False,False,False,False,False,False,False,False,False,True,QTOF,0.00952566263644361,ok,138,203,138,203,1,65,65,0.812124080132499,True,VAL-0133,102,86,57,150,True,ok,Cc1cc(SC2C(=O)CC(CCc3ccc(N)cc3)(C(C)C)OC2=O)c(C(C)(C)C)cc1CO,complete,,ok,True
False,[M+H]+,True,False,False,False,False,False,False,False,False,False,False,False,False,True,QTOF,0.02862511759435815,ok,69,234,69,234,,165,165,0.32635422059210184,True,VAL-0134,95,95,95,33,True,ok,CCCOc1ccc(S(=O)(=O)N2CCN(CC)CC2)cc1-c1nc2c(CC)n(Cc3ccccn3)nc2c(=O)[nH]1,complete,hypervalent,unsupported,False
False,[M+H]+,True,False,False,False,False,False,False,False,False,False,False,False,False,True,QTOF,0.006167561104008623,ok,154,256,154,256,1,102,102,0.5544479847422541,True,VAL-0135,125,77,116,209,True,ok,CCN(CC)CCNc1ccc(CNC=O)c2sc3ccc(OC)cc3c(=O)c12,complete,,ok,True
False,[M+H]+,True,False,False,False,False,False,False,False,False,False,False,False,False,True,QTOF,0.021265603835752024,ok,243,256,243,256,1,13,13,0.34487667229651014,True,VAL-0136,96,153,28,103,True,ok,Nc1cc2c3c(c1)C(c1ccccc1)=NC(NC(=O)c1cccnc1)C(=O)N3CC2,complete,,ok,True
False,[M+H]+,True,False,False,False,False,True,False,False,False,False,False,False,False,True,QTOF,0.004205215399610718,ok,245,256,245,256,1,11,11,0.5499178149921821,True,VAL-0137,232,9,98,243,True,ok,Fc1ccccc1C(F)COC1CCC(Nc2ncnc3[nH]ncc23)CC1,complete,,ok,True
False,[M+H]+,True,False,False,False,False,False,False,False,False,False,False,False,False,True,QTOF,0.06496185184352687,ok,246,256,246,256,1,10,10,0.5377981443578478,True,VAL-0138,110,84,86,115,True,ok,c1ccc(C(OC2CCCN(CCc3ccc4c(c3)OCO4)C2)c2ccccc2)cc1,complete,,ok,True
False,[M+H]+,True,False,False,False,False,False,False,False,True,False,False,False,False,True,QTOF,0.008416078504516644,ok,13,13,13,13,1,0,0,0.6786786933872397,True,VAL-0139,11,12,8,11,True,ok,CCc1c(C(=O)NN2CCCCC2)nn(-c2ccc(Cl)cc2Cl)c1-c1ccc(Br)cc1,complete,,ok,True
False,[M+H]+,True,False,False,False,False,False,False,False,False,False,False,False,False,True,QTOF,0.01053842507949293,ok,243,256,243,256,1,13,13,0.4462290321961809,True,VAL-0140,126,109,36,132,True,ok,Cc1oc(-c2ccccc2)nc1CCOc1cccc2c1ccn2CCC(=O)O,complete,,ok,True
False,[M+H]+,True,False,True,False,False,False,False,False,False,False,False,False,False,True,QTOF,0.0,ok,58,113,58,113,1,55,55,0.12141345914552826,True,VAL-0141,9,20,52,16,True,ok,COc1cc(-c2nc(NC(=O)c3cc4cc(C)cc(C)c4n3CC(=O)O)sc2CCC2CCCCC2)c(OC)cc1Cl,complete,,ok,True
False,[M+H]+,True,False,False,False,False,False,False,False,False,False,False,False,False,True,QTOF,0.001108193368082655,ok,198,256,198,256,1,58,58,0.49264594452851035,True,VAL-0142,24,188,58,31,True,ok,O=C1C=CC(=O)N1c1ccc(Cc2ccc(N3C(=O)C=CC3=O)cc2)cc1,complete,,ok,True
False,[M+H]+,True,False,False,False,False,False,False,False,False,False,False,False,False,True,QTOF,0.01545084261177504,ok,250,256,250,256,1,6,6,0.26149011705077546,True,VAL-0143,125,43,17,127,True,ok,Cc1cc2c3c(c1)C(c1ccccc1)=NC(NC(=O)c1ccncc1)C(=O)N3CC2,complete,,ok,True
False,[M+H]+,True,False,False,False,False,False,False,False,False,False,False,False,False,True,QTOF,0.0032124178250028113,ok,250,256,250,256,1,6,6,0.5829635550271702,True,VAL-0144,250,240,248,256,True,ok,CC(C)(c1ccc(Oc2ccc(N)cc2)cc1)c1ccc(Oc2ccc(N)cc2)cc1,complete,,ok,True
False,[M+H]+,True,False,False,False,False,True,True,False,True,True,False,False,False,True,QTOF,0.003825995031579321,ok,242,256,242,256,1,14,14,0.5886006316617813,True,VAL-0145,123,2,2,134,True,ok,CCOc1ccc2c(n1)C(=O)C(C(=O)NCc1ccccc1)C=N2,complete,,ok,True
False,[M+H]+,True,False,False,False,False,False,False,False,False,False,False,False,False,True,QTOF,0.020504004067566473,ok,234,251,234,251,1,17,17,0.3448379080102543,True,VAL-0146,99,166,96,108,True,ok,Cc1nc(-c2ccc3c(c2)CCN(CCC2CCC(NC(=O)/C=C/c4ccc(F)cc4)CC2)CC3)no1,complete,,ok,True
False,[M+H]+,True,False,True,False,False,True,False,False,True,False,False,False,False,True,QTOF,0.0,ok,5,47,5,47,1,42,42,0.08888038189620963,True,VAL-0147,5,5,5,40,True,ok,CCOC(=O)OC(C)OC(=O)c1ccc2c(c1)cc(C(=O)NC1CCN(C(C)C)CC1)n2Cc1cc(-c2ccc(Cl)s2)on1,complete,,ok,True
False,[M+H]+,True,False,False,False,False,False,False,False,False,False,False,False,False,True,QTOF,0.014838684761143695,ok,83,256,83,256,,173,173,0.5095086009611977,True,VAL-0148,201,201,201,175,True,ok,Cc1ccc(NN=c2c(=O)ccc(=NNc3ccc(S(=O)(=O)O)cc3)c2=O)c(C)c1,complete,hypervalent,unsupported,False
False,[M+H]+,True,False,False,False,False,False,False,False,False,False,False,False,False,True,QTOF,0.020710374444241286,ok,248,256,248,256,1,8,8,0.6916780879280514,True,VAL-0149,132,168,75,134,True,ok,Cc1cc(CCN2CCN(c3nsc4ccccc34)CC2)cc2c1NC(=O)CC2(C)C,complete,,ok,True
False,[M+H]+,True,False,False,False,False,False,False,False,False,False,False,False,False,True,QTOF,0.0,ok,138,162,138,162,1,24,24,0.3589961019764785,True,VAL-0150,85,32,47,103,True,ok,O=C(NC(=O)c1cc(F)c(F)cc1Cl)Nc1cc(F)ccc1N1CCC(C(=O)O)CC1,complete,,ok,True
False,[M+H]+,True,False,False,False,False,False,False,False,False,False,False,False,False,True,QTOF,0.02514726580271398,ok,38,220,38,220,,182,182,0.2537921818066823,True,VAL-0151,209,209,209,209,True,ok,COc1cc(C(C)C)c2c(c1)S(=O)(=O)N(COc1cc(=O)n3cccc(OCCN4CCCCC4)c3n1)C2=O,complete,hypervalent,unsupported,False
False,[M+H]+,True,False,True,True,False,True,True,False,True,True,False,True,True,True,QTOF,0.0,single_scored,1,10,1,10,,9,9,0.3389511292067096,True,VAL-0152,3,3,3,2,True,ok:single_scored,O=C(Nc1ccc2c(O)c(N=Nc3ccc(N=Nc4ccc(S(=O)(=O)O)cc4)cc3)c(S(=O)(=O)O)cc2c1)c1ccccc1,complete,hypervalent,unsupported,False
False,[M+H]+,True,False,True,True,False,True,True,False,True,True,False,True,True,True,QTOF,0.03812026219077246,ok,2,2,2,2,1,0,0,0.4104664315525374,True,VAL-0153,2,2,2,2,True,ok,O=C(O)c1ccccc1-n1cc(C(=O)O)c(=O)c2cc(Nc3c(F)cc(F)cc3Cl)c(Cl)cc21,complete,,ok,True
False,[M+H]+,True,False,True,False,False,False,False,False,False,False,False,True,False,True,Orbitrap,0.15391339625394165,ok,146,164,146,164,1,18,18,0.3166538722697332,True,VAL-0154,5,54,135,6,True,ok,COc1cc(C)c2c(=O)c3c(oc2c1)C(=O)c1c(O)c(OC)cc(O)c1C3=O,complete,,ok,True
False,[M+H]+,True,False,False,False,False,False,False,False,False,False,False,False,False,True,Orbitrap,0.05399057896911763,ok,253,256,253,256,1,3,3,0.5102902934630369,True,VAL-0155,221,70,248,222,True,ok,CN1CC2CC3CCC(=O)C4C5C=C(CCC5=O)CC1CN2C34,complete,,ok,True
False,[M+H]+,True,False,False,False,False,False,False,False,False,False,False,False,False,True,Orbitrap,0.0,ok,79,81,79,81,1,2,2,0.5884828305956114,True,VAL-0156,46,26,74,48,True,ok,Cc1cc(O)c2c(c1)C(=O)c1c(c(O)cc(O)c1-c1c(O)cc(O)c3c1C(=O)c1cc(C)cc(O)c1C3=O)C2=O,complete,,ok,True
False,[M+H]+,True,False,False,False,False,False,False,False,False,False,False,False,False,True,Orbitrap,0.004102155634937654,ok,32,36,32,36,8,4,4,0.39436929508580837,True,VAL-0157,30,20,20,34,True,ok,CCC(C)C1NC(=O)C(CC(C)C)NC(=O)C(C(C)C)NC(=O)C2CSSCC(NC1=O)C(=O)N2,complete,,ok,True
False,[M+H]+,True,False,False,False,False,False,False,False,False,False,False,False,False,True,Orbitrap,0.003076070727522695,ok,243,256,243,256,1,13,13,0.4728406805720893,True,VAL-0158,53,211,197,56,True,ok,CC(C)(O)C1OC2CCC3(C)C(O)(CCC4Cc5c([nH]c6ccccc56)C43C)C2=CC1=O,complete,,ok,True
False,[M+H]+,True,False,False,False,False,False,False,False,False,False,False,False,False,True,Orbitrap,0.006154057868173246,ok,248,256,248,256,1,8,8,0.4579807711314987,True,VAL-0159,214,248,245,222,True,ok,CC1CCN2CC34CC5(CC(=O)N(C)C5=O)C(C)(C)C3CC12C(=O)N4C,complete,,ok,True
False,[M+H]+,True,False,False,False,False,False,False,False,False,False,False,False,False,True,Orbitrap,0.006300034007162947,ok,155,162,155,162,1,7,7,0.412739360054236,True,VAL-0160,95,104,120,98,True,ok,COC1=C(C2=C(OC)C(=O)c3cc4c(c(O)c3C2=O)C(=O)OC(C)C4)C(=O)c2c(cc3c(c2O)C(=O)OC(C)C3)C1=O,complete,,ok,True
False,[M+H]+,True,False,False,False,False,False,False,False,False,False,False,False,False,True,Orbitrap,0.0010526972605643947,ok,66,72,66,72,1,6,6,0.19992008962299862,True,VAL-0161,29,66,63,31,True,ok,COC1=C(c2c(OC)cc3cc4c(c(O)c3c2O)C(=O)OC(C)C4)C(=O)c2c(cc3c(c2O)C(=O)OC(C)C3)C1=O,complete,,ok,True
False,[M+H]+,True,False,False,False,False,True,False,False,True,False,False,False,False,True,Orbitrap,0.0,ok,32,36,32,36,20,4,4,1.0253550216807814,True,VAL-0162,13,8,8,14,True,ok,CCCCC(C)C(OC(=O)CC(CC(=O)O)C(=O)O)C(CC(C)CC(O)CCCCCCC(O)C(C)N)OC(=O)CC(CC(=O)O)C(=O)O,complete,,ok,True
False,[M+H]+,True,False,False,False,True,True,True,False,False,False,False,False,False,True,Orbitrap,0.026442538125116433,ok,252,256,252,256,1,4,4,0.6836323328821218,True,VAL-0163,71,1,176,72,True,ok,CCc1nn(C2CCCCC2)c2cc(C3(C#N)CCC(C(=O)O)CC3)ccc12,complete,,ok,True
False,[M+H]+,True,False,False,False,False,False,False,False,False,False,False,False,False,True,Orbitrap,0.013951884544798884,ok,244,256,244,256,1,12,12,0.5255983197155091,True,VAL-0164,91,208,22,95,True,ok,Nc1cc2c3c(c1)C(c1ccccc1)=N[C@@H](NC(=O)c1cccnc1)C(=O)N3CC2,complete,,ok,True
False,[M+H]+,True,False,False,False,False,False,False,False,False,False,False,False,False,True,Orbitrap,0.0,ok,203,256,203,256,1,53,53,0.44605055132567345,True,VAL-0165,45,199,194,56,True,ok,O=c1n(CCO)c(=O)n(CCO)c(=O)n1CCO,complete,,ok,True
False,[M+H]+,True,False,False,False,False,False,False,False,False,False,False,False,False,True,Orbitrap,0.009948252476657204,ok,235,256,235,256,1,21,21,1.041134015890658,True,VAL-0166,228,103,149,248,True,ok,CC#C[C@]1(O)CC[C@H]2[C@@H]3CCC4=CC(=O)CCC4=C3[C@@H](c3ccc(N(C)C)cc3)C[C@@]21C,complete,,ok,True
False,[M+H]+,True,False,False,False,False,False,False,False,False,False,False,False,False,True,Orbitrap,0.009998294438851696,ok,212,256,212,256,1,44,44,0.559846219317692,True,VAL-0167,127,146,209,153,True,ok,C=CCOc1nc(OCC=C)nc(OCC=C)n1,complete,,ok,True
False,[M+H]+,True,False,False,False,False,False,False,False,False,False,False,False,False,True,Orbitrap,0.061875696387555634,ok,251,256,251,256,1,5,5,0.7351837567753577,True,VAL-0168,124,233,179,128,True,ok,Cc1nn(C)c(Oc2ccccc2)c1C=NOCc1ccc(C(=O)OC(C)(C)C)cc1,complete,,ok,True
False,[M+H]+,True,True,True,True,False,True,False,False,True,False,False,True,False,True,Orbitrap,0.0,ok,5,47,5,47,1,42,42,0.7073796023289497,True,VAL-0169,1,5,5,8,True,ok,CCOC(=O)O[C@H](C)OC(=O)c1ccc2c(c1)cc(C(=O)NC1CCN(C(C)C)CC1)n2Cc1cc(-c2ccc(Cl)s2)on1,complete,,ok,True
False,[M+H]+,True,False,True,False,False,True,False,False,True,False,False,True,False,True,Orbitrap,0.005330653922340223,ok,15,16,15,16,1,1,1,0.34009978156954174,True,VAL-0170,8,10,10,8,True,ok,CC1(C)CN=C(NN=C(/C=C/c2ccc(C(F)(F)F)cc2)/C=C/c2ccc(C(F)(F)F)cc2)NC1,complete,,ok,True
False,[M+H]+,True,True,True,True,False,False,False,False,True,False,True,True,True,True,Orbitrap,0.029054544993278975,ok,15,16,15,16,1,1,1,0.7340367623713479,True,VAL-0171,1,11,10,1,True,ok,CC1(C)CN=C(NN=C(C=Cc2ccc(C(F)(F)F)cc2)C=Cc2ccc(C(F)(F)F)cc2)NC1,complete,,ok,True
False,[M+H]+,True,False,False,False,False,False,False,False,False,False,False,False,False,True,Orbitrap,0.0,ok,205,212,205,212,1,7,7,0.9089175226159735,True,VAL-0172,66,110,120,66,True,ok,CC(C)(O)c1cnn2c(-c3ccc(F)c(-c4c(F)cccc4C#N)c3)cnc2n1,complete,,ok,True
False,[M+H]+,True,False,True,False,False,False,False,False,False,False,False,True,False,True,Orbitrap,0.020852252315208708,ok,138,203,138,203,1,65,65,0.4542471823683896,True,VAL-0173,4,91,51,5,True,ok,Cc1cc(SC2=C(O)C[C@@](CCc3ccc(N)cc3)(C(C)C)OC2=O)c(C(C)(C)C)cc1CO,complete,,ok,True
False,[M+H]+,True,False,False,False,False,False,False,False,False,False,False,False,False,True,Orbitrap,0.005573532988042862,ok,242,256,242,256,1,14,14,0.32841173627395503,True,VAL-0174,30,16,15,31,True,ok,Cc1cc2c3c(c1)C(c1ccccc1)=N[C@@H](NC(=O)c1ccncc1)C(=O)N3CC2,complete,,ok,True
False,[M+H]+,True,False,False,False,False,False,False,False,False,False,False,False,False,True,Orbitrap,0.0057665629648558925,ok,248,256,248,256,1,8,8,0.6927965689016009,True,VAL-0175,193,12,84,199,True,ok,c1ccc(C(O[C@@H]2CCCN(CCc3ccc4c(c3)OCO4)C2)c2ccccc2)cc1,complete,,ok,True
False,[M+H]+,True,False,False,False,False,False,False,False,False,False,False,False,False,True,Orbitrap,0.005933897983088077,ok,242,256,242,256,1,14,14,1.058110291957362,True,VAL-0176,177,112,44,187,True,ok,CCCCc1ccc2c(n1)[C@@H](c1ccc(OC)cc1C[C@H](C)C(=O)O)[C@H](C(=O)O)[C@H]2c1ccc2c(c1)OCO2,complete,,ok,True
False,[M+H]+,True,False,False,False,False,False,False,False,False,False,False,False,False,True,Orbitrap,0.014601387277532463,ok,243,256,243,256,1,13,13,0.2099069435591685,True,VAL-0177,38,59,119,42,True,ok,CCCCN1C(=O)[C@@H]([C@H](O)C2CCCCC2)NC(=O)C12CCN(Cc1ccc(Oc3ccc(C(=O)O)cc3)cc1)CC2,complete,,ok,True
False,[M+H]+,True,False,True,True,False,False,False,False,False,False,False,False,False,True,Orbitrap,0.005253128625073655,ok,14,69,14,69,1,55,55,0.676371948478197,True,VAL-0178,3,14,13,12,True,ok,COc1cc(OC)nc(Oc2cccc(Oc3nc(OC)cc(OC)n3)c2C(=O)O)n1,complete,,ok,True
False,[M+H]+,True,False,False,False,False,False,False,False,False,False,False,False,False,True,Orbitrap,0.012045460675347064,ok,234,256,234,256,1,22,22,0.7960390118774501,True,VAL-0179,95,21,20,105,True,ok,CCOc1ccc2[nH]cc(C(=O)NCc3ccccc3)c(=O)c2n1,complete,,ok,True
False,[M+H]+,True,False,False,False,False,False,False,False,False,False,False,False,False,True,Orbitrap,0.0034447773280397165,ok,65,71,65,71,1,6,6,0.8282096625824857,True,VAL-0180,48,34,50,51,True,ok,CCN(Cc1cccnc1)C(=O)c1cccc(Cl)c1[C@]1(C)C(=O)N(Cc2ccc(OC)cc2OC)c2ccc(Cl)cc21,complete,,ok,True
False,[M+H]+,True,False,False,False,False,False,False,False,False,False,False,False,False,True,QTOF,0.0026043344508204225,ok,255,256,255,256,7,1,1,0.6239572130453714,True,VAL-0181,218,203,160,218,True,ok,C[C@@H]1O[C@@H](O[C@H]2[C@H](O[C@H]3[C@H](O[C@H]4CC[C@@]5(C)[C@@H](CC[C@]6(C)[C@@H]5CC=C5[C@@H]7CC(C)(C)C[C@@H](O)[C@]7(C)CC[C@]56C)[C@@]4(C)CO)O[C@H](C(=O)O)[C@@H](O)[C@@H]3O)O[C@H](CO)[C@H](O)[C@@H]2O)[C@H](O)[C@H](O)[C@H]1O,complete,,ok,True
False,[M+H]+,True,False,False,False,False,False,False,False,False,False,False,False,False,True,QTOF,0.016705612667076264,ok,205,211,205,211,1,6,6,0.9943185879470297,True,VAL-0182,123,15,117,126,True,ok,CC(C)=C1OC(=O)N(c2cc(OC3CCCC3)c(Cl)cc2F)C1=O,complete,,ok,True
False,[M+H]+,True,False,False,False,False,False,False,False,False,False,False,False,False,True,QTOF,0.0,ok,254,256,254,256,1,2,2,0.518647565437691,True,VAL-0183,85,174,146,87,True,ok,O=C(OCCO)c1ccc(C(=O)OCCOC(=O)c2ccc(C(=O)OCCO)cc2)cc1,complete,,ok,True
False,[M+H]+,True,True,True,True,True,True,True,True,True,True,True,True,True,True,Orbitrap,,no_finite_scores,0,4,0,4,,4,4,0.923064159735509,False,VAL-0184,1,1,1,1,False,predictor_unavailable,Cc1cc2nc3c(=O)[nH]c(=O)nc-3n(C[C@H](O)[C@H](O)[C@H](O)COP(=O)(O)OP(=O)(O)OC[C@H]3O[C@@H](n4cnc5c(N)ncnc54)[C@H](O)[C@@H]3O)c2cc1C,complete,unsupported_element:P,unsupported,False
False,[M+H]+,True,False,False,False,False,False,False,False,False,False,False,False,False,True,Orbitrap,0.036127908158644195,ok,160,176,160,176,3,16,16,0.40261607820735396,True,VAL-0185,55,23,56,61,True,ok,COC(=O)C[C@](O)(CCCC(C)(C)O)C(=O)O[C@@H]1C(OC)=C[C@]23CCCN2CCc2cc4c(cc2[C@H]13)OCO4,complete,,ok,True
False,[M+H]+,True,False,False,False,False,False,False,False,False,False,False,False,False,True,QTOF,0.009863038580247063,ok,103,105,103,105,1,2,2,0.5034498176426759,True,VAL-0186,62,76,96,64,True,ok,CC1C(=O)OC2C(O)C34C5OC(=O)C3(OC3OC(=O)C(O)C34C(C(C)(C)C)C5O)C12O,complete,,ok,True
False,[M+H]+,True,False,False,False,False,True,True,False,False,False,False,False,False,True,QTOF,0.03405250187603459,ok,25,27,25,27,1,2,2,0.4120205601236878,True,VAL-0187,17,2,12,17,True,ok,CCC(C)C(=O)OC1C(O)C2C(CN3CC(C)CCC3C2(C)O)C2CC34OC5(O)C(OC(=O)C(C)(O)C(C)O)CCC3(C)C5CC(O)C4C21O,complete,,ok,True
False,[M+H]+,True,False,False,False,False,False,False,False,False,False,False,False,False,True,QTOF,0.0007592804531519892,ok,222,256,222,256,1,34,34,0.5945617994665828,True,VAL-0188,71,203,197,81,True,ok,CCN1C[C@@]2(COC)CC[C@H](O)[C@@]34C5C[C@H]6C(O)C5[C@](O)(C[C@@H]6OC)C(CC23)C14,complete,,ok,True
False,[M+H]+,True,False,False,False,False,False,False,False,False,False,False,False,False,True,QTOF,0.0012398953589279893,ok,242,256,242,256,1,14,14,0.5540159724824091,True,VAL-0189,99,88,210,105,True,ok,C[C@@H]1C(=O)O[C@H]2[C@H](O)[C@@]34[C@H]5C[C@@H](C(C)(C)C)[C@]36[C@@H](OC(=O)[C@@H]6O)O[C@@]4(C(=O)O5)[C@@]12O,complete,,ok,True
False,[M+H]+,True,False,False,False,False,False,False,False,False,False,False,False,False,True,QTOF,0.0,ok,107,108,107,108,12,1,1,0.0798290305495013,True,VAL-0190,100,22,102,101,True,ok,C[C@H]1CC[C@@H]2[C@@H](C)[C@H]3[C@H](C[C@H]4[C@@H]5CC=C6C[C@@H](O[C@@H]7O[C@H](CO)[C@H](O)[C@H](O[C@@H]8O[C@H](CO)[C@@H](O)[C@H](O)[C@H]8O)[C@H]7O[C@@H]7O[C@@H](C)[C@H](O)[C@@H](O)[C@H]7O)CC[C@]6(C)[C@H]5CC[C@]34C)N2C1,complete,,ok,True
False,[M+H]+,True,False,False,False,False,True,False,False,True,False,False,False,False,True,QTOF,0.0,ok,18,18,18,18,1,0,0,0.473110562451019,True,VAL-0191,13,9,8,13,True,ok,CCC(C)C(=O)OC1C(O)C2C(CN3CC(C)CCC3C2(C)O)C2CC34OC5(O)C(OC(=O)C(C)(O)C(C)OC(C)=O)CCC3(C)C5CC(O)C4C21O,complete,,ok,True
False,[M+H]+,True,False,False,False,False,False,False,False,False,False,False,False,False,True,QTOF,0.023919433882008567,ok,58,58,58,58,8,0,0,0.06081124621922643,True,VAL-0192,45,15,17,45,True,ok,C[C@H]1CC[C@@H]2[C@@H](C)[C@H]3[C@H](C[C@H]4[C@@H]5CC=C6C[C@@H](O[C@@H]7O[C@H](CO)[C@H](O[C@@H]8O[C@@H](C)[C@H](O)[C@@H](O)[C@H]8O)[C@H](O)[C@@H]7O[C@@H]7O[C@@H](C)[C@@H](O)[C@@H](O)[C@H]7O)CC[C@]6(C)[C@H]5CC[C@]34C)N2C1,complete,,ok,True
False,[M+H]+,True,False,False,False,False,False,False,False,False,False,False,False,False,True,QTOF,0.0,ok,181,181,181,181,5,0,0,0.48747405205490196,True,VAL-0193,109,11,130,109,True,ok,CC1OC(OC2C(COC3OC(CO)C(O)C(O)C3O)OC(OC3CCC4(C)C(CCC5(C)C4C=CC4=C6CC(C)(C)CCC6(CO)C(O)CC45C)C3(C)C)C(O)C2O)C(O)C(O)C1O,complete,,ok,True
False,[M+H]+,True,False,False,False,False,False,False,False,False,False,False,False,False,True,QTOF,0.02710723503739465,ok,135,135,135,135,1,0,0,0.231720225366386,True,VAL-0194,45,121,116,45,True,ok,C[C@H]1[C@H](C)CC[C@]2(C(=O)O[C@@H]3O[C@H](CO[C@@H]4O[C@H](CO)[C@@H](O[C@@H]5O[C@@H](C)[C@H](O)[C@@H](O)[C@H]5O)[C@H](O)[C@H]4O)[C@@H](O)[C@H](O)[C@H]3O)CC[C@@]3(C)C(=CC[C@@H]4[C@@]5(C)C[C@@H](O)[C@H](O)[C@@](C)(CO)[C@@H]5[C@H](O)C[C@]43C)[C@H]12,complete,,ok,True
False,[M+H]+,True,False,False,False,False,False,False,False,False,False,False,False,False,True,QTOF,0.0,ok,256,256,256,256,1,0,0,0.38837832615093276,True,VAL-0195,11,188,160,11,True,ok,CC1(C)CC(=O)C2(C)CCC3(C)C(=CCC4C5(C)CCC(OC6OC(C(=O)O)C(O)C(O)C6OC6OC(CO)C(O)C(O)C6OC6OC(CO)C(O)C(O)C6O)C(C)(CO)C5CCC43C)C2C1,complete,,ok,True
False,[M+H]+,True,False,False,False,False,False,False,False,False,False,False,False,False,True,QTOF,0.0,ok,256,256,256,256,1,0,0,0.5212055475820405,True,VAL-0196,168,223,168,168,True,ok,CC1CCC2(C(=O)OC3OC(COC4OC(CO)C(OC5OC(C)C(O)C(O)C5O)C(O)C4O)C(O)C(O)C3O)CCC3(C)C(=CCC4C5(C)CC(O)C(O)C(C)(CO)C5CCC43C)C2C1C,complete,,ok,True
False,[M+H]+,True,False,False,False,False,False,False,False,False,False,False,False,False,True,QTOF,0.006431936866062027,ok,255,256,255,256,29,1,1,0.626554841961266,True,VAL-0197,177,110,61,178,True,ok,CC1(C)CC[C@]2(C(=O)O[C@@H]3O[C@H](CO)[C@@H](O)[C@H](O)[C@H]3O)CC[C@]3(C)C(=CC[C@@H]4[C@@]5(C)CC[C@H](O[C@@H]6O[C@H](C(=O)O)[C@@H](O)[C@H](O)[C@H]6O[C@@H]6O[C@H](CO)[C@@H](O)[C@H](O)[C@H]6O)C(C)(C)[C@@H]5CC[C@]43C)[C@@H]2C1,complete,,ok,True
False,[M+H]+,True,False,False,False,False,False,False,False,False,False,False,False,False,True,QTOF,0.030257623198258532,ok,86,92,86,92,1,6,6,0.07745939963580664,True,VAL-0198,86,68,67,92,True,ok,COC(=O)C1=C2Nc3ccccc3C23CCN2C4OC56C7CC4(CN5c4c(OC)cccc4C64CCN5CCC6OCCC6(C7)C54)C4OCCC4(C1)C23,complete,,ok,True
False,[M+H]+,True,False,False,False,False,False,False,False,False,False,False,False,False,True,QTOF,0.0,ok,221,233,221,233,1,12,12,0.6317848172520071,True,VAL-0199,97,199,196,100,True,ok,CCN1C[C@]2(CO)CC[C@H](OC)[C@]34C1[C@](O)([C@@H](OC)[C@H]23)[C@@]1(O)C[C@H](OC)[C@H]2C[C@@H]4[C@@H]1[C@H]2OC,complete,,ok,True
