adduct,collision_energy,hit_massresid_top1,hit_massresid_top10,hit_massresid_top3,hit_spectral_top1,hit_spectral_top10,hit_spectral_top3,hit_uniform_top1,hit_uniform_top10,hit_uniform_top3,in_pool,instrument,n_pool,n_query_dropped_peaks,n_ref,n_supplied,n_unparseable_mass,predicted,qid,rank_massresid,rank_spectral,rank_uniform,smiles,status,target_has_ref
[M+Na]+,40.0,False,True,True,False,True,True,False,True,True,True,Orbitrap,10,0,0,10,1,False,VAL-0000,3,3,3,CC(C)C[C@H]1C(=O)O[C@H](C(C)C)C(=O)N(C)[C@@H](CC(C)C)C(=O)O[C@H](C(C)C)C(=O)N(C)[C@@H](CC(C)C)C(=O)O[C@H](C(C)C)C(=O)N(C)[C@@H](CC(C)C)C(=O)O[C@H](C(C)C)C(=O)N1C,complete,False
[M+H]+,20.0,False,False,False,False,False,False,False,False,False,True,Orbitrap,256,0,0,256,17,False,VAL-0001,161,174,174,CC(C)C[C@H]1C(=O)N2CCC[C@H]2[C@]2(O)O[C@](NC(=O)[C@@H]3C=C4c5cccc6[nH]cc(c56)C[C@H]4N(C)C3)(C(C)C)C(=O)N12,complete,False
[M+H]+,30.0,False,False,False,False,False,False,False,False,False,True,Orbitrap,36,0,0,36,4,False,VAL-0002,27,30,30,CCCC[C@@H](C)[C@@H](OC(=O)CC(CC(=O)O)C(=O)O)[C@H](C[C@@H](C)C[C@H](O)CCCCCC[C@H](O)[C@@H](C)N)OC(=O)CC(CC(=O)O)C(=O)O,complete,False
[M+H]+,35.0,False,False,False,False,False,False,False,False,False,True,Orbitrap,32,0,0,32,3,False,VAL-0003,12,12,12,CCCC[C@@H](C)[C@@H](OC(=O)C[C@@H](CC(=O)O)C(=O)O)[C@H](C[C@@H](C)CCCCCC[C@@H](O)C[C@H](O)[C@H](C)N)OC(=O)C[C@@H](CC(=O)O)C(=O)O,complete,False
[M+H]+,,False,False,False,False,False,False,False,False,False,True,Orbitrap,32,0,0,32,3,False,VAL-0004,24,27,27,CCCCC(C)C(OC(=O)CC(CC(=O)O)C(=O)O)C(CC(C)CCCCCCC(O)CC(O)C(C)N)OC(=O)CC(CC(=O)O)C(=O)O,complete,False
[M+Na]+,20.0,False,False,False,False,False,False,False,False,False,True,Orbitrap,256,0,0,256,21,False,VAL-0005,131,141,141,CC(C)[C@H]1C(=O)N2CCC[C@H]2[C@]2(O)O[C@](NC(=O)[C@@H]3C=C4c5cccc6[nH]cc(c56)C[C@H]4N(C)C3)(C(C)C)C(=O)N12,complete,False
[M+H]+,20.0,False,False,False,False,False,False,False,False,False,True,Orbitrap,256,0,0,256,31,False,VAL-0006,95,106,106,COc1ccc2c3c4n(c2c1)[C@@H](C=C(C)C)OOC(C)(C)C[C@@H]4N1C(=O)[C@@H]2CCCN2C(=O)[C@]1(O)[C@H]3O,complete,False
[M+H]+,10.0,False,True,False,False,True,False,False,True,False,True,Orbitrap,16,0,0,16,4,False,VAL-0007,6,9,9,CC(C)C[C@H]1NC(=O)[C@H](C(C)C)NC(=O)[C@H]2CSSC[C@@H](NC(=O)[C@H](C(C)C)NC1=O)C(=O)N2,complete,False
[M+H]+,40.0,False,False,False,False,False,False,False,False,False,True,Orbitrap,256,0,0,256,25,False,VAL-0008,141,151,151,CC(C)[C@H]1C(=O)N2CCC[C@H]2[C@]2(O)O[C@@](C)(NC(=O)[C@@H]3C=C4c5cccc6[nH]cc(c56)C[C@H]4N(C)C3)C(=O)N12,complete,False
[M+H]+,55.0,False,False,False,False,False,False,False,False,False,True,Orbitrap,256,0,0,256,16,False,VAL-0009,209,224,224,CC(C)[C@@]1(NC(=O)[C@H]2C=C3c4cccc5[nH]cc(c45)C[C@H]3N(C)C2)O[C@@]2(O)[C@@H]3CCCN3C(=O)[C@H](Cc3ccccc3)N2C1=O,complete,False
[M+H]+,40.0,False,False,False,False,False,False,False,False,False,True,Orbitrap,256,0,0,256,18,False,VAL-0010,143,158,158,CC(C)[C@@]1(NC(=O)[C@@H]2C=C3c4cccc5[nH]cc(c45)C[C@H]3N(C)C2)O[C@@]2(O)[C@@H]3CCCN3C(=O)[C@H](Cc3ccccc3)N2C1=O,complete,False
[M+H]+,55.0,False,False,False,False,False,False,False,False,False,True,Orbitrap,256,0,1,256,11,True,VAL-0011,56,58,57,Cc1cc(O)c2c3c(c(O)c4c(c13)O[C@@H](C)C4(C)C)C(=O)C(=O)O2,complete,False
[M+H]+,30.0,False,True,True,False,True,True,False,True,True,True,Orbitrap,20,0,0,20,0,False,VAL-0012,3,3,3,CCCC[C@@H](C)[C@@H](OC(=O)C[C@@H](CC(=O)O)C(=O)O)[C@H](C[C@@H](C)C[C@H](O)CCCC[C@@H](O)C[C@H](O)[C@H](C)N)OC(=O)C[C@@H](CC(=O)O)C(=O)O,complete,False
[M+H]+,40.0,True,True,True,True,True,True,True,True,True,True,Orbitrap,12,0,0,12,0,False,VAL-0013,1,1,1,CCCC[C@@H](C)[C@@H](OC(=O)C[C@@H](CC(=O)O)C(=O)O)[C@H](C[C@@H](C)CCCCCCCC[C@H](O)[C@H](C)N)OC(=O)C[C@@H](CC(=O)O)C(=O)O,complete,False
[M+H]+,30.0,False,False,False,False,False,False,False,False,False,True,Orbitrap,256,0,0,256,26,False,VAL-0014,49,51,51,CN1C[C@H](C(=O)N[C@]2(C)O[C@@]3(O)[C@@H]4CCCN4C(=O)[C@H](Cc4ccccc4)N3C2=O)C=C2c3cccc4[nH]cc(c34)C[C@H]21,complete,False
[M+H]+,30.0,False,False,False,False,False,False,False,False,False,True,Orbitrap,256,0,0,256,12,False,VAL-0015,178,186,186,CC(C)[C@H](NC(=O)[C@@H]1C=C2c3cccc4[nH]cc(c34)C[C@H]2N(C)C1)C(=O)N1C(=O)[C@H]2CCCN2C(=O)[C@@H]1Cc1ccccc1,complete,False
[M+H]+,10.0,False,False,False,False,False,False,False,False,False,True,Orbitrap,256,0,0,256,8,False,VAL-0016,27,28,28,CC(=O)C1=C(O)[C@@H]2[C@H]3c4c[nH]c5cccc(c45)C[C@H]3C(C)(C)N2C1=O,complete,False
[M+Na]+,20.0,False,False,False,False,False,False,False,False,False,True,Orbitrap,256,0,0,256,20,False,VAL-0017,127,136,136,CC(C)C[C@H]1C(=O)N2CCC[C@H]2[C@]2(O)O[C@](NC(=O)[C@H]3C=C4c5cccc6[nH]cc(c56)C[C@H]4N(C)C3)(C(C)C)C(=O)N12,complete,False
[M+H]+,50.0,False,False,False,False,False,False,False,False,False,True,Orbitrap,256,0,1,256,14,True,VAL-0018,169,179,179,C=C(C)[C@H]1CC[C@]2(C)C[C@@H]3[C@H](C)CC(=O)[C@]3(O)/C(C=O)=C\C[C@@H]12,complete,False
[M+H]+,10.0,False,False,False,False,False,False,False,False,False,True,Orbitrap,256,0,0,256,25,False,VAL-0019,228,253,253,CC(C)C[C@H]1C(=O)N2CCC[C@H]2[C@]2(O)O[C@@](C)(NC(=O)[C@@H]3C=C4c5cccc6[nH]cc(c56)C[C@H]4N(C)C3)C(=O)N12,complete,False
[M+H]+,20.0,False,False,False,False,False,False,False,False,False,True,QTOF,256,0,0,256,51,False,VAL-0020,129,162,162,COC(=O)N(OC)c1ccccc1COc1ccn(-c2ccc(Cl)cc2)n1,complete,False
[M+H]+,20.0,False,False,False,False,True,False,False,True,False,True,QTOF,30,0,0,30,18,False,VAL-0021,14,4,4,COc1cc(OC)n2nc(S(=O)(=O)Nc3c(Cl)ccc(C)c3Cl)nc2n1,complete,False
[M+Na]+,10.0,False,False,False,False,False,False,False,False,False,True,QTOF,256,0,0,256,1,False,VAL-0022,205,206,206,CCCCCCCCCCCCCC(=O)OCC(COC(=O)CCCCCCCCCCCCC)OC(=O)CCCCCCCCCCCCC,complete,False
[M+Na]+,40.0,False,False,False,False,False,False,False,False,False,True,QTOF,256,0,0,256,0,False,VAL-0023,208,208,208,CCCCCCCCCCCCCCCC(=O)OCC(COC(=O)CCCCCCCCCCCCCCC)OC(=O)CCCCCCCCCCCCCCC,complete,False
[M+H]+,20.0,False,True,False,False,True,False,False,True,False,True,QTOF,7,0,0,7,7,False,VAL-0024,6,6,6,CC(C)(c1ccc(OP(=O)(Oc2ccccc2)Oc2ccccc2)cc1)c1ccc(OP(=O)(Oc2ccccc2)Oc2ccccc2)cc1,complete,False
[M+H]+,20.0,False,False,False,False,False,False,False,False,False,True,QTOF,157,0,0,157,31,False,VAL-0025,51,59,59,C=C(C)C(=O)OCCOC(=O)NCCC(C)CC(C)(C)CNC(=O)OCCOC(=O)C(=C)C,complete,False
[M+H]+,40.0,True,True,True,True,True,True,True,True,True,True,QTOF,27,0,0,27,0,False,VAL-0026,1,1,1,CC[C@H]1OC(=O)C[C@@H](O)[C@H](C)[C@@H](O[C@@H]2O[C@H](C)[C@@H](O[C@H]3C[C@@](C)(O)[C@@H](O)[C@H](C)O3)[C@H](N(C)C)[C@H]2O)[C@@H](CC=O)C[C@@H](C)C(=O)/C=C/C(C)=C/[C@@H]1CO[C@@H]1O[C@H](C)[C@@H](O)[C@@H](OC)[C@H]1OC,complete,False
[M+H]+,137.47896,False,False,False,False,False,False,False,False,False,True,Orbitrap,27,0,0,27,0,False,VAL-0027,13,13,13,CCC1OC(=O)CC(O)C(C)C(OC2OC(C)C(OC3CC(C)(O)C(O)C(C)O3)C(N(C)C)C2O)C(CC=O)CC(C)C(=O)C=CC(C)=CC1COC1OC(C)C(O)C(OC)C1OC,complete,False
[M+H]+,30.0,False,False,False,False,False,False,False,False,False,True,QTOF,256,0,0,256,15,False,VAL-0028,85,90,90,C#CCN1C(=O)COc2cc(F)c(N3C(=O)C4=C(CCCC4)C3=O)cc21,complete,False
[M+H]+,40.0,False,True,False,False,True,False,False,True,False,True,QTOF,16,0,0,16,0,False,VAL-0029,9,9,9,N#Cc1nn(-c2c(Cl)cc(C(F)(F)F)cc2Cl)c(N)c1SC(F)(F)F,complete,False
[M+H]+,20.0,False,False,False,False,False,False,False,False,False,True,QTOF,256,0,0,256,190,False,VAL-0030,204,181,181,COc1ccccc1Oc1c(NS(=O)(=O)c2ccc(C(C)(C)C)cc2)nc(-c2ncccn2)nc1OCCO,complete,False
[M+H]+,40.0,False,True,False,False,True,False,False,True,False,True,QTOF,42,0,0,42,42,False,VAL-0031,8,8,8,CCC(=O)OC(OP(=O)(CCCCc1ccccc1)CC(=O)N1C[C@H](C2CCCCC2)C[C@H]1C(=O)O)C(C)C,complete,False
[M+H]+,50.0,False,False,False,False,False,False,False,False,False,True,QTOF,256,0,0,256,13,False,VAL-0032,207,217,217,CC(C)n1c(/C=C/[C@@H](O)C[C@@H](O)CC(=O)O)c(-c2ccc(F)cc2)c2ccccc21,complete,False
[M+H]+,50.0,False,True,False,False,True,False,False,True,False,True,QTOF,51,0,0,51,20,False,VAL-0033,4,7,7,C=C[C@]1(C)C[C@@H](OC(=O)CSCCN(CC)CC)[C@]2(C)[C@H](C)CC[C@]3(CCC(=O)[C@H]32)[C@@H](C)[C@@H]1O,complete,False
[M+H]+,40.0,False,False,False,False,False,False,False,False,False,True,QTOF,256,0,0,256,223,False,VAL-0034,201,191,191,CN/C(=C\[N+](=O)[O-])NCCS(=O)Cc1ccc(CN(C)C)o1,complete,False
[M+H]+,30.0,False,False,False,False,False,False,False,False,False,True,QTOF,20,0,0,20,0,False,VAL-0035,13,13,13,CCCCC(C)C(OC(=O)CC(CC(=O)O)C(=O)O)C(CC(C)CC(O)CCCCC(O)CC(O)C(C)N)OC(=O)CC(CC(=O)O)C(=O)O,complete,False
[M+H]+,50.0,False,False,False,False,False,False,False,False,False,True,QTOF,256,0,0,256,17,False,VAL-0036,236,252,252,CO[C@]12CC[C@@]3(C[C@@H]1[C@](C)(O)C(C)(C)C)[C@H]1Cc4ccc(O)c5c4[C@@]3(CCN1)[C@H]2O5,complete,False
[M+H]+,20.0,False,False,False,False,False,False,False,False,False,True,QTOF,256,0,0,256,8,False,VAL-0037,53,54,54,CC(COc1ccc(Oc2ccccc2)cc1)Oc1ccccn1,complete,False
[M+H]+,30.0,False,False,False,False,False,False,False,False,False,True,QTOF,256,0,0,256,27,False,VAL-0038,47,53,53,CN1CCCC(n2nc(Cc3ccc(Cl)cc3)c3ccccc3c2=O)CC1,complete,False
[M+H]+,31.75,False,False,False,False,False,False,False,False,False,True,QTOF,256,0,0,256,195,False,VAL-0039,237,232,232,CCC1=C(C)CN(C(=O)NCCc2ccc(S(=O)(=O)NC(=O)NC3CCC(C)CC3)cc2)C1=O,complete,False
[M+H]+,32.8,False,False,False,False,False,False,False,False,False,True,QTOF,217,0,0,217,15,False,VAL-0040,189,203,203,CC(=O)N1CCN(c2ccc(OC[C@H]3CO[C@](Cn4ccnc4)(c4ccc(Cl)cc4Cl)O3)cc2)CC1,complete,False
[M+H]+,40.0,False,False,False,False,False,False,False,False,False,True,QTOF,256,0,0,256,6,False,VAL-0041,97,97,97,CC(C)(C#N)c1cc(Cn2cncn2)cc(C(C)(C)C#N)c1,complete,False
[M+H]+,20.0,False,False,False,False,False,False,False,False,False,True,QTOF,59,0,0,59,28,False,VAL-0042,19,35,35,CCC[C@@H]1C[C@@H](C(=O)N[C@@H]([C@H]2O[C@H](SC)[C@H](O)[C@@H](O)[C@H]2O)[C@@H](C)O)N(C)C1,complete,False
[M+H]+,,False,False,False,False,False,False,False,False,False,True,Orbitrap,59,0,0,59,28,False,VAL-0043,11,17,17,CCCC1CC(C(=O)NC(C(C)O)C2OC(SC)C(O)C(O)C2O)N(C)C1,complete,False
[M+H]+,50.0,False,False,False,False,False,False,False,False,False,True,QTOF,256,0,0,256,198,False,VAL-0044,91,43,43,CN/C(=C\[N+](=O)[O-])NCCSCc1ccc(CN(C)C)o1,complete,False
[M+H]+,30.0,False,False,False,False,False,False,False,False,False,True,QTOF,256,0,0,256,215,False,VAL-0045,191,175,175,CN/C(=C\[N+](=O)[O-])NCCSCc1ccc(C[N+](C)(C)[O-])o1,complete,False
[M+H]+,28.9,False,False,False,False,False,False,False,False,False,True,QTOF,87,0,0,87,2,False,VAL-0046,85,86,86,O=C(Nc1ccc(F)cc1)c1cccc(Oc2cccc(C(F)(F)F)c2)n1,complete,False
[M+H]+,30.0,False,False,False,False,False,False,False,False,False,True,QTOF,76,0,0,76,38,False,VAL-0047,38,75,75,CC(C)N(C(=O)COc1nnc(C(F)(F)F)s1)c1ccc(F)cc1,complete,False
[M+H]+,24.25,False,False,False,False,False,False,False,False,False,True,QTOF,101,0,0,101,81,False,VAL-0048,90,85,85,O=C1CN(/N=C\c2ccc([N+](=O)[O-])o2)C(=O)N1,complete,False
[M+H]+,40.0,False,False,False,False,False,False,False,False,False,True,QTOF,30,0,0,30,24,False,VAL-0049,17,13,13,COC(=O)c1sccc1S(=O)(=O)NC(=O)Nc1nc(C)nc(OC)n1,complete,False
[M+H]+,40.0,False,False,False,False,False,False,False,False,False,True,QTOF,256,0,0,256,10,False,VAL-0050,35,37,37,O=C1Cc2cc(CCN3CCN(c4nsc5ccccc45)CC3)c(Cl)cc2N1,complete,False
[M+H]+,50.0,False,False,False,False,False,False,False,False,False,True,QTOF,76,0,0,76,65,False,VAL-0051,74,74,74,CC(O)(CS(=O)(=O)c1ccc(F)cc1)C(=O)Nc1ccc(C#N)c(C(F)(F)F)c1,complete,False
[M+H]+,40.0,False,False,False,False,False,False,False,False,False,True,QTOF,256,0,0,256,13,False,VAL-0052,164,171,171,CCc1nn(C)c(C(=O)NCc2ccc(Oc3ccc(C)cc3)cc2)c1Cl,complete,False
[M+H]+,40.0,False,False,False,False,False,False,False,False,False,True,QTOF,83,0,0,83,0,False,VAL-0053,58,58,58,OC(Cn1cncn1)(Cn1cncn1)c1ccc(F)cc1F,complete,False
[M+H]+,10.0,False,False,False,False,False,False,False,False,False,True,QTOF,70,0,0,70,4,False,VAL-0054,55,57,57,O=C(Nc1ccc(F)cc1F)c1cccnc1Oc1cccc(C(F)(F)F)c1,complete,False
[M+H]+,40.0,False,False,False,False,False,False,False,False,False,True,QTOF,256,0,0,256,79,False,VAL-0055,18,30,30,CCc1ccc(CCOc2ccc(CC3SC(=O)NC3=O)cc2)nc1,complete,False
[M+H]+,28.85,False,False,False,False,False,False,False,False,False,True,QTOF,256,0,0,256,16,False,VAL-0056,45,47,47,CC(C)(C)NC(=O)[C@H]1CC[C@H]2[C@@H]3CC[C@H]4NC(=O)C=C[C@]4(C)[C@H]3CC[C@]12C,complete,False
[M+H]+,40.0,True,True,True,True,True,True,True,True,True,True,QTOF,10,0,0,10,10,False,VAL-0057,1,1,1,COc1cc(OC)nc(NC(=O)NS(=O)(=O)N(C)S(C)(=O)=O)n1,complete,False
[M+H]+,30.0,False,False,False,False,False,False,False,False,False,True,QTOF,256,0,0,256,6,False,VAL-0058,34,35,35,O=C(Nc1cccc(C2=NCCN2)c1)Nc1cccc(C2=NCCN2)c1,complete,False
[M+H]+,20.0,False,False,False,False,False,False,False,False,False,True,QTOF,75,0,0,75,56,False,VAL-0059,29,14,14,COc1nc(C)nc(NC(=O)NS(=O)(=O)c2ccccc2CCC(F)(F)F)n1,complete,False
[M+H]+,27.4,False,False,False,False,True,True,False,True,True,True,QTOF,256,0,0,256,195,False,VAL-0060,62,2,2,CNC(=C[N+](=O)[O-])NCCSCc1ccc(CN(C)C)o1,complete,False
[M+H]+,10.0,True,True,True,False,True,False,False,True,False,True,QTOF,256,0,0,256,216,False,VAL-0061,1,8,8,CC(C)(C)NCC(O)COc1nsnc1N1CCOCC1,complete,False
[M+H]+,70.0,False,False,False,False,False,False,False,False,False,True,QTOF,22,0,0,22,0,False,VAL-0062,17,17,17,CCCC1CC(C(=O)NC(C(C)Cl)C2OC(SC)C(O)C(O)C2O)N(C)C1,complete,False
[M+H]+,20.0,False,False,False,False,False,False,False,False,False,True,QTOF,148,0,0,148,132,False,VAL-0063,65,52,52,COC(=O)c1ccccc1S(=O)(=O)NC(=O)Nc1nc(C)nc(OC)n1,complete,False
[M+H]+,50.0,False,False,False,False,False,False,False,False,False,True,QTOF,31,0,0,31,11,False,VAL-0064,11,16,16,NC(=NCCCCCCN=C(N)N=C(N)Nc1ccc(Cl)cc1)N=C(N)Nc1ccc(Cl)cc1,complete,False
[M+H]+,30.0,False,False,False,False,False,False,False,False,False,True,QTOF,207,0,0,207,2,False,VAL-0065,45,45,45,Cn1cc(C(=O)Nc2ccccc2-c2cc(F)c(F)c(F)c2)c(C(F)F)n1,complete,False
[M+H]+,130.0,False,False,False,False,False,False,False,False,False,True,QTOF,256,0,0,256,15,False,VAL-0066,247,117,117,CC(c1nc[n+]([O-])cc1F)C(O)(Cn1cncn1)c1ccc(F)cc1F,complete,False
[M+H]+,20.0,False,False,False,False,False,False,False,False,False,True,QTOF,44,0,0,44,27,False,VAL-0067,35,33,33,Cn1cnc([N+](=O)[O-])c1Sc1ncnc2nc[nH]c12,complete,False
[M+H]+,20.0,False,False,False,False,False,False,False,False,False,True,QTOF,26,0,0,26,23,False,VAL-0068,17,15,15,N#Cc1nn(-c2c(Cl)cc(C(F)(F)F)cc2Cl)c(N)c1S(=O)C(F)(F)F,complete,False
[M+H]+,130.0,False,False,False,False,False,False,False,False,False,True,QTOF,152,0,0,152,6,False,VAL-0069,63,66,66,COc1cccc2c1C(=O)c1c(O)c3c(c(O)c1C2=O)C[C@@](O)(C(=O)CO)C[C@@H]3O[C@H]1C[C@H](N)[C@H](O)[C@H](C)O1,complete,False
[M+H]+,50.0,False,False,False,False,False,False,False,False,False,True,QTOF,217,0,0,217,15,False,VAL-0070,197,211,211,CC(=O)N1CCN(c2ccc(OCC3COC(Cn4ccnc4)(c4ccc(Cl)cc4Cl)O3)cc2)CC1,complete,False
[M+H]+,60.0,False,False,False,False,False,False,False,False,False,True,QTOF,256,0,0,256,219,False,VAL-0071,133,110,110,CNC(=C[N+](=O)[O-])NCCS(=O)Cc1ccc(CN(C)C)o1,complete,False
[M+H]+,100.0,False,False,False,False,False,False,False,False,False,True,QTOF,190,0,0,190,1,False,VAL-0072,88,89,89,Cn1cc(C(=O)Nc2ccc(F)cc2-c2ccc(Cl)c(Cl)c2)c(C(F)F)n1,complete,False
[M+H]+,90.0,False,True,False,False,True,False,False,True,False,True,QTOF,51,0,0,51,20,False,VAL-0073,6,7,7,C=CC1(C)CC(OC(=O)CSCCN(CC)CC)C2(C)C(C)CCC3(CCC(=O)C32)C(C)C1O,complete,False
[M+H]+,110.0,False,False,False,False,True,False,False,True,False,True,QTOF,15,0,0,15,3,False,VAL-0074,15,9,9,CCCC1C[C@H](C(=O)NC(C(C)Cl)C2O[C@H](S(C)=O)C(O)[C@H](O)[C@H]2O)N(C)C1,complete,False
[M+H]+,50.0,False,False,False,False,False,False,False,False,False,True,QTOF,78,0,0,78,12,False,VAL-0075,61,72,72,CC1(C)CC(N(C=O)CCCCCCN(C=O)C2CC(C)(C)NC(C)(C)C2)CC(C)(C)N1,complete,False
[M+H]+,80.0,False,True,False,False,False,False,False,False,False,True,QTOF,81,0,0,81,23,False,VAL-0076,9,11,11,Cc1nc(Nc2ncc(C(=O)Nc3c(C)cccc3Cl)s2)cc(N2CCN(CCO)CC2)n1,complete,False
[M+H]+,50.0,False,False,False,False,True,True,False,True,True,True,QTOF,256,0,0,256,195,False,VAL-0077,63,3,3,CNCc1ccc(CSCCNC(=C[N+](=O)[O-])NC)o1,complete,False
[M+Na]+,40.0,False,True,False,False,True,False,False,True,False,True,QTOF,76,0,0,76,2,False,VAL-0078,8,8,8,CC[C@@]1([C@@H]2O[C@@H]([C@H]3O[C@@](O)(CO)[C@H](C)C[C@@H]3C)C[C@@H]2C)CC[C@H]([C@]2(C)CC[C@]3(C[C@H](O)[C@@H](C)[C@@H]([C@@H](C)[C@@H](OC)[C@H](C)C(=O)O)O3)O2)O1,complete,False
[M+H]+,100.0,False,False,False,False,False,False,False,False,False,True,QTOF,152,0,0,152,6,False,VAL-0079,111,116,116,COc1cccc2c1C(=O)c1c(O)c3c(c(O)c1C2=O)CC(O)(C(=O)CO)CC3OC1CC(N)C(O)C(C)O1,complete,False
[M+H]+,150.0,False,False,False,False,False,False,False,False,False,True,QTOF,159,0,3,159,12,True,VAL-0080,13,16,14,O=C1OCCOC(=O)c2ccc(cc2)C(=O)OCCOC(=O)c2ccc(cc2)C(=O)OCCOC(=O)c2ccc1cc2,complete,False
[M+H]+,10.0,False,False,False,False,False,False,False,False,False,True,QTOF,101,0,0,101,81,False,VAL-0081,47,36,36,O=C1CN(N=Cc2ccc([N+](=O)[O-])o2)C(=O)N1,complete,False
[M+H]+,40.0,False,False,False,False,False,False,False,False,False,True,QTOF,96,0,0,96,19,False,VAL-0082,48,62,62,CCCCCC=CCC=CCCCCCCCC(=O)NC(Cc1ccc(C)cc1)c1ccccc1,complete,False
[M+H]+,40.0,False,True,False,False,True,False,False,True,False,True,QTOF,91,0,0,91,8,False,VAL-0083,5,5,5,COCCCOc1cc(C[C@@H](C[C@H](N)[C@@H](O)C[C@H](C(=O)NCC(C)(C)C(N)=O)C(C)C)C(C)C)ccc1OC,complete,False
[M+H]+,20.0,False,False,False,False,False,False,False,False,False,True,QTOF,66,0,0,66,6,False,VAL-0084,60,66,66,NC[C@H]1O[C@H](O[C@H]2[C@H](O)[C@@H](O[C@H]3O[C@H](CO)[C@@H](O)[C@H](N)[C@H]3O)[C@H](N)C[C@@H]2N)[C@H](O)[C@@H](O)[C@@H]1O,complete,False
[M+H]+,35.0,False,False,False,False,False,False,False,False,False,True,Orbitrap,217,0,0,217,15,False,VAL-0085,181,195,195,CC(=O)N1CCN(c2ccc(OC[C@@H]3CO[C@@](Cn4ccnc4)(c4ccc(Cl)cc4Cl)O3)cc2)CC1,complete,False
[M+H]+,90.0,False,False,False,False,False,False,False,False,False,True,Orbitrap,256,0,0,256,107,False,VAL-0086,25,47,47,CCCCCCCCSC(=O)Oc1cc(Cl)nnc1-c1ccccc1,complete,False
[M+H]+,136.78217999999998,True,True,True,True,True,True,True,True,True,True,Orbitrap,1,0,0,1,1,False,VAL-0087,1,1,1,Nc1c(S(=O)C(F)(F)F)c(C(=O)O)nn1-c1c(Cl)cc(C(F)(F)F)cc1Cl,complete,False
[M+H]+,150.743106,False,True,True,False,True,True,False,True,True,True,Orbitrap,5,0,0,5,1,False,VAL-0088,2,2,2,CC(C)[C@@H]1NC(=O)[C@H](NC(=O)N[C@@H](CCCN=C(N)N)C(=O)O)CCCCNC(=O)[C@H](Cc2ccccc2)NC(=O)[C@H](C)N(C)C(=O)[C@H](CCc2ccc(O)cc2)NC1=O,complete,False
[M+H]+,,True,True,True,True,True,True,True,True,True,True,Orbitrap,5,0,0,5,1,False,VAL-0089,1,1,1,CC(C)C1NC(=O)C(NC(=O)NC(CCCN=C(N)N)C(=O)O)CCCCNC(=O)C(Cc2ccccc2)NC(=O)C(C)N(C)C(=O)C(CCc2ccc(O)cc2)NC1=O,complete,False
[M+H]+,80.28633599999999,False,True,True,False,True,True,False,True,True,True,Orbitrap,3,0,0,3,3,False,VAL-0090,2,2,2,COc1nc(NC(=O)NS(=O)(=O)c2ccccc2C(F)(F)F)nc(C(F)(F)F)n1,complete,False
[M+H]+,51.124188,False,False,False,False,False,False,False,False,False,True,Orbitrap,20,0,0,20,0,False,VAL-0091,12,12,12,CON(C(=O)c1cn(C)nc1C(F)F)C(C)Cc1c(Cl)cc(Cl)cc1Cl,complete,False
[M+H]+,38.796147000000005,False,False,False,False,False,False,False,False,False,True,Orbitrap,76,0,0,76,65,False,VAL-0092,68,67,67,C[C@](O)(CS(=O)(=O)c1ccc(F)cc1)C(=O)Nc1ccc(C#N)c(C(F)(F)F)c1,complete,False
[M+H]+,194.06429999999995,False,True,True,False,True,True,False,True,True,True,Orbitrap,3,0,0,3,0,False,VAL-0093,3,3,3,O=c1c(C2CC(c3ccc(-c4ccc(Br)cc4)cc3)Cc3ccccc32)c(O)sc2ccccc12,complete,False
[M+H]+,27.853674,False,False,False,False,False,False,False,False,False,True,Orbitrap,211,0,0,211,32,False,VAL-0094,132,153,153,COC1CCC2(CC1)NC(=O)C(c1cc(C)ccc1C)=C2OC1OC(CO)C(O)C(O)C1O,complete,False
[M+H]+,30.0,False,True,False,False,True,False,False,True,False,True,Orbitrap,9,0,0,9,9,False,VAL-0095,9,9,9,COC(=O)c1ccc(I)cc1S(=O)(=O)NC(=O)Nc1nc(C)nc(OC)n1,complete,False
[M+H]+,30.0,False,False,False,False,False,False,False,False,False,True,Orbitrap,137,0,0,137,1,False,VAL-0096,97,97,97,C=CCC1C=C(C)CC(C)CC(OC)C2OC(O)(C(=O)C(=O)N3CCCCC3C(=O)OC(C(C)=CC3CCC(O)C(OC)C3)C(C)C(O)CC1=O)C(C)CC2OC,complete,False
[M+H]+,75.0,False,True,True,False,True,False,False,True,False,True,Orbitrap,9,0,0,9,4,False,VAL-0097,3,4,4,COC(=O)c1c(C(F)F)nc(C(F)(F)F)c(C2=NCCS2)c1CC(C)C,complete,False
[M+H]+,67.22595,False,False,False,False,False,False,False,False,False,True,Orbitrap,256,0,0,256,22,False,VAL-0098,47,52,52,COCCOC(=O)C(C#N)(C(=O)c1ccccc1C(F)(F)F)c1ccc(C(C)(C)C)cc1,complete,False
[M+H]+,12.755613,False,True,False,False,True,False,False,True,False,True,Orbitrap,22,0,0,22,0,False,VAL-0099,6,6,6,CCC[C@@H]1C[C@@H](C(=O)NC(C(C)Cl)[C@H]2O[C@H](SC)[C@H](O)[C@@H](O)[C@H]2O)N(C)C1,complete,False
[M+H]+,95.277576,False,False,False,False,False,False,False,False,False,True,Orbitrap,14,0,0,14,8,False,VAL-0100,12,12,12,CCS(=O)c1c(C#N)nn(-c2c(Cl)cc(C(F)(F)F)cc2Cl)c1N,complete,False
[M+H]+,97.772004,False,True,False,False,True,False,False,True,False,True,Orbitrap,12,0,0,12,0,False,VAL-0101,6,6,6,O=c1oc2ccccc2c(O)c1C1CC(c2ccc(OCc3ccc(C(F)(F)F)cc3)cc2)Cc2ccccc21,complete,False
[M+H]+,120.03929999999998,False,False,False,False,False,False,False,False,False,True,Orbitrap,256,0,0,256,6,False,VAL-0102,109,112,112,COC=C(C(=O)OC)c1ccccc1CON=C(C)C=Cc1ccc(Cl)cc1,complete,False
[M+H]+,13.171266,False,False,False,False,False,False,False,False,False,True,Orbitrap,35,0,0,35,0,False,VAL-0103,18,18,18,COc1c(Cl)ccc(-c2nc(C(=O)OCc3ccccc3)c(Cl)c(N)c2F)c1F,complete,False
[M+H]+,94.156254,False,True,False,False,True,False,False,True,False,True,Orbitrap,15,0,0,15,0,False,VAL-0104,8,8,8,O=c1oc2ccccc2c(O)c1C1CC(c2ccc(-c3ccc(Br)cc3)cc2)Cc2ccccc21,complete,False
[M+H]+,24.418608,False,True,False,False,True,False,False,True,False,True,Orbitrap,42,0,0,42,1,False,VAL-0105,6,6,6,CCOCn1c(-c2ccc(Cl)cc2)c(C#N)c(Br)c1C(F)(F)F,complete,False
[M+H]+,30.0,False,False,False,False,False,False,False,False,False,True,Orbitrap,256,0,0,256,208,False,VAL-0106,27,158,158,CCOC(=O)CCN(Cc1ccccc1)SN(C)C(=O)O/N=C(\C)SC,complete,False
[M+H]+,57.09347999999999,False,False,False,False,False,False,False,False,False,True,Orbitrap,256,0,1,256,9,True,VAL-0107,160,165,165,CCc1cc(C)cc(CC)c1C1C(=O)N2CCOCCN2C1=O,complete,False
[M+H]+,56.53097999999999,False,True,True,False,True,True,False,True,True,True,Orbitrap,18,0,0,18,18,False,VAL-0108,3,3,3,CCOP(=S)(OCC)Oc1cc(-c2ccccc2)on1,complete,False
[M+H]+,61.472754,False,False,False,False,False,False,False,False,False,True,Orbitrap,17,0,0,17,17,False,VAL-0109,16,16,16,Cc1cc(C(F)(C(F)(F)F)C(F)(F)F)ccc1NC(=O)c1cccc(I)c1C(=O)NC(C)(C)CS(C)(=O)=O,complete,False
[M+H]+,36.998721,False,False,False,False,False,False,False,False,False,True,Orbitrap,205,0,0,205,172,False,VAL-0110,56,29,29,COC(=O)c1ccccc1CS(=O)(=O)NC(=O)Nc1nc(OC)cc(OC)n1,complete,False
[M+H]+,80.132364,False,False,False,False,False,False,False,False,False,True,Orbitrap,96,0,0,96,3,False,VAL-0111,38,40,40,O=c1oc2ccccc2c(O)c1C1CC(c2ccc(-c3ccccc3)cc2)Cc2ccccc21,complete,False
[M+H]+,60.0,False,False,False,False,False,False,False,False,False,True,Orbitrap,42,0,0,42,36,False,VAL-0112,19,15,15,CC(C)(O/N=C(/C(=O)N[C@@H]1C(=O)N2C(C(=O)[O-])=C(C[n+]3ccccc3)CS[C@H]12)c1csc(N)n1)C(=O)O,complete,False
[M+H]+,15.0,True,True,True,True,True,True,True,True,True,True,Orbitrap,4,0,0,4,4,False,VAL-0113,1,1,1,COC(=O)c1cccc(C)c1S(=O)(=O)NC(=O)Nc1nc(OCC(F)(F)F)nc(N(C)C)n1,complete,False
[M+H]+,15.303102,False,True,True,False,True,True,False,True,True,True,Orbitrap,24,0,0,24,0,False,VAL-0114,3,3,3,CC1(C)C(C=C(Cl)c2ccc(Cl)cc2)C1C(=O)OC(C#N)c1ccc(F)c(Oc2ccccc2)c1,complete,False
[M+H]+,8.758424999999999,False,True,False,False,True,False,False,True,False,True,Orbitrap,4,0,0,4,4,False,VAL-0115,4,4,4,O=S(=O)(CCC(F)=C(F)F)c1ncc(Cl)s1,complete,False
[M+H]+,45.0,False,False,False,False,False,False,False,False,False,True,Orbitrap,256,0,0,256,64,False,VAL-0116,75,105,105,COc1cc2nc(N3CCN(C(=O)C4COc5ccccc5O4)CC3)nc(N)c2cc1OC,complete,False
[M+H]+,70.0,False,True,False,False,False,False,False,False,False,True,Orbitrap,29,0,0,29,15,False,VAL-0117,7,15,15,CCCN(CCOc1c(Cl)cc(O)c(SCC(N)C(=O)O)c1Cl)C(=O)n1ccnc1,complete,False
[M+H]+,27.101961,False,False,False,False,False,False,False,False,False,True,Orbitrap,256,0,0,256,185,False,VAL-0118,132,81,81,CNCc1ccc(CSCCN/C(=C/[N+](=O)[O-])NC)o1,complete,False
[M+H]+,47.755848,False,False,False,False,False,False,False,False,False,True,Orbitrap,256,0,0,256,69,False,VAL-0119,138,189,189,CCOc1nc2cccc(C(=O)O)c2n1Cc1ccc(C(=O)O)cc1,complete,False
[M+H]+,60.0,False,True,False,False,False,False,False,False,False,True,Orbitrap,46,0,0,46,10,False,VAL-0120,10,13,13,CC(=O)N1CCN(c2ccc(OC[C@H]3CO[C@](CNC(=O)CNC=O)(c4ccc(Cl)cc4Cl)O3)cc2)CC1,complete,False
[M+H]+,40.0,False,True,False,False,True,False,False,True,False,True,QTOF,8,0,0,8,8,False,VAL-0121,8,8,8,COc1nn(C(=O)NS(=O)(=O)c2ccccc2OC(F)(F)F)c(=O)n1C,complete,False
[M+H]+,10.0,False,False,False,False,False,False,False,False,False,True,QTOF,256,0,0,256,6,False,VAL-0122,178,183,183,Cc1cc2c(cc1C(F)(F)F)N(C(=O)Nc1ccc(Oc3cccnc3C)nc1)CC2,complete,False
[M+H]+,20.0,False,False,False,False,False,False,False,False,False,True,QTOF,77,0,0,77,39,False,VAL-0123,72,69,69,Nc1nnc(-c2ccc([N+](=O)[O-])o2)o1,complete,False
[M+H]+,10.0,False,False,False,False,False,False,False,False,False,True,QTOF,136,0,0,136,16,False,VAL-0124,76,85,85,O=C(Nc1ccccc1SSc1ccccc1NC(=O)c1ccccc1)c1ccccc1,complete,False
[M+H]+,40.0,False,False,False,False,False,False,False,False,False,True,QTOF,256,0,0,256,182,False,VAL-0125,212,192,192,CSc1ccc(Oc2ccc(S(N)(=O)=O)cc2CN(C)C)cc1C,complete,False
[M+H]+,40.0,False,True,False,False,True,False,False,True,False,True,QTOF,38,0,0,38,2,False,VAL-0126,4,4,4,Cc1cc(F)ccc1-c1cc(N2CCC(O)C2CO)ncc1N(C)C(=O)C(C)(C)c1cc(C(F)(F)F)cc(C(F)(F)F)c1,complete,False
[M+H]+,20.0,False,False,False,False,False,False,False,False,False,True,QTOF,256,0,0,256,170,False,VAL-0127,25,76,76,O=c1n(CC2CO2)c(=O)n(CC2CO2)c(=O)n1CC1CO1,complete,False
[M+H]+,40.0,False,False,False,False,False,False,False,False,False,True,QTOF,31,0,0,31,21,False,VAL-0128,28,26,26,CCN(CC)C(=O)c1cc(S(=O)(=O)Cc2ccccc2)c(N2CCC(c3ccccc3)CC2)cc1N(CC)CCN(C)C,complete,False
[M+H]+,10.0,False,False,False,False,False,False,False,False,False,True,QTOF,256,0,0,256,14,False,VAL-0129,129,138,138,c1ccc2cc(Nc3ccc(Nc4ccc5ccccc5c4)cc3)ccc2c1,complete,False
[M+H]+,40.0,False,False,False,False,False,False,False,False,False,True,QTOF,256,0,1,256,17,True,VAL-0130,32,37,36,CCCCN1C(=O)C(C(O)C2CCCCC2)NC(=O)C12CCN(Cc1ccc(Oc3ccc(C(=O)O)cc3)cc1)CC2,complete,False
[M+H]+,40.0,False,False,False,False,False,False,False,False,False,True,QTOF,256,0,0,256,145,False,VAL-0131,217,183,183,CC(=O)OCCN(CCOC(C)=O)c1ccc(N=Nc2ccc([N+](=O)[O-])cc2C#N)cc1,complete,False
[M+H]+,10.0,False,False,False,False,False,False,False,False,False,True,QTOF,161,0,0,161,24,False,VAL-0132,60,74,74,O=C(CCCCCCCCc1cccnc1)N1CCC(C=C(c2ccccc2)c2ccccc2)CC1,complete,False
[M+H]+,40.0,False,False,False,False,False,False,False,False,False,True,QTOF,203,0,0,203,65,False,VAL-0133,102,150,150,Cc1cc(SC2C(=O)CC(CCc3ccc(N)cc3)(C(C)C)OC2=O)c(C(C)(C)C)cc1CO,complete,False
[M+H]+,20.0,False,False,False,False,False,False,False,False,False,True,QTOF,234,0,0,234,165,False,VAL-0134,95,33,33,CCCOc1ccc(S(=O)(=O)N2CCN(CC)CC2)cc1-c1nc2c(CC)n(Cc3ccccn3)nc2c(=O)[nH]1,complete,False
[M+H]+,40.0,False,False,False,False,False,False,False,False,False,True,QTOF,256,0,0,256,102,False,VAL-0135,125,209,209,CCN(CC)CCNc1ccc(CNC=O)c2sc3ccc(OC)cc3c(=O)c12,complete,False
[M+H]+,10.0,False,False,False,False,False,False,False,False,False,True,QTOF,256,0,0,256,13,False,VAL-0136,96,103,103,Nc1cc2c3c(c1)C(c1ccccc1)=NC(NC(=O)c1cccnc1)C(=O)N3CC2,complete,False
[M+H]+,40.0,False,False,False,False,False,False,False,False,False,True,QTOF,256,0,0,256,11,False,VAL-0137,232,243,243,Fc1ccccc1C(F)COC1CCC(Nc2ncnc3[nH]ncc23)CC1,complete,False
[M+H]+,20.0,False,False,False,False,False,False,False,False,False,True,QTOF,256,0,0,256,10,False,VAL-0138,110,115,115,c1ccc(C(OC2CCCN(CCc3ccc4c(c3)OCO4)C2)c2ccccc2)cc1,complete,False
[M+H]+,40.0,False,False,False,False,False,False,False,False,False,True,QTOF,13,0,0,13,0,False,VAL-0139,11,11,11,CCc1c(C(=O)NN2CCCCC2)nn(-c2ccc(Cl)cc2Cl)c1-c1ccc(Br)cc1,complete,False
[M+H]+,10.0,False,False,False,False,False,False,False,False,False,True,QTOF,256,0,0,256,13,False,VAL-0140,126,132,132,Cc1oc(-c2ccccc2)nc1CCOc1cccc2c1ccn2CCC(=O)O,complete,False
[M+H]+,10.0,False,True,False,False,False,False,False,False,False,True,QTOF,113,0,0,113,55,False,VAL-0141,9,16,16,COc1cc(-c2nc(NC(=O)c3cc4cc(C)cc(C)c4n3CC(=O)O)sc2CCC2CCCCC2)c(OC)cc1Cl,complete,False
[M+H]+,40.0,False,False,False,False,False,False,False,False,False,True,QTOF,256,0,0,256,58,False,VAL-0142,24,31,31,O=C1C=CC(=O)N1c1ccc(Cc2ccc(N3C(=O)C=CC3=O)cc2)cc1,complete,False
[M+H]+,40.0,False,False,False,False,False,False,False,False,False,True,QTOF,256,0,0,256,6,False,VAL-0143,125,127,127,Cc1cc2c3c(c1)C(c1ccccc1)=NC(NC(=O)c1ccncc1)C(=O)N3CC2,complete,False
[M+H]+,10.0,False,False,False,False,False,False,False,False,False,True,QTOF,256,0,0,256,6,False,VAL-0144,250,256,256,CC(C)(c1ccc(Oc2ccc(N)cc2)cc1)c1ccc(Oc2ccc(N)cc2)cc1,complete,False
[M+H]+,40.0,False,False,False,False,False,False,False,False,False,True,QTOF,256,0,0,256,14,False,VAL-0145,123,134,134,CCOc1ccc2c(n1)C(=O)C(C(=O)NCc1ccccc1)C=N2,complete,False
[M+H]+,20.0,False,False,False,False,False,False,False,False,False,True,QTOF,251,0,0,251,17,False,VAL-0146,99,108,108,Cc1nc(-c2ccc3c(c2)CCN(CCC2CCC(NC(=O)/C=C/c4ccc(F)cc4)CC2)CC3)no1,complete,False
[M+H]+,10.0,False,True,False,False,False,False,False,False,False,True,QTOF,47,0,0,47,42,False,VAL-0147,5,40,40,CCOC(=O)OC(C)OC(=O)c1ccc2c(c1)cc(C(=O)NC1CCN(C(C)C)CC1)n2Cc1cc(-c2ccc(Cl)s2)on1,complete,False
[M+H]+,10.0,False,False,False,False,False,False,False,False,False,True,QTOF,256,0,0,256,173,False,VAL-0148,201,175,175,Cc1ccc(NN=c2c(=O)ccc(=NNc3ccc(S(=O)(=O)O)cc3)c2=O)c(C)c1,complete,False
[M+H]+,40.0,False,False,False,False,False,False,False,False,False,True,QTOF,256,0,0,256,8,False,VAL-0149,132,134,134,Cc1cc(CCN2CCN(c3nsc4ccccc34)CC2)cc2c1NC(=O)CC2(C)C,complete,False
[M+H]+,10.0,False,False,False,False,False,False,False,False,False,True,QTOF,162,0,0,162,24,False,VAL-0150,85,103,103,O=C(NC(=O)c1cc(F)c(F)cc1Cl)Nc1cc(F)ccc1N1CCC(C(=O)O)CC1,complete,False
[M+H]+,10.0,False,False,False,False,False,False,False,False,False,True,QTOF,220,0,0,220,182,False,VAL-0151,209,209,209,COc1cc(C(C)C)c2c(c1)S(=O)(=O)N(COc1cc(=O)n3cccc(OCCN4CCCCC4)c3n1)C2=O,complete,False
[M+H]+,20.0,False,True,True,False,True,True,False,True,True,True,QTOF,10,0,0,10,9,False,VAL-0152,3,2,2,O=C(Nc1ccc2c(O)c(N=Nc3ccc(N=Nc4ccc(S(=O)(=O)O)cc4)cc3)c(S(=O)(=O)O)cc2c1)c1ccccc1,complete,False
[M+H]+,10.0,False,True,True,False,True,True,False,True,True,True,QTOF,2,0,0,2,0,False,VAL-0153,2,2,2,O=C(O)c1ccccc1-n1cc(C(=O)O)c(=O)c2cc(Nc3c(F)cc(F)cc3Cl)c(Cl)cc21,complete,False
[M+H]+,45.969132,False,True,False,False,True,False,False,True,False,True,Orbitrap,164,0,0,164,18,False,VAL-0154,5,6,6,COc1cc(C)c2c(=O)c3c(oc2c1)C(=O)c1c(O)c(OC)cc(O)c1C3=O,complete,False
[M+H]+,25.216536,False,False,False,False,False,False,False,False,False,True,Orbitrap,256,0,0,256,3,False,VAL-0155,221,222,222,CN1CC2CC3CCC(=O)C4C5C=C(CCC5=O)CC1CN2C34,complete,False
[M+H]+,53.90973,False,False,False,False,False,False,False,False,False,True,Orbitrap,81,0,6,81,2,True,VAL-0156,46,50,48,Cc1cc(O)c2c(c1)C(=O)c1c(c(O)cc(O)c1-c1c(O)cc(O)c3c1C(=O)c1cc(C)cc(O)c1C3=O)C2=O,complete,False
[M+H]+,21.20986,False,False,False,False,False,False,False,False,False,True,Orbitrap,36,0,0,36,4,False,VAL-0157,30,34,34,CCC(C)C1NC(=O)C(CC(C)C)NC(=O)C(C(C)C)NC(=O)C2CSSCC(NC1=O)C(=O)N2,complete,False
[M+H]+,13.087446,False,False,False,False,False,False,False,False,False,True,Orbitrap,256,0,0,256,13,False,VAL-0158,53,56,56,CC(C)(O)C1OC2CCC3(C)C(O)(CCC4Cc5c([nH]c6ccccc56)C43C)C2=CC1=O,complete,False
[M+H]+,43.22738400000001,False,False,False,False,False,False,False,False,False,True,Orbitrap,256,0,0,256,8,False,VAL-0159,214,222,222,CC1CCN2CC34CC5(CC(=O)N(C)C5=O)C(C)(C)C3CC12C(=O)N4C,complete,False
[M+H]+,57.51184,False,False,False,False,False,False,False,False,False,True,Orbitrap,162,0,1,162,7,True,VAL-0160,95,99,98,COC1=C(C2=C(OC)C(=O)c3cc4c(c(O)c3C2=O)C(=O)OC(C)C4)C(=O)c2c(cc3c(c2O)C(=O)OC(C)C3)C1=O,complete,False
[M+H]+,33.668346,False,False,False,False,False,False,False,False,False,True,Orbitrap,72,0,0,72,6,False,VAL-0161,29,31,31,COC1=C(c2c(OC)cc3cc4c(c(O)c3c2O)C(=O)OC(C)C4)C(=O)c2c(cc3c(c2O)C(=O)OC(C)C3)C1=O,complete,False
[M+H]+,70.64008,False,False,False,False,False,False,False,False,False,True,Orbitrap,36,0,0,36,4,False,VAL-0162,13,14,14,CCCCC(C)C(OC(=O)CC(CC(=O)O)C(=O)O)C(CC(C)CC(O)CCCCCCC(O)C(C)N)OC(=O)CC(CC(=O)O)C(=O)O,complete,False
[M+H]+,45.0,False,False,False,False,False,False,False,False,False,True,Orbitrap,256,0,0,256,4,False,VAL-0163,71,72,72,CCc1nn(C2CCCCC2)c2cc(C3(C#N)CCC(C(=O)O)CC3)ccc12,complete,False
[M+H]+,30.0,False,False,False,False,False,False,False,False,False,True,Orbitrap,256,0,0,256,12,False,VAL-0164,91,95,95,Nc1cc2c3c(c1)C(c1ccccc1)=N[C@@H](NC(=O)c1cccnc1)C(=O)N3CC2,complete,False
[M+H]+,15.0,False,False,False,False,False,False,False,False,False,True,Orbitrap,256,0,0,256,53,False,VAL-0165,45,56,56,O=c1n(CCO)c(=O)n(CCO)c(=O)n1CCO,complete,False
[M+H]+,45.0,False,False,False,False,False,False,False,False,False,True,Orbitrap,256,0,0,256,21,False,VAL-0166,228,248,248,CC#C[C@]1(O)CC[C@H]2[C@@H]3CCC4=CC(=O)CCC4=C3[C@@H](c3ccc(N(C)C)cc3)C[C@@]21C,complete,False
[M+H]+,15.0,False,False,False,False,False,False,False,False,False,True,Orbitrap,256,0,0,256,44,False,VAL-0167,127,153,153,C=CCOc1nc(OCC=C)nc(OCC=C)n1,complete,False
[M+H]+,60.0,False,False,False,False,False,False,False,False,False,True,Orbitrap,256,0,0,256,5,False,VAL-0168,124,128,128,Cc1nn(C)c(Oc2ccccc2)c1C=NOCc1ccc(C(=O)OC(C)(C)C)cc1,complete,False
[M+H]+,60.0,True,True,True,False,True,False,False,True,False,True,Orbitrap,47,0,0,47,42,False,VAL-0169,1,8,8,CCOC(=O)O[C@H](C)OC(=O)c1ccc2c(c1)cc(C(=O)NC1CCN(C(C)C)CC1)n2Cc1cc(-c2ccc(Cl)s2)on1,complete,False
[M+H]+,30.0,False,True,False,False,True,False,False,True,False,True,Orbitrap,16,0,0,16,1,False,VAL-0170,8,8,8,CC1(C)CN=C(NN=C(/C=C/c2ccc(C(F)(F)F)cc2)/C=C/c2ccc(C(F)(F)F)cc2)NC1,complete,False
[M+H]+,,True,True,True,True,True,True,True,True,True,True,Orbitrap,16,0,0,16,1,False,VAL-0171,1,1,1,CC1(C)CN=C(NN=C(C=Cc2ccc(C(F)(F)F)cc2)C=Cc2ccc(C(F)(F)F)cc2)NC1,complete,False
[M+H]+,45.0,False,False,False,False,False,False,False,False,False,True,Orbitrap,212,0,0,212,7,False,VAL-0172,66,66,66,CC(C)(O)c1cnn2c(-c3ccc(F)c(-c4c(F)cccc4C#N)c3)cnc2n1,complete,False
[M+H]+,15.0,False,True,False,False,True,False,False,True,False,True,Orbitrap,203,0,0,203,65,False,VAL-0173,4,5,5,Cc1cc(SC2=C(O)C[C@@](CCc3ccc(N)cc3)(C(C)C)OC2=O)c(C(C)(C)C)cc1CO,complete,False
[M+H]+,60.0,False,False,False,False,False,False,False,False,False,True,Orbitrap,256,0,0,256,14,False,VAL-0174,30,31,31,Cc1cc2c3c(c1)C(c1ccccc1)=N[C@@H](NC(=O)c1ccncc1)C(=O)N3CC2,complete,False
[M+H]+,60.0,False,False,False,False,False,False,False,False,False,True,Orbitrap,256,0,0,256,8,False,VAL-0175,193,199,199,c1ccc(C(O[C@@H]2CCCN(CCc3ccc4c(c3)OCO4)C2)c2ccccc2)cc1,complete,False
[M+H]+,75.0,False,False,False,False,False,False,False,False,False,True,Orbitrap,256,0,0,256,14,False,VAL-0176,177,187,187,CCCCc1ccc2c(n1)[C@@H](c1ccc(OC)cc1C[C@H](C)C(=O)O)[C@H](C(=O)O)[C@H]2c1ccc2c(c1)OCO2,complete,False
[M+H]+,15.0,False,False,False,False,False,False,False,False,False,True,Orbitrap,256,0,1,256,13,True,VAL-0177,38,43,42,CCCCN1C(=O)[C@@H]([C@H](O)C2CCCCC2)NC(=O)C12CCN(Cc1ccc(Oc3ccc(C(=O)O)cc3)cc1)CC2,complete,False
[M+H]+,30.0,False,True,True,False,False,False,False,False,False,True,Orbitrap,69,0,0,69,55,False,VAL-0178,3,12,12,COc1cc(OC)nc(Oc2cccc(Oc3nc(OC)cc(OC)n3)c2C(=O)O)n1,complete,False
[M+H]+,90.0,False,False,False,False,False,False,False,False,False,True,Orbitrap,256,0,0,256,22,False,VAL-0179,95,105,105,CCOc1ccc2[nH]cc(C(=O)NCc3ccccc3)c(=O)c2n1,complete,False
[M+H]+,45.0,False,False,False,False,False,False,False,False,False,True,Orbitrap,71,0,0,71,6,False,VAL-0180,48,51,51,CCN(Cc1cccnc1)C(=O)c1cccc(Cl)c1[C@]1(C)C(=O)N(Cc2ccc(OC)cc2OC)c2ccc(Cl)cc21,complete,False
[M+H]+,50.0,False,False,False,False,False,False,False,False,False,True,QTOF,256,0,0,256,1,False,VAL-0181,218,218,218,C[C@@H]1O[C@@H](O[C@H]2[C@H](O[C@H]3[C@H](O[C@H]4CC[C@@]5(C)[C@@H](CC[C@]6(C)[C@@H]5CC=C5[C@@H]7CC(C)(C)C[C@@H](O)[C@]7(C)CC[C@]56C)[C@@]4(C)CO)O[C@H](C(=O)O)[C@@H](O)[C@@H]3O)O[C@H](CO)[C@H](O)[C@@H]2O)[C@H](O)[C@H](O)[C@H]1O,complete,False
[M+H]+,80.0,False,False,False,False,False,False,False,False,False,True,QTOF,211,0,0,211,6,False,VAL-0182,123,126,126,CC(C)=C1OC(=O)N(c2cc(OC3CCCC3)c(Cl)cc2F)C1=O,complete,False
[M+H]+,40.0,False,False,False,False,False,False,False,False,False,True,QTOF,256,0,4,256,2,True,VAL-0183,85,88,87,O=C(OCCO)c1ccc(C(=O)OCCOC(=O)c2ccc(C(=O)OCCO)cc2)cc1,complete,False
[M+H]+,39.308220535,True,True,True,True,True,True,True,True,True,True,Orbitrap,4,0,0,4,4,False,VAL-0184,1,1,1,Cc1cc2nc3c(=O)[nH]c(=O)nc-3n(C[C@H](O)[C@H](O)[C@H](O)COP(=O)(O)OP(=O)(O)OC[C@H]3O[C@@H](n4cnc5c(N)ncnc54)[C@H](O)[C@@H]3O)c2cc1C,complete,False
[M+H]+,27.31349,False,False,False,False,False,False,False,False,False,True,Orbitrap,176,0,0,176,16,False,VAL-0185,55,61,61,COC(=O)C[C@](O)(CCCC(C)(C)O)C(=O)O[C@@H]1C(OC)=C[C@]23CCCN2CCc2cc4c(cc2[C@H]13)OCO4,complete,False
[M+H]+,6.0,False,False,False,False,False,False,False,False,False,True,QTOF,105,0,0,105,2,False,VAL-0186,62,64,64,CC1C(=O)OC2C(O)C34C5OC(=O)C3(OC3OC(=O)C(O)C34C(C(C)(C)C)C5O)C12O,complete,False
[M+H]+,6.0,False,False,False,False,False,False,False,False,False,True,QTOF,27,0,0,27,2,False,VAL-0187,17,17,17,CCC(C)C(=O)OC1C(O)C2C(CN3CC(C)CCC3C2(C)O)C2CC34OC5(O)C(OC(=O)C(C)(O)C(C)O)CCC3(C)C5CC(O)C4C21O,complete,False
[M+H]+,6.0,False,False,False,False,False,False,False,False,False,True,QTOF,256,0,0,256,34,False,VAL-0188,71,81,81,CCN1C[C@@]2(COC)CC[C@H](O)[C@@]34C5C[C@H]6C(O)C5[C@](O)(C[C@@H]6OC)C(CC23)C14,complete,False
[M+H]+,6.0,False,False,False,False,False,False,False,False,False,True,QTOF,256,0,6,256,14,True,VAL-0189,99,109,105,C[C@@H]1C(=O)O[C@H]2[C@H](O)[C@@]34[C@H]5C[C@@H](C(C)(C)C)[C@]36[C@@H](OC(=O)[C@@H]6O)O[C@@]4(C(=O)O5)[C@@]12O,complete,False
[M+H]+,6.0,False,False,False,False,False,False,False,False,False,True,QTOF,108,0,0,108,1,False,VAL-0190,100,101,101,C[C@H]1CC[C@@H]2[C@@H](C)[C@H]3[C@H](C[C@H]4[C@@H]5CC=C6C[C@@H](O[C@@H]7O[C@H](CO)[C@H](O)[C@H](O[C@@H]8O[C@H](CO)[C@@H](O)[C@H](O)[C@H]8O)[C@H]7O[C@@H]7O[C@@H](C)[C@H](O)[C@@H](O)[C@H]7O)CC[C@]6(C)[C@H]5CC[C@]34C)N2C1,complete,False
[M+H]+,6.0,False,False,False,False,False,False,False,False,False,True,QTOF,18,0,0,18,0,False,VAL-0191,13,13,13,CCC(C)C(=O)OC1C(O)C2C(CN3CC(C)CCC3C2(C)O)C2CC34OC5(O)C(OC(=O)C(C)(O)C(C)OC(C)=O)CCC3(C)C5CC(O)C4C21O,complete,False
[M+H]+,6.0,False,False,False,False,False,False,False,False,False,True,QTOF,58,0,0,58,0,False,VAL-0192,45,45,45,C[C@H]1CC[C@@H]2[C@@H](C)[C@H]3[C@H](C[C@H]4[C@@H]5CC=C6C[C@@H](O[C@@H]7O[C@H](CO)[C@H](O[C@@H]8O[C@@H](C)[C@H](O)[C@@H](O)[C@H]8O)[C@H](O)[C@@H]7O[C@@H]7O[C@@H](C)[C@@H](O)[C@@H](O)[C@H]7O)CC[C@]6(C)[C@H]5CC[C@]34C)N2C1,complete,False
[M+H]+,6.0,False,False,False,False,False,False,False,False,False,True,QTOF,181,0,0,181,0,False,VAL-0193,109,109,109,CC1OC(OC2C(COC3OC(CO)C(O)C(O)C3O)OC(OC3CCC4(C)C(CCC5(C)C4C=CC4=C6CC(C)(C)CCC6(CO)C(O)CC45C)C3(C)C)C(O)C2O)C(O)C(O)C1O,complete,False
[M+H]+,6.0,False,False,False,False,False,False,False,False,False,True,QTOF,135,0,0,135,0,False,VAL-0194,45,45,45,C[C@H]1[C@H](C)CC[C@]2(C(=O)O[C@@H]3O[C@H](CO[C@@H]4O[C@H](CO)[C@@H](O[C@@H]5O[C@@H](C)[C@H](O)[C@@H](O)[C@H]5O)[C@H](O)[C@H]4O)[C@@H](O)[C@H](O)[C@H]3O)CC[C@@]3(C)C(=CC[C@@H]4[C@@]5(C)C[C@@H](O)[C@H](O)[C@@](C)(CO)[C@@H]5[C@H](O)C[C@]43C)[C@H]12,complete,False
[M+H]+,6.0,False,False,False,False,False,False,False,False,False,True,QTOF,256,0,0,256,0,False,VAL-0195,11,11,11,CC1(C)CC(=O)C2(C)CCC3(C)C(=CCC4C5(C)CCC(OC6OC(C(=O)O)C(O)C(O)C6OC6OC(CO)C(O)C(O)C6OC6OC(CO)C(O)C(O)C6O)C(C)(CO)C5CCC43C)C2C1,complete,False
[M+H]+,6.0,False,False,False,False,False,False,False,False,False,True,QTOF,256,0,0,256,0,False,VAL-0196,168,168,168,CC1CCC2(C(=O)OC3OC(COC4OC(CO)C(OC5OC(C)C(O)C(O)C5O)C(O)C4O)C(O)C(O)C3O)CCC3(C)C(=CCC4C5(C)CC(O)C(O)C(C)(CO)C5CCC43C)C2C1C,complete,False
[M+H]+,6.0,False,False,False,False,False,False,False,False,False,True,QTOF,256,0,0,256,1,False,VAL-0197,177,178,178,CC1(C)CC[C@]2(C(=O)O[C@@H]3O[C@H](CO)[C@@H](O)[C@H](O)[C@H]3O)CC[C@]3(C)C(=CC[C@@H]4[C@@]5(C)CC[C@H](O[C@@H]6O[C@H](C(=O)O)[C@@H](O)[C@H](O)[C@H]6O[C@@H]6O[C@H](CO)[C@@H](O)[C@H](O)[C@H]6O)C(C)(C)[C@@H]5CC[C@]43C)[C@@H]2C1,complete,False
[M+H]+,6.0,False,False,False,False,False,False,False,False,False,True,QTOF,92,0,0,92,6,False,VAL-0198,86,92,92,COC(=O)C1=C2Nc3ccccc3C23CCN2C4OC56C7CC4(CN5c4c(OC)cccc4C64CCN5CCC6OCCC6(C7)C54)C4OCCC4(C1)C23,complete,False
[M+H]+,6.0,False,False,False,False,False,False,False,False,False,True,QTOF,233,0,0,233,12,False,VAL-0199,97,100,100,CCN1C[C@]2(CO)CC[C@H](OC)[C@]34C1[C@](O)([C@@H](OC)[C@H]23)[C@@]1(O)C[C@H](OC)[C@H]2C[C@@H]4[C@@H]1[C@H]2OC,complete,False
